ACCOUNT_ID,INIT_BALANCE,IS_MULE,in_tx_count,out_tx_count,in_out_ratio,unique_in_counterparties,unique_out_counterparties,unique_total_counterparties,counterparty_reuse_ratio,pass_through_ratio,fan_in_score,fan_out_score,amount_sum,amount_mean,amount_std,amount_max,amount_cv,amount_in_sum,amount_out_sum,amount_in_out_ratio,first_tx_step,last_tx_step,active_span_steps,tx_per_active_step,max_step_tx_count,max_step_amount,burst_tx_ratio,burst_amount_ratio,median_inter_tx_gap_steps,rapid_in_out_count,two_hop_out_count,two_hop_in_count,cycle_count_2hop,shared_counterparty_count,chain_middle_score,sink_score,source_score,simple_anomaly_score,simple_rule_score
132,204.56,0,256,25,10.24,6,5,10,0.9644128113879004,0.0889679715302491,0.9110320284697508,0.0889679715302491,12168847.1,43305.505693950174,252479.08646942367,2535886.5,5.830184463235476,2860721.02,9308126.08,0.3073358692623124,0,199,200,1.405,4,2536474.99,0.0142348754448398,0.208440041127643,1.0,58,42,32,1,1,2.0,0.829979356897709,0.0079152999582072,0.6452903232708322,0.18
339,309.28,0,47,16,2.9375,4,6,10,0.8412698412698413,0.2539682539682539,0.746031746031746,0.2539682539682539,17187183.080000002,272812.42984126986,661371.4100767961,3104720.25,2.424271542398567,6895883.95,10291299.13,0.6700693336080301,0,194,195,0.3230769230769231,2,3104730.47,0.0317460317460317,0.1806421945672321,2.0,5,32,24,0,0,2.4,0.5565633660871756,0.0644998740236835,0.4886027458242347,0.08
848,444.01,0,82,180,0.4555555555555555,4,1,5,0.9809160305343512,0.3129770992366412,0.3129770992366412,0.6870229007633588,87453.26,333.7910687022901,168.5145610160451,444.01,0.5048504193692015,7531.46,79921.8,0.0942353650693552,0,199,200,1.31,3,638.6,0.0114503816793893,0.0073021863335912,1.0,158,1,38,0,0,0.8,0.0979546646465823,0.4720004661733,0.5744338560057545,0.08
946,580.11,0,200,179,1.11731843575419,11,1,12,0.9683377308707124,0.4722955145118733,0.5277044854881267,0.4722955145118733,1533894.22,4047.214300791557,70951.35784743167,1383131.5,17.530912023500942,1430056.32,103837.9,13.772007330656724,1,199,199,1.9045226130653263,4,1383711.6,0.0105540897097625,0.902090627866112,0.0,388,1,73,0,0,0.9166666666666666,0.2784720240042885,0.2230630530280351,0.7411589585874025,0.2
243,504.17,0,63,180,0.35,3,1,3,0.9876543209876544,0.2592592592592592,0.2592592592592592,0.7407407407407407,103677.89,426.6579835390946,146.7603180984624,504.17,0.3439764958365411,12927.29,90750.6,0.1424485347755276,1,199,199,1.221105527638191,3,863.52,0.0123456790123456,0.0083288732052706,1.0,126,0,31,1,1,0.0,0.0672153635116598,0.5486968449931412,0.5542938176095109,0.08
84,341.06,0,20,20,1.0,1,1,2,0.95,0.5,0.5,0.5,8903.4,222.585,118.465,341.05,0.5322236448997013,2082.4,6821.0,0.3052924791086351,8,198,191,0.2094240837696335,1,341.05,0.025,0.0383055911224925,5.0,6,5,6,0,0,0.5,0.25,0.25,0.351287037070617,0.08
880,208.99,0,323,23,14.043478260869565,10,1,10,0.9710982658959536,0.0664739884393063,0.9335260115606936,0.0664739884393063,1633627.77,4721.467543352601,69093.19039578491,1267579.25,14.633837839902526,1628821.0,4806.77,338.859774859209,1,199,199,1.7386934673366834,5,1268409.47,0.0144508670520231,0.7764372602456433,1.0,52,19,76,1,1,0.0,0.8714708142604162,0.004418791139029,0.641936191810976,0.08
983,201.82,0,504,15,33.6,22,1,23,0.9556840077071292,0.0289017341040462,0.9710982658959536,0.0289017341040462,21257562.98,40958.69552986512,486637.81061441806,9090946.0,11.881184308215705,21254535.68,3027.3,7020.954540349487,0,199,200,2.595,6,9091610.64,0.0115606936416184,0.4276882843322052,0.0,78,4,132,0,0,0.9565217391304348,0.9430318420261284,0.0008353102342209,0.7772683973688612,0.18
51,489.59,0,18,180,0.1,1,1,2,0.98989898989899,0.0909090909090909,0.0909090909090909,0.9090909090909092,88410.42,446.5172727272728,136.17630044046905,489.58,0.3049743173622845,286.02,88124.4,0.003245639119245,0,199,200,0.99,2,505.47,0.0101010101010101,0.0057173125068289,1.0,33,3,4,0,0,0.5,0.0082644628099173,0.8264462809917354,0.4811272460155911,0.08
604,152.61,0,76,152,0.5,4,8,12,0.9473684210526316,0.3333333333333333,0.3333333333333333,0.6666666666666666,8776.56,38.49368421052631,45.37301704648124,144.05,1.1787132870507036,5877.92,2898.64,2.0278199431457518,1,199,199,1.1457286432160805,9,167.62999999999997,0.0394736842105263,0.019099738394086,0.0,24,35,24,0,0,2.6666666666666665,0.1111111111111111,0.4444444444444445,0.5065165550470953,0.08
653,405.11,0,61,176,0.3465909090909091,5,1,6,0.9746835443037974,0.2573839662447257,0.2573839662447257,0.7426160337552743,8425498.34,35550.625907172995,376072.7129089442,5037828.5,10.578511722716662,8354200.74,71297.6,117.17365998294471,3,199,197,1.2030456852791878,3,5038233.6,0.0126582278481012,0.5979745525651602,1.0,94,1,26,0,0,0.8333333333333334,0.0662465060798661,0.5514785735904147,0.6424557033068726,0.08
568,155.82,0,23,160,0.14375,4,8,12,0.9344262295081968,0.1256830601092896,0.1256830601092896,0.8743169398907104,513478.74,2805.894754098362,21174.2661316024,234984.21,7.546350803313177,488547.54,24931.2,19.59582932229496,3,199,197,0.9289340101522844,8,234984.21,0.0437158469945355,0.4576318193816554,0.0,16,38,33,0,0,2.6666666666666665,0.0157962315984353,0.7644301113798561,0.5143084227081876,0.08
295,295.82,0,241,18,13.38888888888889,4,1,4,0.9845559845559846,0.0694980694980695,0.9305019305019304,0.0694980694980695,105592.28,407.6922007722007,186.97982710596736,525.79,0.4586298848783789,100267.52,5324.76,18.83042991609011,0,199,200,1.295,3,821.6099999999999,0.0115830115830115,0.0077809665630858,1.0,36,32,38,1,1,0.0,0.8658338426678196,0.0048299816639584,0.5275018743917366,0.08
148,583.7,0,23,180,0.1277777777777777,3,1,3,0.9852216748768472,0.1133004926108374,0.1133004926108374,0.8866995073891626,747993.5700000001,3684.69738916256,39917.93348118595,568346.5,10.833436036997954,642927.57,105066.0,6.119273313916965,0,199,200,1.015,2,568346.5,0.0098522167487684,0.7598280557411743,1.0,45,14,23,1,1,0.0,0.0128370016258584,0.7862360164041836,0.534014656094508,0.08
379,165.61,0,61,120,0.5083333333333333,4,6,10,0.9447513812154696,0.3370165745856354,0.3370165745856354,0.6629834254143646,52355.490000000005,289.25685082872934,1852.0930088411787,25136.09,6.402935673035498,32482.29,19873.2,1.6344770847171064,3,196,194,0.9329896907216496,8,26261.71,0.0441988950276243,0.5016037477636061,0.0,246,55,25,0,0,2.4,0.1135801715454351,0.4395470223741644,0.5099056412269208,0.08
76,175.76,0,5,80,0.0625,1,4,5,0.9411764705882352,0.0588235294117647,0.0588235294117647,0.9411764705882352,683184.53,8037.46505882353,57100.21291071734,521296.56,7.104256440658827,669124.53,14060.0,47.59064935988621,6,196,191,0.4450261780104712,4,521296.56,0.0470588235294117,0.7630391747892769,0.0,0,34,2,0,0,0.8,0.0034602076124567,0.8858131487889274,0.4117141748198292,0.08
158,488.46,0,61,177,0.3446327683615819,3,1,4,0.9831932773109244,0.2563025210084033,0.2563025210084033,0.7436974789915967,95525.9,401.3693277310923,157.17124273621283,488.45,0.3915875775179157,9070.25,86455.65,0.1049121717319805,4,199,196,1.2142857142857142,3,755.86,0.0126050420168067,0.0079126184626368,1.0,115,3,23,0,0,0.75,0.065690982275263,0.5530859402584564,0.5509907439415839,0.08
508,120.48,0,46,108,0.4259259259259259,5,6,11,0.9285714285714286,0.2987012987012987,0.2987012987012987,0.7012987012987013,2306518.46,14977.392597402595,174732.3670659304,2174979.25,11.66640761598469,2304350.9,2167.56,1063.1082415250328,7,197,191,0.806282722513089,6,2174979.25,0.0389610389610389,0.9429706667077792,0.0,12,32,51,0,0,2.727272727272727,0.0892224658458424,0.4918198684432451,0.5584345702621781,0.08
142,420.18,0,74,176,0.4204545454545454,4,1,4,0.984,0.296,0.296,0.704,16863087.57,67452.35028,467807.5334134092,5410646.0,6.935377810728661,16789137.65,73949.92,227.0338852293552,0,199,200,1.25,4,5411076.55,0.016,0.3208829063798783,1.0,139,17,44,1,1,0.0,0.087616,0.4956159999999999,0.6715194318648631,0.08
589,325.78,1,93,22,4.227272727272728,7,2,9,0.9217391304347826,0.1913043478260869,0.808695652173913,0.1913043478260869,5777229.23,50236.77591304348,439213.936432212,4667506.0,8.742876676490189,5770383.6,6845.629999999999,842.9295185395647,2,198,197,0.583756345177665,4,4667522.55,0.0347826086956521,0.8079171457768172,1.0,25,36,49,0,0,1.5555555555555556,0.6539886578449905,0.0365973534971644,0.5126943786648525,0.18
336,229.27,0,87,24,3.625,5,6,11,0.9009009009009008,0.2162162162162162,0.7837837837837838,0.2162162162162162,14284021.3,128684.8765765766,569263.8282703307,4251660.0,4.4237041944208455,518000.85,13766020.45,0.0376289467156791,4,199,196,0.5663265306122449,2,4251682.8,0.018018018018018,0.2976530705677399,1.0,18,52,25,0,0,2.727272727272727,0.6143170197224251,0.0467494521548575,0.5328092421149782,0.08
861,138.41,0,292,300,0.9733333333333334,7,15,21,0.964527027027027,0.4932432432432432,0.4932432432432432,0.5067567567567568,159487.24000000002,269.4041216216216,210.093915183666,583.7,0.77984669989104,117964.24,41523.0,2.8409373118512637,0,199,200,2.96,17,2762.040000000001,0.0287162162162162,0.0173182506638148,0.0,1200,137,69,1,1,4.0,0.2432888970051132,0.2568024105186268,0.7971561062256126,0.2
210,146.69,0,41,110,0.3727272727272727,3,5,8,0.9470198675496688,0.271523178807947,0.271523178807947,0.7284768211920529,2025549.87,13414.23754966888,156981.37990108551,1934256.75,11.702594301005238,2022323.57,3226.3,626.8244025664075,2,198,197,0.766497461928934,6,1934256.75,0.0397350993377483,0.9549292163317608,0.0,10,36,28,0,0,1.875,0.0737248366299723,0.5306784790140783,0.5429677140048236,0.08
276,128.95,0,225,120,1.875,5,6,10,0.9710144927536232,0.3478260869565217,0.6521739130434783,0.3478260869565217,2557443.24,7412.878956521738,91764.30085172398,1369097.75,12.379036726478738,2541970.44,15472.8,164.286389018148,1,199,199,1.7336683417085428,8,1369546.52,0.0231884057971014,0.5355139455607233,1.0,246,38,41,1,1,2.0,0.4253308128544423,0.1209829867674858,0.7068991982088881,0.08
69,129.03,0,184,80,2.3,3,4,6,0.9772727272727272,0.303030303030303,0.696969696969697,0.303030303030303,806693.67,3055.657840909091,39560.0564493854,642875.56,12.946494178685876,796372.0700000001,10321.6,77.15587408928849,0,199,200,1.32,5,643389.65,0.0189393939393939,0.7975637765944041,1.0,164,18,26,1,1,1.0,0.4857667584940313,0.0918273645546372,0.619957056560337,0.08
149,433.88,0,35,180,0.1944444444444444,2,1,3,0.986046511627907,0.1627906976744186,0.1627906976744186,0.8372093023255814,80728.3,375.480465116279,134.00055615909383,433.88,0.3568775704951693,2629.9,78098.4,0.0336741853866404,0,199,200,1.075,2,450.62,0.0093023255813953,0.0055819334731438,1.0,47,3,6,0,0,0.6666666666666666,0.0265008112493239,0.7009194159004867,0.5073958886718904,0.08
154,569.08,0,21,179,0.1173184357541899,2,1,2,0.99,0.105,0.105,0.895,820160.29,4100.801449999999,41371.118582477415,576856.56,10.088544663013964,718294.9700000001,101865.32,7.051418186287542,2,199,198,1.0101010101010102,2,577425.64,0.01,0.7040399871103245,1.0,34,3,40,1,1,0.0,0.0110249999999999,0.801025,0.5334633410116353,0.08
660,168.63,0,314,180,1.7444444444444445,8,9,16,0.9676113360323888,0.3643724696356275,0.6356275303643725,0.3643724696356275,136634.59,276.58823886639675,141.64979143685628,458.2,0.512132374165334,106281.19,30353.4,3.50145914460983,0,199,200,2.47,12,2504.3,0.0242914979757085,0.0183284481623577,0.0,693,70,41,1,1,3.5,0.4040223573571112,0.1327672966283663,0.7280069273882487,0.2
741,473.74,0,53,180,0.2944444444444444,3,1,3,0.9871244635193132,0.2274678111587982,0.2274678111587982,0.7725321888412017,91457.19,392.5201287553648,153.52973350442744,473.73,0.3911384977663494,6185.79,85271.40000000001,0.0725423764591644,0,199,200,1.165,3,685.4100000000001,0.0128755364806866,0.0074943260338525,1.0,106,11,34,1,1,0.0,0.0517416051133747,0.5968059827957781,0.5369061106799518,0.08
175,195.31,1,11,121,0.0909090909090909,3,6,9,0.931818181818182,0.0833333333333333,0.0833333333333333,0.9166666666666666,5788131.930000001,43849.48431818181,248557.0716767856,1934196.62,5.668414932162007,5764682.67,23449.26,245.83644302634707,6,196,191,0.6910994764397905,7,1934196.62,0.053030303030303,0.3341659525718516,0.0,42,37,12,0,0,2.0,0.0069444444444444,0.8402777777777777,0.5127416045806245,0.18
177,128.79,0,20,100,0.2,1,5,6,0.95,0.1666666666666666,0.1666666666666666,0.8333333333333334,15590.6,129.92166666666665,2.5528442743122577,135.63,0.0196491034929682,2712.6,12878.0,0.2106382978723404,2,194,193,0.6217616580310881,5,643.9,0.0416666666666666,0.0413005272407732,0.0,0,47,15,0,0,0.8333333333333334,0.0277777777777777,0.6944444444444445,0.3928785630306469,0.08
853,496.18,0,106,176,0.6022727272727273,7,1,8,0.9716312056737588,0.375886524822695,0.375886524822695,0.624113475177305,291534.37,1033.809822695035,8426.682092421037,122953.26,8.151095015187172,204208.45,87325.92,2.33846319626521,1,199,199,1.4170854271356783,4,123449.43,0.0141843971631205,0.4234472594088991,1.0,165,1,43,0,0,0.875,0.1412906795432825,0.3895176298978924,0.6269195096736797,0.08
626,306.28,0,56,13,4.307692307692308,3,9,12,0.8260869565217391,0.1884057971014492,0.8115942028985508,0.1884057971014492,3979206.21,57669.65521739131,230081.53121940367,1565282.5,3.989646380788809,6007.76,3973198.45,0.0015120714647414,3,197,195,0.3538461538461538,3,1565282.5,0.0434782608695652,0.3933655149779232,1.0,10,51,24,0,0,2.25,0.658685150178534,0.0354967443814324,0.4527129958114985,0.18
93,332.05,1,21,24,0.875,2,2,4,0.9111111111111112,0.4666666666666667,0.4666666666666667,0.5333333333333333,231329.83,5140.662888888889,32557.49986806362,221101.57,6.333327154837155,223688.17,7641.660000000001,29.272196093518943,3,196,194,0.2319587628865979,2,221101.57,0.0444444444444444,0.9557849499997472,3.0,6,7,14,0,0,1.0,0.2177777777777778,0.2844444444444444,0.4182710960926742,0.08
162,156.91,0,25,100,0.25,3,5,8,0.936,0.2,0.2,0.8,1882580.36,15060.64288,165731.30002977318,1860558.12,11.004264648613272,1866889.36,15691.0,118.9783544707157,1,199,199,0.628140703517588,6,1860558.12,0.048,0.9883020982966166,0.0,55,39,22,0,0,1.875,0.0399999999999999,0.6400000000000001,0.5002782173818329,0.18
445,467.57,1,28,181,0.154696132596685,5,2,6,0.971291866028708,0.1339712918660287,0.1339712918660287,0.8660287081339713,2788786.58,13343.476459330142,123270.24203945766,1644226.5,9.238240305303911,2704611.62,84174.95999999999,32.1308334450055,0,199,200,1.045,3,1644694.07,0.0143540669856459,0.589752576190323,1.0,55,23,34,1,1,0.6666666666666666,0.0179483070442526,0.7500057233121952,0.5703153993286236,0.18
527,391.63,0,57,17,3.3529411764705883,3,8,11,0.8513513513513513,0.2297297297297297,0.7702702702702703,0.2297297297297297,15022630.95,203008.52635135132,814803.46680835,4862804.5,4.013641601427871,4703.7300000000005,15017927.22,0.000313207670479,3,199,197,0.3756345177664975,3,4862804.5,0.0405405405405405,0.3236985928886178,3.0,12,91,20,0,0,2.1818181818181817,0.5933162892622352,0.0527757487216946,0.4937948379528442,0.08
895,276.53,0,169,19,8.894736842105264,11,1,12,0.9361702127659576,0.101063829787234,0.898936170212766,0.101063829787234,5900960.58,31388.08819148936,295149.57916288835,3797037.25,9.403235308957616,5895706.7,5253.879999999999,1122.1624209155902,0,199,200,0.94,4,3797313.77,0.0212765957446808,0.6435077337866236,1.0,19,1,77,0,0,0.9166666666666666,0.8080862381167949,0.010213897691263,0.5619187340978433,0.18
236,279.34,0,2,22,0.0909090909090909,1,5,6,0.75,0.0833333333333333,0.0833333333333333,0.9166666666666666,43486602.88,1811941.7866666669,3540800.703658421,10916437.0,1.9541470535718728,40644.86,43445958.02,0.0009355268442069,7,199,193,0.1243523316062176,1,10916437.0,0.0416666666666666,0.2510298868394844,2.0,1,30,5,0,0,0.8333333333333334,0.0069444444444444,0.8402777777777777,0.4052755139861002,0.1
181,324.22,0,52,22,2.363636363636364,4,1,5,0.9324324324324323,0.2972972972972973,0.7027027027027027,0.2972972972972973,1349675.13,18238.85310810811,103964.5483579084,655755.12,5.70016917959007,1342542.29,7132.84,188.2198801599363,4,199,196,0.3775510204081632,2,655755.12,0.027027027027027,0.4858614531928139,2.0,9,3,23,0,0,0.8,0.493791088385683,0.0883856829802775,0.4577802719612455,0.08
96,358.67,0,24,26,0.9230769230769232,3,1,4,0.92,0.48,0.48,0.52,4041813.79,80836.2758,399155.2264333645,2561584.75,4.937823056333385,4032488.37,9325.42,432.41895485672495,1,196,196,0.2551020408163265,2,2561618.06,0.04,0.633779335984699,3.0,1,1,8,0,0,0.75,0.2304,0.2704,0.4864088125464231,0.08
321,355.42,0,37,18,2.055555555555556,3,6,9,0.8363636363636364,0.3272727272727272,0.6727272727272727,0.3272727272727272,7295582.31,132646.9510909091,426305.6873053535,1887726.5,3.213837059950111,79073.93,7216508.38,0.010957366892159,3,198,196,0.2806122448979591,1,1887726.5,0.0181818181818181,0.2587492567128613,3.0,1,58,15,0,0,2.0,0.4525619834710744,0.1071074380165289,0.4747423833098968,0.08
590,309.04,0,192,20,9.6,4,1,5,0.9764150943396226,0.0943396226415094,0.9056603773584906,0.0943396226415094,103786.91,489.560896226415,300.238788382961,4697.51,0.6132818015025955,97606.11,6180.8,15.791824682888944,0,199,200,1.06,3,5196.45,0.0141509433962264,0.0500684527557473,1.0,41,5,92,0,0,0.8,0.8202207191171236,0.0088999644001423,0.4965276576790213,0.08
92,290.11,0,16,21,0.7619047619047619,2,1,3,0.9189189189189187,0.4324324324324324,0.4324324324324324,0.5675675675675675,921941.27,24917.331621621623,148431.3965964961,915505.37,5.956953932727576,915849.17,6092.1,150.33390292345825,2,184,183,0.2021857923497267,2,915505.37,0.054054054054054,0.9930191865692268,2.0,5,1,13,0,0,0.6666666666666666,0.1869978086194302,0.3221329437545653,0.4320469977644705,0.08
133,285.12,1,53,28,1.8928571428571428,3,6,9,0.8888888888888888,0.345679012345679,0.654320987654321,0.345679012345679,4484403.24,55363.00296296296,225841.7120449589,1435366.12,4.0792894163642766,2657.77,4481745.47,0.000593021182883,5,198,194,0.4175257731958763,3,1435396.01,0.037037037037037,0.320086293131837,1.0,30,60,20,0,0,2.0,0.4281359548849261,0.119493979576284,0.5017876838400361,0.08
368,106.64,1,40,140,0.2857142857142857,3,7,10,0.9444444444444444,0.2222222222222222,0.2222222222222222,0.7777777777777778,15301.64,85.00911111111111,40.45210879393735,106.63,0.4758561554780221,373.44,14928.2,0.0250157420184617,2,197,196,0.9183673469387756,7,746.41,0.0388888888888888,0.0487797386423938,0.0,0,56,20,0,0,2.1,0.0493827160493827,0.6049382716049383,0.4589292864333609,0.08
41,498.72,0,61,180,0.3388888888888889,3,1,3,0.9875518672199172,0.2531120331950207,0.2531120331950207,0.7468879668049793,95109.87,394.64676348547727,181.6113944351926,498.72,0.4601872135760611,5340.27,89769.6,0.0594886242113142,0,199,200,1.205,3,663.0,0.0124481327800829,0.0069708853560624,1.0,115,33,31,1,1,0.0,0.0640657013481172,0.5578416349580758,0.5488778184054516,0.08
924,319.58,0,204,22,9.272727272727272,12,19,31,0.8628318584070797,0.0973451327433628,0.9026548672566372,0.0973451327433628,24452330.78,108196.15389380533,606022.53242694,7291760.0,5.601146719334886,13201508.83,11250821.95,1.1733817216794549,0,199,200,1.13,4,7292029.66,0.0176991150442477,0.298214093601428,1.0,50,107,75,0,0,7.354838709677419,0.8147858093820972,0.0094760748688229,0.6185408146146758,0.18
820,310.62,0,90,13,6.923076923076923,6,13,19,0.8155339805825242,0.1262135922330097,0.8737864077669902,0.1262135922330097,14499700.87,140773.79485436893,615325.7007378024,4509290.0,4.371024460726937,4516695.45,9983005.42,0.4524384451350924,1,194,194,0.5309278350515464,3,4509290.0,0.029126213592233,0.3109919328977163,1.0,21,54,36,0,0,4.105263157894737,0.7635026863983411,0.0159298708643604,0.507589649439958,0.18
523,272.45,0,39,24,1.625,2,8,10,0.8412698412698413,0.3809523809523809,0.6190476190476191,0.3809523809523809,22983521.22,364817.7971428571,1245812.4384351885,6752514.0,3.414889427522493,412.65,22983108.57,1.795449030505102e-05,4,197,194,0.3247422680412371,2,6752514.0,0.0317460317460317,0.2937980623318953,2.0,13,71,23,0,0,1.6,0.3832199546485261,0.1451247165532879,0.518825597905859,0.08
833,339.14,0,118,21,5.619047619047619,6,13,18,0.8705035971223022,0.1510791366906475,0.8489208633093526,0.1510791366906475,11011370.63,79218.49374100719,300521.40366375487,2343928.25,3.79357634148238,10322.12,11001048.51,0.0009382851089709,2,199,198,0.702020202020202,3,2343928.25,0.0215827338129496,0.2128643498397982,1.0,34,120,56,1,1,3.333333333333333,0.7206666321618964,0.0228249055431913,0.5417520159237064,0.18
487,219.84,0,28,30,0.9333333333333332,4,1,5,0.9137931034482758,0.4827586206896552,0.4827586206896552,0.5172413793103449,1606185.3,27692.85000000001,123015.7281848744,746229.31,4.442147636840352,1599590.4,6594.900000000001,242.54960651412452,2,195,194,0.2989690721649484,2,746229.31,0.0344827586206896,0.4645972728053233,3.0,4,1,34,0,0,0.8,0.2330558858501783,0.267538644470868,0.4791337853419323,0.08
152,411.61,0,20,177,0.1129943502824858,1,1,1,0.9949238578680204,0.1015228426395939,0.1015228426395939,0.8984771573604061,75040.0,380.9137055837563,91.28850248116366,411.6,0.2396566496373832,2186.8,72853.2,0.0300165263845651,3,199,197,1.0,1,411.6,0.0050761421319796,0.0054850746268656,1.0,20,6,4,1,1,0.0,0.0103068875776237,0.807261202298436,0.4814998403113101,0.08
826,395.15,0,77,21,3.6666666666666665,6,13,18,0.8163265306122449,0.2142857142857142,0.7857142857142857,0.2142857142857142,31194062.03,318306.75540816324,1129904.2596446015,7860988.0,3.549733835198473,12185193.23,19008868.8,0.6410267416859651,4,197,194,0.5051546391752577,3,7860988.0,0.0306122448979591,0.2520027046314109,1.0,12,105,45,1,1,3.333333333333333,0.6173469387755102,0.0459183673469387,0.5275501840817752,0.08
779,131.96,0,65,220,0.2954545454545454,5,11,16,0.9438596491228072,0.2280701754385964,0.2280701754385964,0.7719298245614035,1303117.24,4572.341192982455,54938.21051031251,810375.75,12.01533485616311,1274086.04,29031.2,43.88678525172917,4,199,196,1.4540816326530612,13,811846.56,0.0456140350877193,0.623003468206744,0.0,154,79,46,0,0,3.4375,0.0520160049245921,0.5958756540473992,0.633421099978127,0.08
134,220.3,0,81,22,3.6818181818181817,5,5,10,0.9029126213592232,0.2135922330097087,0.7864077669902912,0.2135922330097087,5535264.21,53740.42922330097,263612.4979054683,2149448.0,4.905292006695961,8997.41,5526266.8,0.001628117194776,3,198,196,0.5255102040816326,3,2149467.34,0.029126213592233,0.3883224464907701,1.0,18,28,37,0,0,2.5,0.6184371759826562,0.0456216420020737,0.5039213702730683,0.08
789,252.2,0,79,19,4.157894736842105,5,1,6,0.9387755102040816,0.1938775510204081,0.8061224489795918,0.1938775510204081,779567.18,7954.767142857143,77144.30142876807,767737.56,9.697870477332398,774775.5700000001,4791.61,161.69420507929487,4,199,196,0.5,2,767871.88,0.0204081632653061,0.9849977009037244,2.0,12,1,28,0,0,0.8333333333333334,0.6498334027488547,0.0375885047896709,0.4537619275063124,0.08
548,510.16,0,29,177,0.1638418079096045,3,1,3,0.9854368932038836,0.1407766990291262,0.1407766990291262,0.8592233009708737,5485900.67,26630.585776699038,234133.66856519293,3148946.0,8.791908316566317,5395602.35,90298.32,59.75307569398854,4,199,196,1.0510204081632653,2,3149456.16,0.0097087378640776,0.5741001067013487,1.0,53,5,11,1,1,0.0,0.0198180789895371,0.7382646809312847,0.5866796821968854,0.18
171,133.59,0,26,100,0.26,3,5,8,0.9365079365079364,0.2063492063492063,0.2063492063492063,0.7936507936507936,3503557.5500000003,27806.012301587307,185207.98548106424,1608140.5,6.660717238857426,3490199.5500000003,13358.000000000002,261.28159529869737,1,199,199,0.6331658291457286,5,1608140.5,0.0396825396825396,0.459002164813876,0.0,0,20,10,0,0,1.875,0.0425799949609473,0.6298815822625347,0.5154480128009886,0.08
355,443.75,1,57,178,0.3202247191011236,5,2,6,0.9744680851063828,0.2425531914893617,0.2425531914893617,0.7574468085106383,286497.31,1219.1374893617024,12468.082686583852,191756.68,10.22697012878482,207942.59,78554.72,2.6471049734503542,4,199,196,1.1989795918367347,3,191756.68,0.0127659574468085,0.66931406790521,1.0,105,39,49,1,1,0.6666666666666666,0.0588320507016749,0.5737256677229515,0.568739617285674,0.08
17,198.28,0,2,32,0.0625,1,2,3,0.9117647058823528,0.0588235294117647,0.0588235294117647,0.9411764705882352,979935.8,28821.641176470588,164686.65828010126,974872.87,5.713993081509465,976763.64,3172.16,307.91751992333303,5,188,184,0.1847826086956521,3,975071.13,0.088235294117647,0.9950357258097928,0.0,2,9,7,0,0,0.6666666666666666,0.0034602076124567,0.8858131487889274,0.3537872745050982,0.0
412,106.23,0,42,175,0.24,4,7,11,0.9493087557603688,0.1935483870967742,0.1935483870967742,0.8064516129032258,661425.39,3048.0432718894017,42457.04490396272,626495.81,13.92927892314492,658770.64,2654.75,248.1479009322912,2,197,196,1.1071428571428572,9,626602.0000000003,0.0414746543778801,0.9473509929819904,0.0,84,100,43,0,0,2.5454545454545454,0.0374609781477627,0.6503642039542142,0.5622417978855607,0.08
3,125.89,0,3,23,0.1304347826086956,1,1,2,0.9230769230769232,0.1153846153846153,0.1153846153846153,0.8846153846153846,3011290.41,115818.86192307693,532716.830538567,2769719.75,4.5995688585886825,3008395.17,2895.24,1039.083174451859,0,192,193,0.1347150259067357,1,2769719.75,0.0384615384615384,0.9197783584081484,6.0,0,1,7,0,0,0.5,0.0133136094674556,0.7825443786982248,0.3741644076646168,0.1
97,216.47,0,59,16,3.6875,3,1,4,0.9466666666666668,0.2133333333333333,0.7866666666666666,0.2133333333333333,6898.83,91.9844,88.87769083768997,216.47,0.9662256952014686,3435.31,3463.52,0.9918551069432254,2,192,191,0.3926701570680628,2,370.41,0.0266666666666666,0.0536917129426294,2.0,8,2,36,0,0,0.75,0.6188444444444444,0.0455111111111111,0.3351352334815965,0.08
986,390.46,1,406,42,9.666666666666666,28,2,30,0.9330357142857144,0.09375,0.90625,0.09375,11160028.64,24910.778214285718,229982.45885697144,3882684.5,9.232247057022176,11143629.74,16398.899999999998,679.5351968729611,1,199,199,2.251256281407035,5,3882853.11,0.0111607142857142,0.3479250130311493,0.0,106,20,186,0,0,1.8666666666666667,0.8212890625,0.0087890625,0.7437649282150722,0.18
874,153.95,1,64,321,0.1993769470404984,6,17,22,0.9428571428571428,0.1662337662337662,0.1662337662337662,0.8337662337662337,734038.3500000001,1906.593116883117,31892.294099409584,625544.31,16.72737293395187,684761.8400000001,49276.51,13.896313679682269,2,199,198,1.9444444444444444,17,628007.3500000001,0.0441558441558441,0.8555511438877819,0.0,33,87,29,1,1,3.636363636363636,0.0276336650362624,0.6951661325687298,0.6691549861567918,0.08
465,107.53,0,65,140,0.4642857142857143,4,7,11,0.946341463414634,0.3170731707317073,0.3170731707317073,0.6829268292682927,3351268.56,16347.651512195122,149740.7018817975,1633622.0,9.159768408941982,3336215.76,15052.8,221.6342315051021,4,198,195,1.051282051282051,9,1633622.0,0.0439024390243902,0.4874637680484789,0.0,280,28,34,0,0,2.5454545454545454,0.1005353955978584,0.4663890541344437,0.6117574750261126,0.08
340,430.27,0,31,180,0.1722222222222222,4,1,4,0.981042654028436,0.1469194312796208,0.1469194312796208,0.8530805687203792,11317905.98,53639.36483412323,491908.0845117921,6752514.0,9.170654537632776,11240459.18,77446.8,145.1378130536058,0,199,200,1.055,2,6752944.26,0.0094786729857819,0.596660218942727,1.0,60,20,27,1,1,0.0,0.0215853192875272,0.7277464567282856,0.6035696611523274,0.18
289,219.88,1,44,14,3.142857142857143,5,2,6,0.896551724137931,0.2413793103448276,0.7586206896551724,0.2413793103448276,937556.17,16164.76155172414,91814.00783340492,657474.81,5.679886309465048,934681.09,2875.08,325.09741989788114,1,196,196,0.2959183673469387,3,657474.81,0.0517241379310344,0.7012644479743545,5.0,6,9,26,1,1,0.6666666666666666,0.5755053507728893,0.0582639714625446,0.4189160524605244,0.08
12,128.18,0,41,32,1.28125,2,2,4,0.9452054794520548,0.4383561643835616,0.5616438356164384,0.4383561643835616,9670.14,132.4676712328767,71.39576835087959,235.38,0.5389674906065693,7619.58,2050.56,3.715853230337079,0,198,199,0.3668341708542713,3,369.21,0.0410958904109589,0.038180419311406,2.0,4,45,15,0,0,1.0,0.3154437980859448,0.1921561268530681,0.3809756456431166,0.08
846,491.12,0,127,180,0.7055555555555556,8,1,8,0.973941368078176,0.4136807817589576,0.4136807817589576,0.5863192182410424,1808770.03,5891.759055374594,90936.1848905617,1592165.12,15.434471103771235,1720370.2300000002,88399.8,19.46124572680029,0,199,200,1.535,5,1592679.0300000005,0.01628664495114,0.880531523402121,1.0,229,11,80,1,1,0.0,0.1711317891967023,0.343770225678787,0.6880312197046655,0.08
659,573.42,0,64,178,0.3595505617977528,4,1,5,0.9793388429752066,0.2644628099173554,0.2644628099173554,0.7355371900826446,2587478.42,10692.05958677686,158789.5433382988,2475767.0,14.851165208121158,2485411.44,102066.98,24.35078847243252,0,199,200,1.21,3,2476466.29,0.012396694214876,0.9570964035325172,1.0,117,1,25,0,0,0.8,0.0699405778293832,0.5410149579946725,0.62041974267865,0.08
397,277.71,0,87,20,4.35,5,1,6,0.9439252336448598,0.1869158878504672,0.8130841121495327,0.1869158878504672,595530.56,5565.7061682242975,55948.37792537914,581587.5,10.052341290454631,589976.56,5554.0,106.22552394670508,4,199,196,0.5459183673469388,3,581754.39,0.02803738317757,0.9768674003899984,1.0,27,5,23,0,0,0.8333333333333334,0.6611057734299939,0.0349375491309284,0.4567161486686935,0.08
417,105.55,0,84,112,0.75,5,7,12,0.9387755102040816,0.4285714285714285,0.4285714285714285,0.5714285714285714,11388016.99,58102.1275,778016.0511316847,10916437.0,13.390491615503832,11386329.15,1687.84,6746.095097876576,5,199,195,1.005128205128205,8,10916605.61,0.0408163265306122,0.9586046121625956,0.0,56,72,29,0,0,2.9166666666666665,0.1836734693877551,0.3265306122448979,0.6519353491884075,0.08
463,145.55,0,89,140,0.6357142857142857,6,7,13,0.9432314410480348,0.388646288209607,0.388646288209607,0.611353711790393,2769685.64,12094.69711790393,132589.75822985556,1828811.0,10.96263568548412,2749308.64,20377.0,134.9221494822594,1,198,198,1.1565656565656566,8,1828811.0,0.0349344978165938,0.6602955128149489,0.0,70,57,36,0,0,3.230769230769231,0.1510459373391049,0.3737533609198909,0.6386056582096911,0.08
849,530.55,0,104,180,0.5777777777777777,8,1,9,0.9683098591549296,0.3661971830985915,0.3661971830985915,0.6338028169014085,2090603.11,7361.278556338029,70124.22196253843,1051125.87,9.526092706023435,1995105.91,95497.2,20.891773894941423,0,199,200,1.42,4,1051656.41,0.0140845070422535,0.5030397233074049,1.0,206,1,45,0,0,0.8888888888888888,0.1341003769093433,0.4017060107121603,0.6662452684642902,0.08
837,351.99,0,82,20,4.1,6,13,19,0.8137254901960784,0.196078431372549,0.803921568627451,0.196078431372549,26626364.62,261042.79039215684,809035.5936694675,4931999.5,3.0992451178371074,3500454.44,23125910.18,0.1513650452135415,1,197,197,0.5177664974619289,2,4931999.5,0.0196078431372549,0.1852299241893278,2.0,16,106,37,0,0,4.105263157894737,0.6462898885044214,0.0384467512495194,0.5266573649284345,0.18
857,520.86,0,26,178,0.146067415730337,6,1,7,0.965686274509804,0.1274509803921568,0.1274509803921568,0.8725490196078431,1187414.43,5820.658970588233,37496.0263379527,359184.21,6.4418868254299,1094703.13,92711.3,11.807655916808416,3,199,197,1.035532994923858,2,359184.21,0.0098039215686274,0.3024927109905511,1.0,50,1,37,0,0,0.8571428571428571,0.0162437524029219,0.7613417916186083,0.5497710507541341,0.08
264,120.78,0,379,120,3.158333333333333,4,6,8,0.9839679358717436,0.2404809619238476,0.7595190380761523,0.2404809619238476,1918390.69,3844.470320641282,75721.87377900835,1693431.75,19.696308584423527,1903898.29,14492.4,131.3721874913748,2,199,198,2.5202020202020203,9,1694045.09,0.0180360721442885,0.8830553123670548,0.0,492,26,13,2,2,1.0,0.5768691692001237,0.057831093047819,0.7627642552334202,0.08
839,318.21,0,95,19,5.0,7,14,21,0.8157894736842105,0.1666666666666666,0.8333333333333334,0.1666666666666666,23277522.23,204188.79149122807,654827.6835270737,3968678.25,3.2069717379918234,8652164.4,14625357.83,0.5915865102631818,0,196,197,0.5786802030456852,3,3968678.25,0.0263157894736842,0.1704940161064556,2.0,20,123,62,0,0,4.666666666666667,0.6944444444444445,0.0277777777777777,0.5337369552108773,0.18
599,396.8,0,79,22,3.590909090909091,5,1,6,0.9405940594059404,0.2178217821782178,0.7821782178217822,0.2178217821782178,2379245.79,23556.889009900984,207098.7425582444,2075845.75,8.791430076832325,2370516.41,8729.380000000001,271.55610249525165,1,196,196,0.5153061224489796,3,2075845.75,0.0297029702970297,0.872480581335819,1.0,17,1,24,0,0,0.8333333333333334,0.6118027644348594,0.0474463287912949,0.4850411741880112,0.08
453,583.38,0,108,178,0.6067415730337079,5,1,6,0.9790209790209792,0.3776223776223776,0.3776223776223776,0.6223776223776224,123118.68,430.4848951048952,200.53596302296611,583.38,0.4658373970917192,19277.04,103841.64,0.1856388246564673,1,199,199,1.4371859296482412,4,1152.3200000000002,0.0139860139860139,0.0093594245812252,1.0,195,1,17,0,0,0.8333333333333334,0.1425986600811775,0.3873539048364223,0.612113280615023,0.08
943,498.46,0,108,177,0.6101694915254238,9,1,9,0.968421052631579,0.3789473684210526,0.3789473684210526,0.6210526315789474,12750462.21,44738.46389473685,345808.4272229194,4501129.5,7.729555222024538,12662236.56,88225.65,143.52103452907403,3,199,197,1.4467005076142132,5,4501627.95,0.0175438596491228,0.3530560599183172,1.0,189,2,44,1,1,0.0,0.143601108033241,0.3857063711911357,0.7099173689885513,0.08
558,481.73,0,45,180,0.25,3,1,4,0.9822222222222222,0.2,0.2,0.8,99050.55,440.2246666666666,583.443519938496,8828.83,1.3253312776775257,12339.15,86711.40000000001,0.1423013582989087,0,199,200,1.125,3,9329.39,0.0133333333333333,0.0941881695760397,1.0,60,1,24,0,0,0.75,0.0399999999999999,0.6400000000000001,0.5269240950520235,0.08
105,122.05,0,217,104,2.0865384615384617,3,4,6,0.9813084112149532,0.3239875389408099,0.67601246105919,0.3239875389408099,92302.36,287.546292834891,234.9201380378603,498.05,0.8169819743520442,89129.32,3173.04,28.089567102841443,3,199,197,1.6294416243654823,7,644.63,0.0218068535825545,0.0069838951030071,1.0,256,15,15,1,1,1.0,0.4569928475073028,0.1049679253889228,0.6204214804743385,0.08
752,542.5,1,181,181,1.0,11,2,11,0.9696132596685084,0.5,0.5,0.5,3205920.78,8856.134751381214,144580.04516253562,2737767.5,16.325411618199094,3108260.39,97660.39,31.827237122440327,0,199,200,1.81,4,2738435.08,0.011049723756906,0.8541805203308861,1.0,318,22,80,2,2,0.0,0.25,0.25,0.7510938295607167,0.2
39,333.63,0,0,16,0.0,0,3,3,0.8125,0.0,0.0,1.0,1937625.31,121101.581875,281899.24057363096,1190401.12,2.3277915631573247,0.0,1937625.31,0.0,3,183,181,0.0883977900552486,1,1190401.12,0.0625,0.6143608435833242,8.0,0,17,0,0,0,0.0,0.0,1.0,0.328213362251431,0.1
94,399.25,0,0,22,0.0,0,1,1,0.9545454545454546,0.0,0.0,1.0,8783.5,399.25,0.0,399.25,0.0,0.0,8783.5,0.0,15,196,182,0.1208791208791208,1,399.25,0.0454545454545454,0.0454545454545454,8.0,0,1,0,0,0,0.0,0.0,1.0,0.2259606891128891,0.0
804,111.82,0,74,220,0.3363636363636363,5,11,16,0.9455782312925172,0.2517006802721088,0.2517006802721088,0.7482993197278912,60576.62,206.0429251700681,2859.041903490974,49135.27,13.875952795424146,58341.42,2235.2,26.10120794559771,2,199,198,1.4848484848484849,12,49135.27,0.0408163265306122,0.8111259756651988,0.0,110,70,49,0,0,3.4375,0.0633532324494423,0.5599518719052247,0.5785964709213252,0.08
675,133.02,0,98,180,0.5444444444444444,5,9,14,0.9496402877697842,0.3525179856115107,0.3525179856115107,0.6474820143884892,28210.08,101.47510791366906,50.99678446439324,133.02,0.5025546216494714,4266.48,23943.6,0.1781887435473362,0,199,200,1.39,10,1220.72,0.0359712230215827,0.0432724756540924,0.0,117,73,49,0,0,3.2142857142857144,0.1242689301795973,0.4192329589565757,0.5700871803452088,0.08
930,361.18,1,108,16,6.75,12,16,27,0.782258064516129,0.1290322580645161,0.8709677419354839,0.1290322580645161,12067954.96,97322.2174193548,436007.8818566183,4046261.5,4.480044674464105,3060595.07,9007359.89,0.3397882517604167,3,197,195,0.6358974358974359,3,4046261.5,0.0241935483870967,0.3352897415851807,1.0,12,111,91,1,1,6.111111111111111,0.7585848074921956,0.0166493236212278,0.5261907769278654,0.18
491,289.34,0,53,17,3.117647058823529,4,1,5,0.9285714285714286,0.2428571428571428,0.7571428571428571,0.2428571428571428,42589.0,608.4142857142857,3549.771109945611,30063.32,5.834463774594209,37670.39,4918.61,7.658747085050452,0,199,200,0.35,4,30746.25,0.0571428571428571,0.7219293714339383,2.0,9,1,49,0,0,0.8,0.573265306122449,0.0589795918367347,0.3685460473273992,0.08
402,100.02,0,81,154,0.525974025974026,4,7,10,0.9574468085106383,0.3446808510638298,0.3446808510638298,0.6553191489361702,9119.36,38.80578723404256,55.47133579623408,165.77,1.4294603910926873,6920.24,2199.12,3.1468223653097604,3,195,193,1.217616580310881,9,278.57,0.0382978723404255,0.0305470997964769,0.0,189,42,33,1,1,1.8,0.118804889090086,0.4294431869624264,0.52043599286959,0.08
205,156.14,0,62,80,0.775,4,5,9,0.9366197183098592,0.4366197183098591,0.4366197183098591,0.5633802816901409,820847.02,5780.612816901407,64996.54368710354,776800.62,11.24388464438685,818349.42,2497.6,327.6543161434978,4,196,193,0.7357512953367875,5,776800.62,0.0352112676056338,0.9463403058952446,0.0,15,39,28,0,0,2.2222222222222223,0.1906367784169807,0.3173973417972625,0.5514659541799805,0.08
187,238.46,0,66,21,3.142857142857143,3,1,4,0.9540229885057472,0.2413793103448276,0.7586206896551724,0.2413793103448276,11925.18,137.07103448275862,89.07324010906724,238.46,0.6498326976606517,6917.52,5007.66,1.381387714022118,1,198,198,0.4393939393939394,3,403.49,0.0344827586206896,0.0338351286940742,2.0,16,10,15,0,0,0.75,0.5755053507728893,0.0582639714625446,0.3629665469849658,0.08
723,200.77,0,77,21,3.6666666666666665,6,9,15,0.846938775510204,0.2142857142857142,0.7857142857142857,0.2142857142857142,19238758.61,196313.86336734693,658339.3166837072,3590217.0,3.353503952249199,1677925.57,17560833.04,0.0955493151252009,3,196,194,0.5051546391752577,2,3590232.22,0.0204081632653061,0.1866145468519915,2.0,15,52,49,0,0,3.6,0.6173469387755102,0.0459183673469387,0.525477673697351,0.08
761,146.05,0,303,220,1.3772727272727272,8,11,18,0.965583173996176,0.4206500956022944,0.5793499043977055,0.4206500956022944,129245.06,247.12248565965584,214.03743126996196,3474.29,0.8661188021746448,97114.06,32131.000000000004,3.0224412561078084,0,199,200,2.615,14,4271.38,0.0267686424474187,0.0330486906037259,0.0,550,74,36,1,1,3.888888888888889,0.3356463117256305,0.1769465029302194,0.7515941138989642,0.2
811,183.18,1,80,338,0.2366863905325443,7,15,21,0.9497607655502392,0.1913875598086124,0.1913875598086124,0.8086124401913876,685381.13,1639.667775119617,19538.521472101693,338187.0,11.916146531986527,680966.82,4414.31,154.2634794565855,3,199,197,2.1218274111675126,15,338187.0,0.0358851674641148,0.4934291085603713,0.0,183,143,86,1,1,4.0,0.0366291980494952,0.6538540784322703,0.6920327650266946,0.08
786,288.36,0,76,24,3.1666666666666665,5,1,6,0.94,0.24,0.76,0.24,685690.06,6856.900600000001,66027.76677784116,663823.68,9.629389520075753,678769.66,6920.400000000001,98.08243165134964,1,197,197,0.5076142131979695,3,663823.68,0.03,0.9681104025337628,2.0,24,1,48,0,0,0.8333333333333334,0.5776,0.0576,0.4619925791491518,0.08
211,180.9,1,202,76,2.6578947368421053,4,5,8,0.9712230215827338,0.2733812949640288,0.7266187050359713,0.2733812949640288,1834525.26,6599.011726618706,75293.07404423253,1121972.62,11.409749999461246,1831807.73,2717.53,674.0708400643232,0,199,200,1.39,8,1122443.4200000002,0.0287769784172661,0.6118440800319098,1.0,162,75,20,1,1,1.5,0.5279747425081517,0.0747373324362093,0.6408624596247858,0.08
267,115.1,0,108,120,0.9,6,6,12,0.9473684210526316,0.4736842105263157,0.4736842105263157,0.5263157894736842,1145980.52,5026.2303508771965,74246.91269032424,1123668.12,14.771888176069446,1132169.7200000002,13810.8,81.97712804471864,3,196,194,1.175257731958763,9,1123684.16,0.0394736842105263,0.9805438577612124,0.0,216,64,51,0,0,3.0,0.224376731301939,0.2770083102493075,0.6401500649409485,0.08
580,327.46,0,263,16,16.4375,6,1,7,0.974910394265233,0.057347670250896,0.942652329749104,0.057347670250896,158438.97999999998,567.8816487455198,2639.682747296278,44419.12,4.648297322386584,153199.78,5239.2,29.241063521148263,0,199,200,1.395,3,44988.670000000006,0.010752688172043,0.283949505355311,1.0,44,7,46,0,0,0.8571428571428571,0.8885934147814134,0.0032887552832055,0.5475386504199065,0.08
546,414.64,0,99,180,0.55,7,1,7,0.974910394265233,0.3548387096774194,0.3548387096774194,0.6451612903225806,1651834.33,5920.553154121864,62964.31733409018,820424.18,10.63487071140552,1577199.13,74635.2,21.132108308144147,0,199,200,1.395,4,820838.8200000001,0.014336917562724,0.4969256329719216,1.0,172,8,34,1,1,0.0,0.1259105098855359,0.4162330905306972,0.6556663273458476,0.08
914,182.07,0,138,342,0.4035087719298245,11,18,27,0.94375,0.2875,0.2875,0.7125,7744466.51,16134.305229166665,197666.46891244865,3381898.5,12.251315820846044,7741008.89,3457.62,2238.825807925683,4,197,194,2.4742268041237114,21,3381915.34,0.04375,0.4366879675485871,0.0,576,121,69,2,2,5.333333333333333,0.0826562499999999,0.50765625,0.796785619241187,0.2
724,330.93,0,21,25,0.84,2,10,12,0.7391304347826086,0.4565217391304347,0.4565217391304347,0.5434782608695652,25161620.89,546991.7584782608,1236739.3959147162,6208009.0,2.260983601206979,75722.25,25085898.64,0.0030185185345227,6,197,192,0.2395833333333333,2,6208009.0,0.0434782608695652,0.2467253213590565,3.0,4,45,31,0,0,1.6666666666666667,0.2084120982986767,0.2953686200378072,0.5120528114966247,0.08
531,220.52,0,217,21,10.333333333333334,5,8,12,0.9495798319327732,0.088235294117647,0.9117647058823528,0.088235294117647,6595172.42,27710.808487394963,163006.93387448494,1678715.87,5.882431541058544,2110781.33,4484391.09,0.4706951930903065,3,199,197,1.2081218274111676,3,2546408.35,0.0126050420168067,0.3861018617614852,1.0,39,127,30,1,1,2.333333333333333,0.8313148788927335,0.0077854671280276,0.6043033799927925,0.18
477,177.94,0,35,140,0.25,5,7,12,0.9314285714285714,0.2,0.2,0.8,13051121.2,74577.83542857139,581782.9214209266,7291747.0,7.801016455862981,13026209.6,24911.6,522.8973490261565,7,197,191,0.9162303664921466,9,7291747.0,0.0514285714285714,0.5587065577170489,0.0,84,62,13,0,0,2.9166666666666665,0.0399999999999999,0.6400000000000001,0.5941107525257021,0.18
386,361.02,0,98,19,5.157894736842105,6,1,7,0.9401709401709402,0.1623931623931624,0.8376068376068376,0.1623931623931624,388339.76,3319.143247863248,34032.13759641666,369829.03,10.253289796493537,381480.57,6859.19,55.61597943780534,0,199,200,0.585,3,369829.03,0.0256410256410256,0.9523336729671976,1.0,23,11,26,0,0,0.8571428571428571,0.7015852144057273,0.026371539192052,0.4511661241431625,0.08
45,574.09,0,217,177,1.2259887005649717,4,1,4,0.9898477157360406,0.449238578680203,0.550761421319797,0.449238578680203,209173.66,530.8976142131979,204.53449129134813,3859.29,0.3852616508636468,107559.73,101613.93,1.058513630955913,0,199,200,1.97,4,4970.74,0.0101522842639593,0.0237636995021266,1.0,377,0,34,1,1,0.0,0.3033381432142029,0.2018153005746089,0.7025607395119309,0.2
197,283.65,0,81,28,2.892857142857143,5,1,6,0.944954128440367,0.2568807339449541,0.7431192660550459,0.2568807339449541,2431255.0,22305.091743119272,205569.1762951213,2145681.75,9.21624437427099,2423313.08,7941.92,305.1293742571066,0,199,200,0.545,4,2145681.75,0.036697247706422,0.8825408071140214,1.0,39,3,101,0,0,0.8333333333333334,0.5522262435821901,0.0659877114720983,0.4996941455136122,0.08
115,153.42,0,7,100,0.07,3,4,7,0.9345794392523364,0.0654205607476635,0.0654205607476635,0.9345794392523364,3491674.3000000003,32632.470093457945,212967.9166283332,1591675.12,6.526257927101521,3487839.3000000003,3835.0,909.4756975228164,5,198,194,0.5515463917525774,5,1591675.12,0.0467289719626168,0.4558486798152966,0.0,8,10,17,0,0,1.7142857142857142,0.0042798497685387,0.8734387282732117,0.4703036899883734,0.18
778,193.45,0,117,220,0.5318181818181819,8,11,19,0.9436201780415432,0.3471810089020771,0.3471810089020771,0.6528189910979229,565587.42,1678.3009495548963,22361.373726537626,396231.25,13.323816406388914,523030.62,42556.8,12.29017736295962,1,199,199,1.693467336683417,13,396231.25,0.0385756676557863,0.7005658824589839,0.0,330,26,51,0,0,4.631578947368421,0.1205346529422641,0.4261726351381099,0.670589426710363,0.08
252,589.3,0,89,176,0.5056818181818182,4,1,4,0.9849056603773584,0.3358490566037735,0.3358490566037735,0.6641509433962264,107758.72,406.636679245283,258.05602519153047,589.29,0.6346107922937055,4043.68,103715.04,0.038988366585984,0,199,200,1.325,4,753.32,0.0150943396226415,0.0069908031572758,1.0,162,6,25,1,1,0.0,0.1127945888216447,0.4410964756140976,0.5854714375888312,0.08
486,283.13,0,58,20,2.9,5,1,6,0.9230769230769232,0.2564102564102564,0.7435897435897436,0.2564102564102564,5670093.57,72693.50730769231,372802.4223741778,2960455.25,5.128414299728367,5664430.97,5662.6,1000.3233444000988,0,196,197,0.3959390862944162,3,2960455.25,0.0384615384615384,0.5221175300639703,1.0,16,3,25,0,0,0.8333333333333334,0.5529257067718607,0.0657462195923734,0.4837455423254755,0.08
326,340.4,0,61,22,2.772727272727273,6,6,12,0.8554216867469879,0.2650602409638554,0.7349397590361446,0.2650602409638554,11002770.25,132563.4969879518,330288.0022162991,1821284.62,2.491545634514438,1260109.11,9742661.14,0.1293393141660677,3,198,196,0.423469387755102,2,1821284.62,0.0240963855421686,0.1655296419553975,1.0,16,12,53,0,0,3.0,0.5401364494121063,0.0702569313398171,0.5056608323138588,0.08
692,388.01,1,220,24,9.166666666666666,4,2,6,0.9754098360655736,0.0983606557377049,0.9016393442622952,0.0983606557377049,1113967.21,4565.439385245903,61876.83315532488,968488.31,13.55331391657324,1105040.09,8927.119999999999,123.7846125066091,0,199,200,1.22,3,969028.98,0.0122950819672131,0.8698900392229679,1.0,40,16,24,0,0,1.3333333333333333,0.8129535071217415,0.0096748185971513,0.571204354183541,0.08
433,323.48,0,63,21,3.0,3,7,10,0.8809523809523809,0.25,0.75,0.25,7787348.170000001,92706.52583333332,321201.2428867317,1722290.87,3.4647101700713434,8219.33,7779128.840000001,0.001056587462305,3,194,192,0.4375,3,1722502.2000000002,0.0357142857142857,0.2211923959732238,1.0,24,82,22,0,0,2.1,0.5625,0.0625,0.4987096339248259,0.08
179,194.69,1,208,101,2.0594059405940595,5,5,8,0.9741100323624596,0.3268608414239482,0.6731391585760518,0.3268608414239482,3044496.65,9852.739967637535,99522.519021303,1442595.5,10.10099924977176,3025011.01,19485.64,155.24309234903242,2,199,198,1.5606060606060606,6,1443188.8,0.0194174757281553,0.4740319881777502,1.0,203,17,25,2,2,1.125,0.4531163268084749,0.1068380096563714,0.6847790407173013,0.08
618,124.9,0,52,144,0.3611111111111111,3,8,11,0.9438775510204082,0.2653061224489796,0.2653061224489796,0.7346938775510204,9269.96,47.2957142857143,63.18282187107376,178.21,1.33591008879547,7022.12,2247.84,3.1239412057797704,1,199,199,0.984924623115578,9,303.0900000000001,0.0459183673469387,0.0326959339630376,0.0,112,61,15,0,0,2.1818181818181817,0.0703873386089129,0.5397750937109538,0.4683853510881626,0.08
974,192.45,1,319,701,0.4550641940085592,20,36,54,0.9470588235294116,0.3127450980392157,0.3127450980392157,0.6872549019607843,7814236.470000001,7661.016147058824,118267.9253467028,3062584.0,15.437629039864063,7679516.44,134720.03,57.00352382641245,0,199,200,5.1,38,3069347.67,0.0372549019607843,0.3927891972278642,0.0,3089,256,158,2,2,11.333333333333334,0.0978094963475586,0.4723193002691273,0.8417865862220703,0.2
89,317.96,0,235,17,13.823529411764708,5,1,6,0.9761904761904762,0.0674603174603174,0.9325396825396826,0.0674603174603174,879143.71,3488.6655158730173,47396.59939822299,754166.37,13.5858823904367,873738.56,5405.15,161.64927152807974,5,199,195,1.2923076923076924,3,755052.26,0.0119047619047619,0.8588496413174588,1.0,46,1,94,0,0,0.8333333333333334,0.869630259511212,0.0045508944318468,0.5706715650526553,0.08
343,429.68,0,56,180,0.3111111111111111,4,1,4,0.9830508474576272,0.2372881355932203,0.2372881355932203,0.7627118644067796,203562.69,862.5537711864406,7770.322674711425,119933.92,9.00850814671341,126222.09,77340.6,1.6320288438413977,0,199,200,1.18,2,120363.59,0.0084745762711864,0.5912851220427476,1.0,101,8,22,1,1,0.0,0.0563056592933065,0.5817293881068658,0.5577417848339051,0.08
922,215.7,0,142,14,10.142857142857142,12,14,26,0.8333333333333334,0.0897435897435897,0.9102564102564102,0.0897435897435897,27556707.02,176645.55782051283,829023.8479949593,5817683.5,4.693148575167225,8579592.63,18977114.39,0.4521020663985153,2,199,198,0.7878787878787878,3,5817860.03,0.0192307692307692,0.2111231950093868,1.0,28,58,79,0,0,6.461538461538462,0.8285667324128863,0.0080539119000657,0.5593439631871336,0.18
715,193.41,0,107,240,0.4458333333333333,7,10,17,0.9510086455331412,0.30835734870317,0.30835734870317,0.69164265129683,6583925.89,18973.84982708933,254912.9769827275,4262835.0,13.43496334722663,6579284.29,4641.6,1417.4604209755255,1,198,198,1.7525252525252526,13,4262835.0,0.0374639769452449,0.6474609634465373,0.0,370,44,45,0,0,4.117647058823529,0.0950842544992484,0.4783695570929083,0.7208859110014221,0.08
672,128.79,0,98,180,0.5444444444444444,7,9,16,0.9424460431654677,0.3525179856115107,0.3525179856115107,0.6474820143884892,2813508.34,10120.533597122298,160024.7885096221,2671909.75,15.811892423846508,2790327.94,23180.4,120.37445169194665,4,196,193,1.4404145077720207,12,2671909.75,0.0431654676258992,0.9496718783495768,0.0,324,79,65,0,0,3.9375,0.1242689301795973,0.4192329589565757,0.6724371107475309,0.08
662,166.9,0,80,180,0.4444444444444444,5,9,14,0.946153846153846,0.3076923076923077,0.3076923076923077,0.6923076923076923,150019.82,576.9993076923076,7036.725340474097,113819.17,12.19537917405357,119979.62,30040.2,3.9939687485436175,0,197,198,1.3131313131313131,10,113975.22,0.0384615384615384,0.7597344137594619,0.0,72,35,24,0,0,3.2142857142857144,0.0946745562130177,0.4792899408284023,0.5850177923364358,0.08
525,258.53,0,74,21,3.523809523809524,5,7,11,0.8842105263157894,0.2210526315789473,0.7789473684210526,0.2210526315789473,13751382.39,144751.39357894735,578927.4160490064,4308436.0,3.9994600517145256,45623.87,13705758.52,0.0033288102904646,3,193,191,0.4973821989528796,4,4308436.0,0.0421052631578947,0.3133093006804242,1.0,33,99,42,1,1,2.1818181818181817,0.6067590027700831,0.0488642659279778,0.5181600541753002,0.08
731,290.74,0,105,25,4.2,6,10,16,0.8769230769230769,0.1923076923076923,0.8076923076923077,0.1923076923076923,12064072.65,92800.55884615384,361023.3647263761,2158225.25,3.890314554300109,1771713.15,10292359.5,0.1721386772391695,3,198,196,0.6632653061224489,3,2158356.53,0.023076923076923,0.1789077861695403,1.0,17,99,23,0,0,3.75,0.6523668639053255,0.03698224852071,0.5443044375540644,0.18
772,182.93,0,95,200,0.475,6,10,16,0.9457627118644067,0.3220338983050847,0.3220338983050847,0.6779661016949152,920976.41,3121.9539322033897,46232.71762305753,791830.5,14.808904496046724,884392.41,36584.0,24.17429504701509,1,198,198,1.4898989898989898,11,791860.87,0.0372881355932203,0.8598058119642825,0.0,110,80,35,0,0,3.75,0.1037058316575696,0.4596380350474001,0.6497869718454361,0.08
353,440.4,0,266,180,1.477777777777778,7,2,7,0.984304932735426,0.4035874439461883,0.5964125560538116,0.4035874439461883,16025034.92,35930.571569506734,409483.3173802926,7496654.0,11.396515543543693,15945764.72,79270.2,201.15711477957672,1,199,199,2.241206030150754,5,7497404.23,0.0112107623318385,0.4678557187193948,0.0,467,2,82,2,2,0.0,0.3557079370186409,0.1628828249110177,0.8122180435751885,0.2
663,100.64,0,52,180,0.2888888888888888,4,9,12,0.9482758620689656,0.2241379310344827,0.2241379310344827,0.7758620689655172,217273.94,936.525603448276,10576.326314925229,157275.81,11.29315234520372,199160.54,18113.4,10.995204655117208,1,195,195,1.1897435897435895,9,157275.81,0.0387931034482758,0.723859520382426,0.0,9,96,36,1,1,2.0,0.0502378121284185,0.6019619500594531,0.5579329496718614,0.08
993,200.2,0,1052,44,23.90909090909091,36,2,38,0.9653284671532848,0.0401459854014598,0.95985401459854,0.0401459854014598,34821484.17,31771.42716240876,424003.7364595031,11475748.0,13.3454419372503,34812675.81,8808.36,3952.231267795594,0,199,200,5.48,10,11477583.68,0.0091240875912408,0.3296121332441183,0.0,474,2,221,0,0,1.894736842105263,0.9213197293409344,0.0016117001438542,0.808029197080292,0.18
80,379.63,0,43,17,2.5294117647058822,2,1,3,0.95,0.2833333333333333,0.7166666666666667,0.2833333333333333,9120.49,152.00816666666665,146.8780877745403,379.63,0.9662512942256852,2666.78,6453.71,0.4132165839493872,4,196,193,0.310880829015544,2,483.46,0.0333333333333333,0.0530081168884566,1.0,11,1,10,0,0,0.6666666666666666,0.5136111111111111,0.0802777777777777,0.3349887551806169,0.08
998,389.72,1,824,70,11.771428571428572,57,6,63,0.929530201342282,0.0782997762863534,0.9217002237136466,0.0782997762863534,25240795.47,28233.55197986577,315187.83085579594,6208009.0,11.16359114434366,25214273.38,26522.09,950.6895338941991,0,199,200,4.47,11,6208235.119999999,0.0123042505592841,0.2459603591883152,0.0,512,24,323,0,0,5.428571428571429,0.8495313023937862,0.0061308549664929,0.8156599552572708,0.18
915,124.68,1,153,462,0.3311688311688311,12,21,33,0.946341463414634,0.248780487804878,0.248780487804878,0.751219512195122,2321214.49,3774.332504065041,55643.689372919805,1180163.12,14.742656963314785,2318331.68,2882.8100000000004,804.1916324697083,3,198,196,3.1377551020408165,23,1180163.12,0.0373983739837398,0.5084248461674905,0.0,784,119,89,0,0,7.636363636363637,0.061891731112433,0.564330755502677,0.8038134233107987,0.08
391,241.22,0,92,26,3.5384615384615383,6,1,7,0.940677966101695,0.2203389830508474,0.7796610169491526,0.2203389830508474,3644011.44,30881.45288135593,331954.71649282845,3621520.0,10.749323154197825,3637739.72,6271.72,580.0226604504028,1,196,196,0.6020408163265306,2,3621678.61,0.0169491525423728,0.993871361172236,1.0,24,1,82,0,0,0.8571428571428571,0.6078713013501867,0.0485492674518816,0.5127228788025916,0.08
973,196.85,0,251,660,0.3803030303030303,16,33,48,0.947310647639956,0.2755214050493962,0.2755214050493962,0.7244785949506037,2038405.54,2237.5472447859493,37797.67384370471,1015515.06,16.892458441618537,1908484.54,129921.0,14.689577050669254,1,199,199,4.577889447236181,36,1015843.64,0.0395170142700329,0.4983520796357333,0.0,1254,234,92,1,1,10.0,0.0759120446403934,0.524869234541601,0.8064664925782707,0.2
143,597.65,0,200,176,1.1363636363636365,2,1,2,0.9946808510638298,0.4680851063829787,0.5319148936170213,0.4680851063829787,187012.4,497.37340425531903,109.72814125900304,597.65,0.2206152164957251,81826.0,105186.4,0.7779142550748006,0,199,200,1.88,2,1032.6,0.0053191489361702,0.0055215589982268,1.0,332,7,8,1,1,0.0,0.282933454051607,0.2191036668175645,0.6938705418863165,0.2
393,319.72,0,53,14,3.7857142857142856,3,1,4,0.9402985074626866,0.208955223880597,0.7910447761194029,0.208955223880597,11197.02,167.11970149253727,108.95566300749783,319.72,0.651961809615626,6720.94,4476.08,1.5015236546263695,2,199,198,0.3383838383838384,2,332.24,0.0298507462686567,0.0296721806337757,2.5,1,6,53,0,0,0.75,0.6257518378257964,0.0436622855869904,0.3312074456806788,0.08
693,317.31,0,616,21,29.33333333333333,9,1,10,0.9843014128728416,0.0329670329670329,0.967032967032967,0.0329670329670329,2294843.1,3602.5794348508653,65831.90171992868,1647820.12,18.273546193896458,2288179.8000000003,6663.3,343.40038719553377,0,199,200,3.185,5,1649484.41,0.0078492935635792,0.7187787304500252,0.0,125,1,73,0,0,0.9,0.9351527593285835,0.0010868252626494,0.7604137102135986,0.18
897,252.75,0,168,17,9.882352941176473,10,1,11,0.9405405405405404,0.0918918918918919,0.9081081081081082,0.0918918918918919,147120.93,795.2482702702703,6749.832646381865,80868.89,8.487704907660962,142824.18,4296.75,33.24004887414907,1,198,198,0.9343434343434344,3,81036.05,0.0162162162162162,0.550812518653872,1.0,23,1,82,0,0,0.9090909090909092,0.8246603360116874,0.0084441197954711,0.4825437286258253,0.08
91,315.94,0,21,25,0.84,2,1,3,0.9347826086956522,0.4565217391304347,0.4565217391304347,0.5434782608695652,87216.28,1896.006086956522,11198.57003988795,77015.38,5.906399835384468,79317.78,7898.5,10.042132050389316,1,199,199,0.2311557788944723,1,77015.38,0.0217391304347826,0.8830390381245337,4.0,0,18,14,0,0,0.6666666666666666,0.2084120982986767,0.2953686200378072,0.3957926727464135,0.08
224,343.46,0,197,17,11.588235294117649,3,5,6,0.97196261682243,0.0794392523364486,0.9205607476635514,0.0794392523364486,5413675.83,25297.550607476634,168422.52544200947,1544112.75,6.6576613702764,134879.5,5278796.33,0.0255511846959247,4,199,196,1.0918367346938775,3,1544694.71,0.014018691588785,0.285331955312145,1.0,37,31,26,2,2,0.5,0.8474320901388769,0.0063105948117739,0.5806282593349393,0.18
6,178.38,0,1,44,0.0227272727272727,1,2,3,0.9333333333333332,0.0222222222222222,0.0222222222222222,0.9777777777777776,312957.54,6954.612000000001,45540.05760290269,309033.18,6.548180919784265,309033.18,3924.36,78.74740849463352,28,199,172,0.2616279069767442,2,309033.18,0.0444444444444444,0.9874604075683876,0.5,0,7,12,0,0,0.6666666666666666,0.0004938271604938,0.9560493827160492,0.3434905536131953,0.0
207,188.39,0,43,105,0.4095238095238095,4,5,9,0.9391891891891893,0.2905405405405405,0.2905405405405405,0.7094594594594594,898310.7200000001,6069.667027027029,64903.33396169701,787885.31,10.69306333818565,894355.3700000001,3955.35,226.11282693061295,0,199,200,0.74,5,787885.31,0.0337837837837837,0.8770743713266608,0.0,5,40,33,0,0,2.2222222222222223,0.0844138056975894,0.5033327246165084,0.5249261195103662,0.08
168,156.06,0,22,100,0.22,2,5,7,0.9426229508196722,0.180327868852459,0.180327868852459,0.819672131147541,738061.77,6049.686639344265,64873.21886131763,719655.0,10.72340151296652,722456.77,15605.000000000002,46.29649279077218,0,194,195,0.6256410256410256,5,719655.0,0.040983606557377,0.9750606646378662,0.0,0,43,10,0,0,1.4285714285714286,0.0325181402848696,0.6718624025799517,0.4764135973595579,0.08
503,197.43,0,64,119,0.5378151260504201,4,7,11,0.9398907103825136,0.3497267759562841,0.3497267759562841,0.6502732240437158,99089.9,541.4748633879781,6413.291353087487,87052.95,11.844116480236735,95734.1,3355.8,28.527951606174383,0,199,200,0.915,8,87375.5,0.0437158469945355,0.8817800805127466,0.0,49,78,18,0,0,2.5454545454545454,0.1223088178207769,0.4228552659082086,0.522601526030734,0.08
854,462.79,0,145,180,0.8055555555555556,11,1,12,0.963076923076923,0.4461538461538462,0.4461538461538462,0.5538461538461539,15442248.79,47514.611661538445,475795.7821580575,7597657.5,10.013672963325488,15358946.59,83302.2,184.3762420440277,0,199,200,1.625,4,7598434.15,0.0123076923076923,0.4920548977892746,1.0,259,1,70,0,0,0.9166666666666666,0.1990532544378698,0.3067455621301775,0.7505026121619238,0.08
644,495.34,1,42,182,0.2307692307692307,3,3,6,0.9732142857142856,0.1875,0.1875,0.8125,187746.67,838.1547767857145,5923.343531865875,89233.07,7.06712375318271,98578.3,89168.37,1.1055299093164987,1,199,199,1.1256281407035176,3,89728.40000000001,0.0133928571428571,0.4779227242752162,1.0,83,27,38,0,0,1.5,0.03515625,0.66015625,0.5377863799001349,0.08
357,592.51,0,82,176,0.4659090909090909,5,1,5,0.9806201550387597,0.3178294573643411,0.3178294573643411,0.6821705426356589,2865285.64,11105.75829457364,169675.17604506342,2731132.0,15.278126134616851,2761003.88,104281.76,26.47638359766847,0,199,200,1.29,3,2731922.39,0.0116279069767441,0.953455513077572,1.0,134,10,22,1,1,0.0,0.1010155639685115,0.4653566492398293,0.6449221114757794,0.08
860,178.54,0,83,300,0.2766666666666666,8,15,23,0.9399477806788512,0.216710182767624,0.216710182767624,0.783289817232376,2106438.32,5499.838955613578,74727.43652404431,1354013.0,13.58720448491887,2052879.32,53559.0,38.329306372411736,1,199,199,1.9246231155778892,16,1354013.0,0.04177545691906,0.6427973642256946,0.0,120,121,52,0,0,5.217391304347826,0.046963303315177,0.613542937779929,0.6988934340689248,0.08
945,462.15,0,203,180,1.1277777777777778,15,1,15,0.9608355091383812,0.4699738903394256,0.5300261096605744,0.4699738903394256,10424094.37,27216.956579634472,236627.4923393427,3461023.0,8.69412021314694,10340909.17,83185.2,124.31188685006468,0,199,200,1.915,5,3461631.22,0.0130548302872062,0.3320798044540343,1.0,344,11,113,1,1,0.0,0.2809276769219232,0.2208754576007744,0.7816326855181028,0.2
188,266.88,0,195,20,9.75,2,1,3,0.986046511627907,0.0930232558139534,0.9069767441860463,0.0930232558139534,111333.34,517.8294883720929,167.7144292033159,589.78,0.3238796417920537,105995.74,5337.6,19.85831459832134,2,199,198,1.085858585858586,2,856.66,0.0093023255813953,0.007694550437452,1.0,40,11,6,0,0,0.6666666666666666,0.8226068144943213,0.0086533261222282,0.5018295820878538,0.08
382,380.22,0,6,13,0.4615384615384615,2,1,3,0.8421052631578947,0.3157894736842105,0.3157894736842105,0.6842105263157895,666094.74,35057.61789473684,80786.34657845514,321978.59,2.304387788726042,661151.88,4942.860000000001,133.75897354972625,12,184,173,0.1098265895953757,2,321978.59,0.1052631578947368,0.4833825740764745,7.0,1,1,5,0,0,0.6666666666666666,0.0997229916897506,0.4681440443213296,0.3756435833678128,0.08
114,191.0,0,23,72,0.3194444444444444,2,4,6,0.936842105263158,0.2421052631578947,0.2421052631578947,0.7578947368421053,1828543.21,19247.82326315789,179758.64066345693,1761198.0,9.33916725053952,1825105.21,3438.0,530.8624810936591,2,198,197,0.482233502538071,4,1761198.0,0.0421052631578947,0.9631700199198464,0.0,0,34,6,0,0,1.3333333333333333,0.0586149584487534,0.574404432132964,0.4771675693157322,0.08
249,408.13,1,80,177,0.4519774011299435,6,2,6,0.9766536964980544,0.311284046692607,0.311284046692607,0.688715953307393,100933.12,392.73587548638136,1361.0164250066389,22030.43,3.4654751703574225,29086.53,71846.59,0.4048421783135428,2,199,198,1.297979797979798,4,22438.56,0.0155642023346303,0.222311170010399,1.0,146,27,45,2,2,0.0,0.0968977577253251,0.4743296643401111,0.5753503814928483,0.08
952,537.37,0,231,180,1.2833333333333334,16,1,17,0.9586374695863747,0.437956204379562,0.5620437956204379,0.437956204379562,10016430.98,24370.878296836985,201479.23079076823,2790792.25,8.267212545102142,9919706.18,96724.8,102.55597509635584,0,199,200,2.055,4,2791472.77,0.0097323600973236,0.2786893630649267,0.0,396,1,89,0,0,0.9411764705882352,0.3158932281954286,0.1918056369545527,0.7898540091306835,0.2
528,327.18,0,75,19,3.947368421052632,5,8,13,0.8617021276595744,0.202127659574468,0.7978723404255319,0.202127659574468,20420011.52,217234.16510638292,758498.3500570022,4105503.75,3.491616291965648,587202.21,19832809.31,0.0296076163906806,1,197,197,0.4771573604060913,2,4105503.75,0.0212765957446808,0.2010529595430904,2.0,14,48,46,0,0,3.076923076923077,0.6366002716161159,0.040855590765052,0.5180971875296313,0.08
999,296.08,1,945,74,12.77027027027027,63,9,70,0.9313052011776252,0.0726202158979391,0.9273797841020608,0.0726202158979391,32993765.04,32378.572168792936,297932.16040519846,5246430.5,9.20152250235268,32972969.97,20795.07,1585.6147620565837,0,199,200,5.095,11,8547038.24,0.0107948969578017,0.2590501032433854,0.0,602,48,329,2,2,6.1,0.8600332639611848,0.0052736957570632,0.8145240431795879,0.18
605,158.16,0,44,136,0.3235294117647059,4,8,12,0.9333333333333332,0.2444444444444444,0.2444444444444444,0.7555555555555555,1831488.05,10174.933611111112,94230.47591496324,1132835.87,9.261040859476742,1828799.33,2688.72,680.1747039483472,2,197,196,0.9183673469387756,8,1132835.87,0.0444444444444444,0.6185330392955608,0.0,0,47,41,0,0,2.6666666666666665,0.059753086419753,0.5708641975308641,0.5626308639400979,0.08
656,402.02,0,70,176,0.3977272727272727,8,1,8,0.967479674796748,0.2845528455284553,0.2845528455284553,0.7154471544715447,15989188.24,64996.70016260162,566576.8681558577,6416077.0,8.717009736470587,15918434.48,70753.76,224.9835836286298,1,199,199,1.236180904522613,3,6416637.76,0.0121951219512195,0.4013110399155573,1.0,135,18,71,1,1,0.0,0.0809703218983409,0.5118646308414304,0.6660967269379592,0.08
328,290.32,1,103,24,4.291666666666667,8,6,14,0.889763779527559,0.1889763779527559,0.8110236220472441,0.1889763779527559,37940335.87,298742.8021259843,1160820.8990355656,8521733.0,3.8856865865040326,441434.01,37498901.86,0.011771918325717,4,198,195,0.6512820512820513,2,8521876.52,0.0157480314960629,0.2246125745749757,1.0,13,25,102,0,0,3.4285714285714284,0.6577593155186311,0.0357120714241428,0.5530099546445445,0.18
989,264.6,0,359,38,9.447368421052632,26,2,28,0.929471032745592,0.0957178841309823,0.9042821158690176,0.0957178841309823,22568965.63,56848.77992443326,390615.8284720148,5449206.0,6.871138289884925,22558910.83,10054.8,2243.596175955762,0,199,200,1.985,5,5449206.0,0.0125944584382871,0.2414468651038483,0.0,128,2,204,0,0,1.8571428571428568,0.8177261450805474,0.0091619133425121,0.7293828658301891,0.18
598,256.02,0,62,24,2.583333333333333,4,1,5,0.9418604651162792,0.2790697674418604,0.7209302325581395,0.2790697674418604,190955.89,2220.4173255813957,18605.986766172337,173746.01,8.379499903830256,184811.65,6144.24,30.07884620392433,1,197,197,0.4365482233502538,3,173746.01,0.0348837209302325,0.9098751025694992,2.0,16,9,40,0,0,0.8,0.519740400216333,0.0778799351000541,0.4273823342134361,0.08
939,271.16,0,183,15,12.2,9,15,24,0.8787878787878788,0.0757575757575757,0.9242424242424242,0.0757575757575757,9471285.0,47834.77272727272,354716.7612702987,4485111.5,7.415458275357477,6324695.42,3146589.58,2.010016005964146,0,198,199,0.9949748743718592,4,4485239.58,0.0202020202020202,0.4735618852140971,1.0,23,59,44,0,0,5.625,0.8542240587695132,0.0057392102846648,0.5758772709998329,0.18
828,215.29,0,59,25,2.36,7,13,18,0.7857142857142857,0.2976190476190476,0.7023809523809523,0.2976190476190476,17340016.75,206428.7708333333,619346.6318622555,4131146.5,3.000292204240775,3993398.93,13346617.82,0.29920680908506,1,198,198,0.4242424242424242,3,4131146.5,0.0357142857142857,0.2382435126540463,3.0,12,111,40,2,2,3.055555555555556,0.4933390022675736,0.0885770975056689,0.5217872552817787,0.08
643,483.02,0,67,180,0.3722222222222222,5,1,5,0.979757085020243,0.2712550607287449,0.2712550607287449,0.728744939271255,2172729.67,8796.476396761132,101733.72216803468,1569176.0,11.565281094313296,2085787.87,86941.8,23.990622117324463,1,199,199,1.2412060301507537,3,1569659.01,0.0121457489878542,0.7224364041569884,1.0,134,10,42,1,1,0.0,0.0735793079709551,0.5310691865134652,0.6227730423612127,0.08
420,298.37,0,25,18,1.3888888888888888,3,7,10,0.7674418604651163,0.4186046511627907,0.5813953488372093,0.4186046511627907,12608347.33,293217.3797674419,568889.916163702,2499891.75,1.9401643811662967,5799634.12,6808713.21,0.8517959181306155,13,191,179,0.2402234636871508,2,2499891.75,0.0465116279069767,0.1982727541183623,3.0,4,57,14,0,0,2.1,0.3380205516495402,0.1752298539751216,0.4938011999916935,0.08
904,140.89,0,202,323,0.6253869969040248,10,17,27,0.9485714285714286,0.3847619047619047,0.3847619047619047,0.6152380952380953,18947.93,36.09129523809524,53.80649960241993,175.8,1.4908442395169534,16273.49,2674.44,6.084821495341082,0,197,198,2.6515151515151514,21,465.0,0.04,0.0245409393004935,0.0,765,85,67,0,0,6.296296296296297,0.148041723356009,0.3785179138321995,0.7078992510056543,0.2
526,387.43,0,65,17,3.823529411764706,4,8,12,0.8536585365853658,0.2073170731707317,0.7926829268292683,0.2073170731707317,11290368.05,137687.41524390245,506853.7113536458,3171374.25,3.681191272679455,1382132.22,9908235.83,0.1394932704180498,5,196,192,0.4270833333333333,2,3171374.25,0.024390243902439,0.280892016624737,2.0,8,74,22,0,0,2.6666666666666665,0.6283462224866152,0.0429803688280785,0.4954827020181267,0.08
137,329.39,1,63,20,3.15,3,6,9,0.891566265060241,0.2409638554216867,0.7590361445783133,0.2409638554216867,11754711.73,141623.03289156628,566756.5417442411,4667506.0,4.001866999827482,6069.8,11748641.93,0.0005166384366946,4,198,195,0.4256410256410256,2,4667506.0,0.0240963855421686,0.397075326661371,2.0,15,41,17,0,0,2.0,0.5761358687763101,0.0580635796196835,0.502715039036297,0.08
872,130.49,0,169,300,0.5633333333333334,9,15,24,0.9488272921108742,0.3603411513859275,0.3603411513859275,0.6396588486140725,135876.06,289.7144136460556,3937.01921686503,85454.18,13.589310822743156,96729.06,39147.0,2.4709188443558894,0,199,200,2.345,16,85602.75,0.0341151385927505,0.6300061246992296,0.0,165,91,70,0,0,5.625,0.1298457453821359,0.4091634426102809,0.7149999358611012,0.2
371,103.94,0,80,120,0.6666666666666666,4,6,10,0.95,0.4,0.4,0.6,23779.4,118.897,27.69238272521886,197.19,0.2329106935012562,11306.6,12472.8,0.9065005451863256,4,199,196,1.020408163265306,8,878.9800000000002,0.04,0.0369639267601369,0.0,240,46,38,0,0,2.4,0.16,0.36,0.5207010867269821,0.08
941,480.94,0,215,180,1.1944444444444444,13,1,14,0.9645569620253164,0.4556962025316455,0.5443037974683544,0.4556962025316455,789771.23,1999.420835443038,20147.20283602367,351886.56,10.076519399458688,703202.03,86569.2,8.123004833127718,0,198,199,1.984924623115578,6,352367.5,0.0151898734177215,0.4461640113175558,0.0,413,1,104,0,0,0.9285714285714286,0.2962666239384714,0.2076590290017625,0.7330633932912851,0.2
884,212.48,0,470,20,23.5,12,1,13,0.973469387755102,0.0408163265306122,0.9591836734693876,0.0408163265306122,3828779.48,7813.835673469389,105239.42007993834,1694316.62,13.468343138730408,3824530.08,4249.4,900.0164917400105,1,199,199,2.4623115577889445,5,1695427.1800000002,0.010204081632653,0.4428113942984253,0.0,95,2,65,0,0,0.9230769230769232,0.920033319450229,0.0016659725114535,0.7317044581780795,0.18
567,127.7,0,57,140,0.4071428571428571,4,7,11,0.9441624365482232,0.2893401015228426,0.2893401015228426,0.7106598984771574,2417031.0,12269.192893401016,159114.48808928116,2234778.5,12.96861900140643,2399154.4,17876.6,134.20641509011782,1,194,194,1.0154639175257731,7,2234778.5,0.0355329949238578,0.9245965401353976,0.0,7,57,33,0,0,2.5454545454545454,0.0837176943492488,0.5050374913035637,0.5936290478990178,0.08
54,501.59,0,24,178,0.1348314606741573,2,1,2,0.99009900990099,0.1188118811881188,0.1188118811881188,0.8811881188118812,265656.3,1315.1301980198014,11825.120286493644,168871.59,8.991596652786766,176375.06,89281.23999999999,1.975499668239375,3,199,197,1.0253807106598984,2,169373.16999999998,0.0099009900990099,0.6375650417475512,1.0,45,7,4,1,1,0.0,0.0141162631114596,0.776492500735222,0.5153356338754812,0.08
500,102.94,0,2,161,0.0124223602484472,1,7,8,0.950920245398773,0.0122699386503067,0.0122699386503067,0.9877300613496932,555941.95,3410.6868098159484,42720.7298712059,547119.12,12.525550498584549,553575.25,2366.7,233.90174082055185,3,187,185,0.8810810810810811,7,547119.12,0.0429447852760736,0.9841299437827996,0.0,0,71,8,0,0,0.875,0.0001505513944822,0.9756106740938688,0.4849990280075161,0.0
614,179.22,0,40,96,0.4166666666666667,2,8,10,0.9264705882352942,0.2941176470588235,0.2941176470588235,0.7058823529411765,4687.599999999999,34.46764705882352,31.66283654370025,110.55,0.9186248335914402,2537.2,2150.4,1.179873511904762,4,197,194,0.7010309278350515,10,306.05999999999995,0.0735294117647058,0.0652914071166481,0.0,56,86,13,0,0,1.6,0.0865051903114186,0.4982698961937716,0.4091625899258279,0.08
409,130.28,0,93,175,0.5314285714285715,5,7,12,0.9552238805970148,0.3470149253731343,0.3470149253731343,0.6529850746268657,13010.26,48.54574626865672,56.36999949529714,189.72,1.1611727870726358,9753.51,3256.75,2.9948599063483536,0,199,200,1.34,8,227.22,0.0298507462686567,0.017464677877306,0.0,112,69,27,0,0,2.9166666666666665,0.1204193584317219,0.4263895076854534,0.5459683271704563,0.08
387,351.57,0,85,14,6.071428571428571,5,1,6,0.9393939393939394,0.1414141414141414,0.8585858585858586,0.1414141414141414,7885598.98,79652.51494949496,787035.2227346658,7870902.0,9.880858416506989,7880677.0,4921.98,1601.1192650112357,3,199,197,0.5025380710659898,3,7870902.0,0.0303030303030303,0.9981362252839288,1.0,3,7,26,0,0,0.8333333333333334,0.7371696765636159,0.0199979593918987,0.4918288773915771,0.18
962,177.59,1,480,621,0.7729468599033816,22,31,51,0.9536784741144414,0.4359673024523161,0.4359673024523161,0.5640326975476839,7364849.47,6689.236575840145,102656.77571237966,2515140.5,15.346560784402566,7254745.76,110103.71,65.8901117864239,0,199,200,5.505,37,2515733.17,0.033605812897366,0.341586502242523,0.0,4653,226,170,2,2,11.372549019607844,0.1900674888075492,0.3181328839029171,0.8652023880449078,0.2
459,437.83,0,67,180,0.3722222222222222,5,1,5,0.979757085020243,0.2712550607287449,0.2712550607287449,0.728744939271255,5065952.23,20509.928056680168,262355.92771472497,4074282.5,12.791655192046106,4987144.63,78807.6,63.28253404493982,0,199,200,1.235,3,4074720.32,0.0121457489878542,0.8043345327794374,1.0,103,30,35,1,1,0.0,0.0735793079709551,0.5310691865134652,0.6394206227753657,0.08
658,413.29,0,110,180,0.6111111111111112,6,1,6,0.9793103448275862,0.3793103448275862,0.3793103448275862,0.6206896551724138,233964.99,806.775827586207,8697.897589418604,148645.98,10.7810587427264,159572.79,74392.2,2.145020445691887,0,199,200,1.45,4,149059.27000000002,0.0137931034482758,0.637100747423792,1.0,171,3,57,1,1,0.0,0.1438763376932223,0.3852556480380499,0.6274963112839526,0.08
671,175.16,0,96,180,0.5333333333333333,6,9,15,0.9456521739130436,0.3478260869565217,0.3478260869565217,0.6521739130434783,49207.6,178.2884057971014,570.8366399014521,9586.48,3.2017597406254485,17678.8,31528.8,0.5607190885793306,3,199,197,1.401015228426396,9,9759.06,0.0326086956521739,0.198324242596672,0.0,0,37,47,0,0,3.6,0.1209829867674858,0.4253308128544423,0.5822045107784952,0.08
411,181.0,0,255,140,1.8214285714285716,7,7,12,0.9696202531645568,0.3544303797468354,0.6455696202531646,0.3544303797468354,551887.86,1397.1844556962028,13365.938293192468,240130.7,9.566337671952096,548268.86,3619.0,151.49733628074054,0,199,200,1.975,9,240690.56,0.0227848101265822,0.4361222223659712,0.0,336,43,61,2,2,2.083333333333333,0.4167601345938151,0.1256208940874859,0.7042785466565397,0.2
15,125.05,0,221,40,5.525,3,2,4,0.9846743295019156,0.1532567049808429,0.8467432950191571,0.1532567049808429,104970.99,402.1877011494254,217.2192687735507,547.09,0.5400942598511905,102470.19,2500.8,40.97496401151631,0,199,200,1.305,4,771.52,0.0153256704980842,0.0073498401796534,1.0,82,13,17,1,1,0.5,0.7169742076598994,0.0234876176215851,0.5455633935055992,0.08
987,272.64,0,361,30,12.033333333333331,25,2,27,0.9309462915601024,0.0767263427109974,0.9232736572890026,0.0767263427109974,15979938.34,40869.40751918159,323183.79573749995,3664479.5,7.907719131622287,15971759.14,8179.2,1952.7287680946797,1,199,199,1.964824120603015,8,5552283.7,0.0204603580562659,0.3474533869822179,0.0,130,12,172,0,0,1.851851851851852,0.8524342462438106,0.0058869316658054,0.7174280600711417,0.18
698,237.35,0,98,20,4.9,5,1,6,0.9491525423728814,0.1694915254237288,0.8305084745762712,0.1694915254237288,10384.48,88.0040677966102,78.71738627582282,237.35,0.8944744060893842,5637.4800000000005,4747.0,1.1875879502843902,0,199,200,0.59,4,467.84,0.0338983050847457,0.0450518466018519,1.0,34,6,26,0,0,0.8333333333333334,0.6897443263430049,0.0287273771904625,0.3784994222573367,0.08
124,207.28,0,26,20,1.3,2,4,6,0.8695652173913043,0.4347826086956521,0.5652173913043478,0.4347826086956521,7910742.3,171972.65869565218,386301.3832441772,1312457.0,2.2462953481915533,916354.09,6994388.21,0.1310127580121836,8,199,192,0.2395833333333333,2,1312457.0,0.0434782608695652,0.1659081980208102,2.0,6,58,13,0,0,1.3333333333333333,0.3194706994328922,0.1890359168241966,0.487197171391937,0.08
288,282.94,0,16,25,0.64,2,1,3,0.926829268292683,0.3902439024390244,0.3902439024390244,0.6097560975609756,2366771.73,57726.139756097546,330997.2434550877,2140411.5,5.733923052080143,2359698.23,7073.5,333.596978864777,7,199,193,0.2124352331606217,2,2140411.5,0.048780487804878,0.9043590781777676,4.0,2,31,7,0,0,0.6666666666666666,0.1522903033908388,0.37180249851279,0.4459632477540952,0.08
280,295.61,0,23,22,1.0454545454545454,2,1,3,0.9333333333333332,0.4888888888888889,0.5111111111111111,0.4888888888888889,2180224.25,48449.42777777779,280523.1464158756,1890778.87,5.790019805859144,2173721.0500000003,6503.200000000001,334.2540672284414,4,197,194,0.2319587628865979,1,1890778.87,0.0222222222222222,0.8672405464713091,4.0,4,5,12,0,0,0.6666666666666666,0.2612345679012345,0.2390123456790123,0.4692512800920204,0.08
770,142.69,0,114,220,0.5181818181818182,6,11,17,0.9491017964071856,0.3413173652694611,0.3413173652694611,0.6586826347305389,53905.26,161.39299401197607,67.31350565622402,361.01,0.4170782385462721,22513.46,31391.8,0.7171764600946744,2,199,198,1.6868686868686869,13,2130.9000000000005,0.0389221556886227,0.0395304651160202,0.0,286,73,44,0,0,3.882352941176471,0.1164975438344867,0.4338628132955645,0.6198474349360055,0.08
466,104.46,0,117,140,0.8357142857142857,7,7,14,0.9455252918287936,0.4552529182879377,0.4552529182879377,0.5447470817120622,593112.0,2307.828793774319,34387.33074693041,552360.75,14.900295394396196,578489.0,14623.0,39.56021336251112,2,199,198,1.297979797979798,8,553091.9,0.0311284046692607,0.9325252228921352,0.0,175,75,68,0,0,3.5,0.2072552196096837,0.2967493830338082,0.6408800610038146,0.08
26,286.83,0,223,18,12.38888888888889,3,3,5,0.979253112033195,0.0746887966804979,0.925311203319502,0.0746887966804979,8429070.44,34975.39601659751,238547.04076854323,3242925.25,6.820424296420867,99974.69,8329095.75,0.0120030664793354,0,199,200,1.205,3,3243461.45,0.0124481327800829,0.3847946784983802,1.0,42,9,24,1,1,0.8,0.856200822988585,0.0055784163495807,0.6062175484721617,0.18
980,379.89,1,877,20,43.85,24,2,26,0.9710144927536232,0.0222965440356744,0.9777034559643256,0.0222965440356744,8673887.24,9669.885440356742,128604.54809771432,2600040.75,13.299490349801896,8666665.200000001,7222.04,1200.0300746049595,0,199,200,4.485,8,2600747.21,0.0089186176142697,0.2998364099093361,0.0,186,8,160,0,0,1.8461538461538465,0.9559040478045858,0.0004971358759347,0.7858619223033724,0.18
515,160.48,0,81,161,0.5031055900621118,4,7,11,0.9545454545454546,0.3347107438016529,0.3347107438016529,0.6652892561983471,9129.91,37.72690082644628,43.90247773348248,182.92,1.1636916039153462,5439.79,3690.12,1.4741498921444287,3,198,196,1.2346938775510203,9,360.4000000000001,0.0371900826446281,0.0394746498048721,0.0,112,58,15,0,0,2.5454545454545454,0.1120312820162557,0.4426097944129499,0.5209929139934305,0.08
592,341.26,0,47,25,1.88,6,1,7,0.9027777777777778,0.3472222222222222,0.6527777777777778,0.3472222222222222,944149.22,13113.183611111112,81320.18608193022,683469.93,6.201406805058818,935617.72,8531.5,109.66626267362128,0,197,198,0.3636363636363636,2,683469.93,0.0277777777777777,0.7239003279587521,3.0,9,3,28,0,0,0.8571428571428571,0.4261188271604938,0.1205632716049382,0.4570084448262244,0.08
268,133.34,0,48,120,0.4,2,6,8,0.9523809523809524,0.2857142857142857,0.2857142857142857,0.7142857142857143,16979.52,101.06857142857146,51.36551481533986,133.33,0.5082244073434993,979.92,15999.600000000002,0.061246531163279,4,199,196,0.8571428571428571,7,805.8200000000002,0.0416666666666666,0.0474583498237877,0.0,54,58,12,0,0,1.5,0.0816326530612244,0.5102040816326531,0.4631015318518713,0.08
510,193.83,0,85,140,0.6071428571428571,4,7,11,0.9511111111111112,0.3777777777777777,0.3777777777777777,0.6222222222222222,14432.25,64.14333333333335,66.15994498183927,176.53,1.0314391464195696,10555.65,3876.6,2.7229144095341278,2,194,193,1.16580310880829,8,361.96,0.0355555555555555,0.0250799424899097,0.0,77,47,46,0,0,2.5454545454545454,0.142716049382716,0.3871604938271605,0.5287896406010922,0.08
630,355.71,0,81,19,4.2631578947368425,5,9,14,0.86,0.19,0.81,0.19,10893680.8,108936.808,387094.9048485729,2535886.5,3.553389455367307,157180.83,10736499.97,0.0146398575363661,4,198,195,0.5128205128205128,3,2535913.05,0.03,0.2327875303634745,1.0,21,88,46,0,0,3.2142857142857144,0.6561000000000001,0.0360999999999999,0.5104959415855864,0.18
279,129.34,0,65,120,0.5416666666666666,4,6,10,0.945945945945946,0.3513513513513513,0.3513513513513513,0.6486486486486487,155792.06000000003,842.1192432432431,9690.694689048674,132225.92,11.507508903046824,140272.46000000002,15519.600000000002,9.038406917704064,5,199,195,0.9487179487179488,6,132225.92,0.0324324324324324,0.8487333693385913,0.0,144,35,36,0,0,2.4,0.1234477720964207,0.4207450693937181,0.5380624065513631,0.08
366,171.81,0,228,120,1.9,5,6,10,0.971264367816092,0.3448275862068966,0.6551724137931034,0.3448275862068966,720542.82,2070.5253448275857,28185.264043686693,520518.43,13.612614843907505,699926.82,20616.0,33.950660651920835,3,199,197,1.766497461928934,9,522040.82,0.0258620689655172,0.7245104739229793,1.0,306,48,38,1,1,2.0,0.4292508917954815,0.1189060642092746,0.6839542199107224,0.08
766,141.4,0,40,220,0.1818181818181818,3,11,14,0.946153846153846,0.1538461538461538,0.1538461538461538,0.8461538461538461,159734.94,614.3651538461538,6462.865649961473,102861.95,10.519583686512062,128629.14,31105.8,4.135214011534827,5,198,194,1.3402061855670102,11,102861.95,0.0423076923076923,0.643953977758404,0.0,11,105,21,0,0,2.357142857142857,0.0236686390532544,0.7159763313609467,0.5593834763459872,0.08
903,192.15,1,184,307,0.5993485342019544,11,19,30,0.9389002036659878,0.3747454175152749,0.3747454175152749,0.6252545824847251,3426673.55,6978.968533604888,114271.46329406652,2262063.75,16.373689427575226,3423392.82,3280.73,1043.4850841123773,3,198,196,2.5051020408163267,21,2262203.22,0.0427698574338085,0.6601747108358192,0.0,667,125,70,0,0,6.966666666666667,0.1404341279486977,0.3909432929181479,0.8002347697022144,0.2
334,389.59,0,48,20,2.4,4,6,10,0.8529411764705882,0.2941176470588235,0.7058823529411765,0.2941176470588235,5809145.36,85428.60823529412,277929.9201219644,1738374.62,3.25335886728329,1485467.77,4323677.59,0.3435658045909015,1,198,198,0.3434343434343434,3,1738374.62,0.0441176470588235,0.2992479120887414,3.0,14,17,19,0,0,2.4,0.4982698961937716,0.0865051903114186,0.4791607715966001,0.08
202,115.77,0,52,75,0.6933333333333334,3,5,7,0.9448818897637796,0.4094488188976378,0.4094488188976378,0.5905511811023622,4325.01,34.05519685039369,30.3660377232278,103.55,0.8916711847718114,2588.76,1736.25,1.4910064794816411,3,198,196,0.6479591836734694,6,138.9,0.0472440944881889,0.0321155326808492,0.0,115,38,15,1,1,1.1428571428571428,0.1676483352966706,0.348750697501395,0.4201180183030312,0.08
938,247.23,0,120,24,5.0,10,23,33,0.7708333333333334,0.1666666666666666,0.8333333333333334,0.1666666666666666,25801864.43,179179.61409722222,679623.368713509,3774002.75,3.792972610962024,5817772.61,19984091.82,0.2911201901193026,0,199,200,0.72,2,5712257.62,0.0138888888888888,0.2213893354682664,1.0,31,87,58,0,0,6.96969696969697,0.6944444444444445,0.0277777777777777,0.5619786901014073,0.18
727,336.1,0,100,16,6.25,5,10,14,0.8793103448275862,0.1379310344827586,0.8620689655172413,0.1379310344827586,3551872.65,30619.591810344828,139907.79507483792,1178989.37,4.569224695790036,10738.72,3541133.93,0.0030325653342346,0,198,199,0.5829145728643216,3,1179161.37,0.0258620689655172,0.3319830090192001,1.0,28,100,75,1,1,2.571428571428572,0.7431629013079666,0.0190249702734839,0.4917536867029309,0.18
194,282.88,0,71,28,2.5357142857142856,4,1,5,0.9494949494949496,0.2828282828282828,0.7171717171717171,0.2828282828282828,29710.1,300.1020202020201,901.4717674722012,9131.51,3.003884368606903,21789.46,7920.639999999999,2.7509721436651584,1,194,194,0.5103092783505154,2,9147.55,0.0202020202020202,0.3078936119366815,1.5,15,1,71,0,0,0.8,0.5143352719110295,0.0799918375675951,0.4060330853790019,0.08
342,596.6,0,39,180,0.2166666666666666,2,1,3,0.9863013698630136,0.1780821917808219,0.1780821917808219,0.821917808219178,111597.33,509.57684931506856,190.4775295622961,596.59,0.3737954929042015,4211.13,107386.2,0.0392148153114646,0,199,200,1.095,3,808.1,0.0136986301369863,0.0072412126705898,1.0,75,2,24,0,0,0.6666666666666666,0.0317132670294614,0.6755488834678175,0.5203309915128236,0.08
59,509.49,0,239,180,1.3277777777777775,4,1,4,0.9904534606205252,0.4295942720763723,0.5704057279236276,0.4295942720763723,205421.1,490.265155131265,137.34219698341553,580.1,0.280138605703363,113714.7,91706.4,1.2399865222056474,0,199,200,2.095,3,1276.46,0.0071599045346062,0.0062138699481212,0.0,436,13,31,1,1,0.0,0.3253626944480835,0.1845512386008282,0.7118364685002003,0.2
936,258.55,0,215,15,14.333333333333334,13,15,28,0.8782608695652174,0.0652173913043478,0.9347826086956522,0.0652173913043478,11555773.67,50242.49421739129,315860.60802429426,2998651.0,6.286722284479261,2658527.62,8897246.05,0.2988034280562579,0,197,198,1.1616161616161615,4,2998797.08,0.017391304347826,0.2595063875113089,1.0,22,96,99,0,0,6.964285714285714,0.8738185255198488,0.0042533081285444,0.6043222150142695,0.18
597,352.4,0,94,15,6.266666666666667,6,1,7,0.9357798165137614,0.1376146788990825,0.8623853211009175,0.1376146788990825,23096.24,211.8921100917431,415.92972228154,4385.6,1.9629316169509785,17810.39,5285.849999999999,3.3694467304217866,4,197,194,0.5618556701030928,4,4385.6,0.036697247706422,0.1898837213329962,1.0,22,1,49,0,0,0.8571428571428571,0.7437084420503325,0.0189377998484975,0.382821827276129,0.08
651,410.48,1,60,177,0.3389830508474576,5,2,6,0.9746835443037974,0.2531645569620253,0.2531645569620253,0.7468354430379747,130980.38,552.6598312236288,3447.558379344698,53469.24,6.238120059696676,58724.84,72255.54000000001,0.8127382343277759,3,199,197,1.2030456852791878,3,53627.85,0.0126582278481012,0.4094342221331164,1.0,80,8,46,1,1,0.6666666666666666,0.0640922929017785,0.5577631789777279,0.5552345648751505,0.08
218,172.56,0,40,85,0.4705882352941176,2,5,7,0.944,0.32,0.32,0.68,8172.35,65.3788,45.91159664572776,147.08,0.7022398184996935,5239.0,2933.35,1.7860125794739805,5,198,194,0.6443298969072165,6,319.63,0.048,0.0391111491798564,0.0,20,25,7,0,0,1.4285714285714286,0.1023999999999999,0.4624,0.4147000281710156,0.08
562,120.4,0,20,160,0.125,5,8,13,0.9277777777777778,0.1111111111111111,0.1111111111111111,0.8888888888888888,1993648.26,11075.823666666663,102561.58903124538,1301451.5,9.259951414711526,1974384.26,19264.0,102.49087728405316,7,197,191,0.9424083769633508,9,1301451.5,0.05,0.6527989546159964,0.0,32,76,44,0,0,3.076923076923077,0.0123456790123456,0.7901234567901234,0.541826548154141,0.18
185,330.17,0,60,22,2.727272727272727,5,1,6,0.926829268292683,0.2682926829268293,0.7317073170731707,0.2682926829268293,2378767.87,29009.36426829268,176567.058669789,1503527.0,6.086553880905874,2371504.13,7263.740000000001,326.48527204993565,1,199,199,0.4120603015075377,2,1503527.0,0.024390243902439,0.6320612527863007,2.0,7,28,35,0,0,0.8333333333333334,0.5353955978584176,0.0719809637120761,0.4718857220593728,0.08
297,285.31,0,89,16,5.5625,4,1,5,0.9523809523809524,0.1523809523809524,0.8476190476190476,0.1523809523809524,25438.36,242.27009523809525,133.4792416641218,389.95,0.5509521987554539,20873.56,4564.8,4.572721696459867,2,197,196,0.5357142857142857,3,697.02,0.0285714285714285,0.027400351280507,1.5,7,7,17,0,0,0.8,0.7184580498866213,0.023219954648526,0.382218557747456,0.08
444,526.46,0,42,180,0.2333333333333333,4,1,4,0.981981981981982,0.1891891891891892,0.1891891891891892,0.8108108108108109,3168297.69,14271.611216216215,130953.36593537335,1686558.37,9.175794095804452,3073534.89,94762.8,32.43398137243729,0,199,200,1.11,2,1687084.83,0.009009009009009,0.5324893665531789,1.0,77,6,19,1,1,0.0,0.0357925493060628,0.6574141709276844,0.5943128542450271,0.18
253,587.69,1,178,180,0.9888888888888888,1,1,2,0.994413407821229,0.4972067039106145,0.4972067039106145,0.5027932960893855,194736.14,543.9556983240225,43.97931368647736,587.69,0.0808509108774513,88951.94,105784.2,0.8408811523838153,0,199,200,1.79,2,1087.42,0.0055865921787709,0.0055840687814804,1.0,315,2,5,0,0,0.5,0.2472145064136574,0.2528010985924285,0.6900761391046712,0.2
594,335.64,0,119,26,4.576923076923077,7,1,8,0.9448275862068966,0.1793103448275862,0.8206896551724138,0.1793103448275862,48957.25,337.6362068965517,1257.6052533572763,15346.59,3.7247345742827687,40230.61,8726.64,4.610091627476326,0,197,198,0.7323232323232324,3,15346.59,0.0206896551724137,0.3134692001695356,1.0,36,2,42,0,0,0.875,0.6735315101070154,0.0321521997621878,0.4408678456624055,0.08
200,144.54,0,243,105,2.3142857142857145,4,5,8,0.9770114942528736,0.3017241379310345,0.6982758620689655,0.3017241379310345,84236.15,242.0579022988506,192.10028514498245,416.08,0.7936129468221647,81201.65,3034.5,26.75948261657604,3,199,197,1.766497461928934,8,765.09,0.0229885057471264,0.0090826800607577,1.0,290,40,34,1,1,1.5,0.4875891795481569,0.0910374554102259,0.630809221069437,0.08
81,384.62,0,0,18,0.0,0,1,1,0.9444444444444444,0.0,0.0,1.0,6922.9800000000005,384.61,5.684341886080803e-14,384.61,1.4779495816751522e-16,0.0,6922.9800000000005,0.0,3,192,190,0.0947368421052631,1,384.61,0.0555555555555555,0.0555555555555555,9.0,0,1,0,0,0,0.0,0.0,1.0,0.2132498850835885,0.0
424,230.27,1,104,27,3.851851851851852,7,11,18,0.8625954198473282,0.2061068702290076,0.7938931297709924,0.2061068702290076,5762860.220000001,43991.29938931298,201654.68682090248,1537170.37,4.583967503126116,336302.62000000005,5426557.600000001,0.0619734728329429,2,199,198,0.6616161616161617,3,1537170.37,0.0229007633587786,0.2667374031848372,1.0,24,82,40,0,0,4.277777777777778,0.6302663014975817,0.042480041955597,0.5314118767365344,0.08
538,248.57,0,49,17,2.8823529411764706,6,8,14,0.7878787878787878,0.2575757575757575,0.7424242424242424,0.2575757575757575,17933370.9,271717.74090909096,850710.0517968887,5693326.5,3.1308594313740894,10563383.45,7369987.45,1.4332973457098626,2,192,191,0.3455497382198952,3,5693626.49,0.0454545454545454,0.3174878009131011,2.0,0,65,50,0,0,3.4285714285714284,0.5511937557392103,0.0663452708907254,0.4957539313485253,0.08
639,227.91,0,53,14,3.7857142857142856,4,9,13,0.8059701492537313,0.208955223880597,0.7910447761194029,0.208955223880597,10295553.55,153664.97835820896,623002.7444256386,3773729.0,4.054292338318981,3776982.8,6518570.75,0.5794188549690896,2,198,197,0.3401015228426396,2,3773864.91,0.0298507462686567,0.3665528902037521,3.0,8,32,29,0,0,2.769230769230769,0.6257518378257964,0.0436622855869904,0.4731814202065509,0.08
707,187.75,1,66,287,0.229965156794425,5,12,17,0.9518413597733713,0.1869688385269121,0.1869688385269121,0.8130311614730878,5296221.14,15003.459320113316,179595.3586062419,2540635.5,11.970263308907716,5291322.0200000005,4899.12,1080.055605904734,2,196,195,1.8102564102564105,11,2540635.5,0.0311614730878186,0.4797072163040383,0.0,23,108,24,0,0,3.5294117647058822,0.0349573465801025,0.6610196695262782,0.6989310211208484,0.18
37,279.76,0,1,16,0.0625,1,3,4,0.7647058823529411,0.0588235294117647,0.0588235294117647,0.9411764705882352,9875672.94,580921.9376470589,842739.1672891229,2414923.0,1.4506926192226743,7662.58,9868010.36,0.0007765070891149,13,193,181,0.0939226519337016,1,2414923.0,0.0588235294117647,0.244532500688505,9.5,0,14,7,0,0,0.75,0.0034602076124567,0.8858131487889274,0.3754298632470651,0.1
296,339.92,0,25,17,1.4705882352941178,4,1,5,0.8809523809523809,0.4047619047619047,0.5952380952380952,0.4047619047619047,3946789.29,93971.17357142858,521399.1515379209,3411978.0,5.548501010701962,3941010.65,5778.64,681.996222294519,7,197,191,0.2198952879581152,1,3411978.0,0.0238095238095238,0.8644945927680877,4.0,0,22,33,0,0,0.8,0.3543083900226757,0.1638321995464852,0.4614954344283674,0.08
313,144.85,0,59,108,0.5462962962962963,3,6,9,0.9461077844311376,0.3532934131736527,0.3532934131736527,0.6467065868263473,7441.05,44.55718562874251,37.82268303491377,116.06,0.8488570923230728,4833.93,2607.12,1.854126392340974,0,199,200,0.835,7,252.36,0.0419161676646706,0.0339145685084766,0.0,48,19,13,0,0,2.0,0.1248162357918892,0.4182294094445838,0.4555540595087398,0.08
141,407.88,1,67,178,0.3764044943820224,6,2,7,0.9714285714285714,0.273469387755102,0.273469387755102,0.726530612244898,4126763.57,16843.932938775506,239449.88554604945,3753475.5,14.21579428132398,4054553.0,72210.56999999999,56.14902361247115,0,199,200,1.225,3,3753883.38,0.0122448979591836,0.9096434327591004,1.0,90,16,45,1,1,0.7142857142857143,0.0747855060391503,0.5278467305289464,0.6341327957166727,0.08
418,103.59,0,58,91,0.6373626373626373,5,7,12,0.9194630872483222,0.3892617449664429,0.3892617449664429,0.610738255033557,6594240.5,44256.64765100672,413226.9817877632,4739084.0,9.337060164301972,6592894.61,1345.89,4898.5389667803465,4,198,195,0.764102564102564,8,4739084.0,0.0536912751677852,0.7186701789235621,0.0,42,40,51,0,0,2.9166666666666665,0.15152470609432,0.3730012161614341,0.5905538254208823,0.08
535,389.14,0,39,12,3.25,3,8,11,0.7843137254901961,0.2352941176470588,0.7647058823529411,0.2352941176470588,4578113.97,89766.9405882353,324553.0902089813,1916482.25,3.6155079819164144,363448.9900000001,4214664.98,0.0862343725360586,1,190,190,0.2684210526315789,2,1916482.25,0.0392156862745098,0.4186182918465003,2.0,5,48,11,0,0,2.1818181818181817,0.5847750865051903,0.0553633217993079,0.4435294188139604,0.08
145,471.71,0,23,180,0.1277777777777777,2,1,3,0.9852216748768472,0.1133004926108374,0.1133004926108374,0.8866995073891626,2604348.48,12829.302857142864,157672.96194915104,2238515.0,12.290064682771504,2519442.48,84906.0,29.67331496007349,1,199,199,1.020100502512563,2,2238986.7,0.0098522167487684,0.8597108709507263,1.0,46,2,10,0,0,0.6666666666666666,0.0128370016258584,0.7862360164041836,0.5607264439521252,0.18
913,184.01,0,122,270,0.4518518518518518,9,18,27,0.9311224489795918,0.3112244897959184,0.3112244897959184,0.6887755102040817,347964.27,887.6639540816328,13736.928261279436,268621.06,15.47537015344,345204.87,2759.4,125.10142422265707,0,199,200,1.96,21,268642.77,0.0535714285714285,0.7720412500973161,0.0,396,126,60,0,0,6.0,0.0968606830487296,0.4744117034568929,0.6844042454118999,0.2
458,557.1,0,20,180,0.1111111111111111,1,1,2,0.99,0.1,0.1,0.9,103846.8,519.234,113.56800000000004,557.09,0.2187221946174557,3570.6,100276.2,0.0356076516660982,0,199,200,1.0,2,735.62,0.01,0.0070837040717672,1.0,40,3,8,0,0,0.5,0.0099999999999999,0.81,0.4879348268118796,0.08
732,267.9,1,78,28,2.7857142857142856,5,10,15,0.8584905660377359,0.2641509433962264,0.7358490566037735,0.2641509433962264,13712213.31,129360.50292452832,374353.5598423895,2234999.5,2.893878358379569,2448833.43,11263379.88,0.217415505477917,0,198,199,0.5326633165829145,3,2234999.5,0.0283018867924528,0.1629933439242858,1.0,5,125,49,0,0,3.333333333333333,0.5414738341046635,0.0697757208971164,0.5343919606241185,0.08
234,220.04,0,42,10,4.2,2,5,7,0.8653846153846154,0.1923076923076923,0.8076923076923077,0.1923076923076923,906659.44,17435.758461538462,64571.58266591293,414590.43,3.703399700583796,3062.5400000000004,903596.9,0.0033892767892408,3,199,197,0.2639593908629442,1,414590.43,0.0192307692307692,0.4572725013484666,4.0,1,53,23,0,0,1.4285714285714286,0.6523668639053255,0.03698224852071,0.4001811678873258,0.08
44,465.04,0,219,177,1.2372881355932204,3,1,3,0.9924242424242424,0.4469696969696969,0.553030303030303,0.4469696969696969,167118.49,422.01638888888886,90.76308994744704,465.04,0.2150700596875248,84806.41,82312.08,1.0303033285029366,3,199,197,2.010152284263959,3,1105.62,0.0075757575757575,0.0066157850038017,0.0,374,1,48,1,1,0.0,0.3058425160697887,0.1997819100091827,0.7018742653217136,0.2
153,535.24,0,78,180,0.4333333333333333,4,1,5,0.9806201550387597,0.3023255813953488,0.3023255813953488,0.6976744186046512,104550.16,405.2331782945736,203.63840451968971,535.23,0.5025215491404313,8208.76,96341.4,0.0852049067171537,0,199,200,1.29,3,745.37,0.0116279069767441,0.0071293052062282,1.0,151,2,35,0,0,0.8,0.0914007571660356,0.486749594375338,0.5731431883876463,0.08
317,142.3,0,72,90,0.8,4,6,10,0.9382716049382716,0.4444444444444444,0.4444444444444444,0.5555555555555556,9341.42,57.663086419753085,64.80532116244653,191.63,1.1238614716302595,7207.52,2133.9,3.3776278176109478,1,197,197,0.8223350253807107,7,211.19,0.0432098765432098,0.0226079118592248,0.0,60,37,41,0,0,2.4,0.1975308641975308,0.308641975308642,0.4762204321199147,0.08
201,125.92,1,25,86,0.2906976744186046,4,5,7,0.9369369369369368,0.2252252252252252,0.2252252252252252,0.7747747747747747,20622.02,185.783963963964,1343.4950868351,14254.27,7.231491126412256,18471.33,2150.69,8.588559950527506,1,199,199,0.5577889447236181,6,14403.27,0.054054054054054,0.6984412778185648,0.0,50,14,28,2,2,0.8571428571428571,0.0507264020777534,0.600275951627303,0.3971347121472792,0.08
193,313.63,0,77,21,3.6666666666666665,4,1,5,0.9489795918367347,0.2142857142857142,0.7857142857142857,0.2142857142857142,22743.67,232.0782653061225,96.45977174635128,389.72,0.4156346636731196,16157.44,6586.23,2.4532152688260207,4,198,195,0.5025641025641026,2,703.35,0.0204081632653061,0.0309250881673889,1.0,24,3,92,0,0,0.8,0.6173469387755102,0.0459183673469387,0.3850883716443851,0.08
885,394.42,1,87,17,5.117647058823529,7,2,9,0.9134615384615384,0.1634615384615384,0.8365384615384616,0.1634615384615384,3208102.85,30847.14278846154,281805.2606514826,2878580.0,9.13553850299849,3201775.49,6327.360000000001,506.0207558918728,3,199,197,0.5279187817258884,3,2878974.42,0.0288461538461538,0.8974071451605736,2.0,16,4,43,0,0,1.5555555555555556,0.6997965976331362,0.026719674556213,0.4830998992131871,0.18
583,200.37,0,450,23,19.565217391304348,9,1,10,0.9788583509513742,0.0486257928118393,0.9513742071881608,0.0486257928118393,8158415.140000001,17248.23496828753,248870.91132650783,5219992.0,14.42877556944696,8153806.86,4608.280000000001,1769.3818214171013,0,199,200,2.365,5,5220943.44,0.0105708245243128,0.6399457922166977,0.0,117,5,58,0,0,0.9,0.9051128821029012,0.0023644677265799,0.7395683757167393,0.18
10,190.81,0,20,48,0.4166666666666667,1,2,3,0.9558823529411764,0.2941176470588235,0.2941176470588235,0.7058823529411765,8381.400000000001,123.25588235294116,43.1541473787417,190.11,0.3501183599105681,3802.2,4579.200000000001,0.8303197064989517,1,193,193,0.3523316062176165,2,190.8,0.0294117647058823,0.0227646932493378,2.0,0,9,5,0,0,0.6666666666666666,0.0865051903114186,0.4982698961937716,0.3456475115570057,0.08
448,524.41,0,44,180,0.2444444444444444,3,1,4,0.9821428571428572,0.1964285714285714,0.1964285714285714,0.8035714285714286,5863264.95,26175.28995535714,279303.4608444744,3710406.75,10.670501122273569,5768872.95,94392.0,61.11612159928808,0,199,200,1.12,2,3710931.15,0.0089285714285714,0.6329120688977222,1.0,59,1,21,0,0,0.75,0.0385841836734693,0.6457270408163266,0.610086396077885,0.18
797,347.22,0,343,16,21.4375,10,1,11,0.9693593314763232,0.0445682451253481,0.9554317548746518,0.0445682451253481,2887213.77,8042.378189415043,131515.07342590933,2480283.75,16.352759137714088,2881658.25,5555.52,518.70180469155,1,199,199,1.8040201005025125,4,2480962.75,0.011142061281337,0.8592930581652082,1.0,51,31,50,0,0,0.9090909090909092,0.9128498382228568,0.0019863284735531,0.6571336781613154,0.18
2,142.06,0,0,21,0.0,0,1,1,0.9523809523809524,0.0,0.0,1.0,2983.05,142.05000000000004,2.8421709430404014e-14,142.05,2.0008243175222812e-16,0.0,2983.05,0.0,7,198,192,0.109375,1,142.05,0.0476190476190476,0.0476190476190476,8.5,0,11,0,0,0,0.0,0.0,1.0,0.2001649061066003,0.0
963,128.98,0,394,600,0.6566666666666666,13,30,40,0.959758551307847,0.3963782696177062,0.3963782696177062,0.6036217303822937,265413.73,267.0158249496982,2835.236910731308,89476.36,10.618235496961368,188031.73,77382.0,2.4299156134501567,0,199,200,4.97,34,89932.94,0.0342052313883299,0.3388405716614585,0.0,2430,211,118,3,3,6.75,0.157115732625127,0.3643591933897145,0.7883485181623393,0.2
316,167.93,0,65,120,0.5416666666666666,5,6,11,0.9405405405405404,0.3513513513513513,0.3513513513513513,0.6486486486486487,395737.6,2139.122162162161,16840.016669728917,174316.31,7.872395961111229,392380.0,3357.6,116.86323564450798,3,197,195,0.9487179487179488,8,174473.22,0.0432432432432432,0.440881078775431,0.0,102,51,20,0,0,2.727272727272727,0.1234477720964207,0.4207450693937181,0.5574004907866166,0.08
450,425.42,0,259,179,1.446927374301676,5,1,6,0.9863013698630136,0.408675799086758,0.591324200913242,0.408675799086758,158352.25,361.5348173515982,119.3282556354662,425.42,0.3300602041861369,82202.07,76150.18000000001,1.0794730885731327,0,199,200,2.19,3,1000.88,0.0068493150684931,0.0063205922239816,0.0,469,1,51,0,0,0.8333333333333334,0.3496643105856842,0.1670159087592002,0.7122133458395151,0.2
602,104.05,0,80,176,0.4545454545454545,6,8,14,0.9453125,0.3125,0.3125,0.6875,1351968.38,5281.1264843750005,64890.59432624566,997090.31,12.287263809763722,1349680.38,2288.0,589.895270979021,3,199,197,1.299492385786802,11,997090.31,0.04296875,0.7375100814118153,0.0,160,40,37,0,0,3.4285714285714284,0.09765625,0.47265625,0.6296378914364499,0.08
446,424.86,0,24,180,0.1333333333333333,3,1,4,0.9803921568627452,0.1176470588235294,0.1176470588235294,0.8823529411764706,910336.46,4462.43362745098,45363.47042399391,633661.68,10.165634765957588,833863.4600000001,76473.0,10.904024426921922,0,199,200,1.02,3,634086.53,0.0147058823529411,0.6965408482046297,1.0,42,1,14,0,0,0.75,0.0138408304498269,0.7785467128027681,0.5397748733989483,0.08
16,190.97,0,39,40,0.975,2,2,4,0.9493670886075948,0.4936708860759494,0.4936708860759494,0.5063291139240507,8070.93,102.16367088607596,61.9700449110006,194.47,0.6065761378142355,4251.73,3819.2,1.1132514662756596,4,199,196,0.4030612244897959,3,385.43,0.0379746835443038,0.0477553392236086,1.5,14,13,7,0,0,1.0,0.2437109437590129,0.2563691716071142,0.3969060568141095,0.08
323,271.7,0,69,18,3.8333333333333335,4,6,10,0.8850574712643678,0.2068965517241379,0.7931034482758621,0.2068965517241379,5779426.23,66430.18655172414,219189.6779572488,1422684.12,3.299549336453879,1019931.82,4759494.41,0.2142941523068203,6,197,192,0.453125,3,1422684.12,0.0344827586206896,0.246163557312159,2.0,14,85,13,0,0,2.4,0.6290130796670631,0.0428061831153388,0.4874643572526248,0.08
856,451.83,0,168,176,0.9545454545454546,11,1,11,0.9680232558139534,0.4883720930232558,0.4883720930232558,0.5116279069767442,9912492.67,28815.385668604657,393474.6305397548,7135514.5,13.655018713438867,9832972.35,79520.31999999999,123.653581248164,0,199,200,1.72,4,7135692.08,0.0116279069767441,0.71986858578933,1.0,249,5,72,1,1,0.0,0.2385073012439156,0.261763115197404,0.761460949862561,0.08
649,460.04,0,91,177,0.5141242937853108,8,1,8,0.9701492537313432,0.3395522388059701,0.3395522388059701,0.6604477611940298,5167844.04,19283.00014925373,215694.39294802595,3418133.25,11.185727909480596,5086416.96,81427.08,62.465913796736906,1,199,199,1.3467336683417086,4,3418610.35,0.0149253731343283,0.6615157739938298,1.0,169,4,51,1,1,0.0,0.1152957228781465,0.4361912452662062,0.6695626669942477,0.08
792,356.7,0,100,18,5.555555555555555,6,1,7,0.940677966101695,0.1525423728813559,0.847457627118644,0.1525423728813559,159714.44999999998,1353.5122881355935,11972.159801172222,130817.79,8.845253867375945,153293.85,6420.599999999999,23.87531539108495,2,195,194,0.6082474226804123,3,130928.34,0.0254237288135593,0.8197651496154544,1.0,30,15,39,0,0,0.8571428571428571,0.7181844297615627,0.0232691755242746,0.4355615085543942,0.08
683,225.84,0,47,19,2.473684210526316,3,1,4,0.9393939393939394,0.2878787878787879,0.7121212121212122,0.2878787878787879,1000555.55,15159.932575757575,119676.12121191752,979994.62,7.894238355867954,996264.78,4290.77,232.1878777002729,2,196,195,0.3384615384615385,3,980220.45,0.0454545454545454,0.9796761908921496,1.0,11,11,4,0,0,0.75,0.5071166207529845,0.0828741965105601,0.4402052633867943,0.08
19,190.22,0,34,34,1.0,2,2,4,0.9411764705882352,0.5,0.5,0.5,6781.62,99.72970588235296,54.52307754710488,168.63,0.5467084963774336,3547.88,3233.74,1.097144482858857,4,198,195,0.3487179487179487,3,202.74,0.0441176470588235,0.0298955116918966,2.0,4,12,15,0,0,1.0,0.25,0.25,0.381549599085577,0.08
655,577.71,0,67,180,0.3722222222222222,5,1,6,0.9757085020242916,0.2712550607287449,0.2712550607287449,0.728744939271255,338292.84,1369.6066396761134,10590.321659526382,139239.79,7.732381950215133,234305.04,103987.8,2.253197394309717,0,199,200,1.235,4,139817.5,0.0161943319838056,0.4133031606580854,1.0,111,3,42,0,0,0.8333333333333334,0.0735793079709551,0.5310691865134652,0.5832794120593526,0.08
968,197.85,0,190,640,0.296875,16,32,48,0.9421686746987952,0.2289156626506024,0.2289156626506024,0.7710843373493976,12886304.19,15525.66769879518,278340.15021502064,7575834.0,17.927741055324812,12759680.19,126624.0,100.7682602824109,2,199,198,4.191919191919192,34,7576191.42,0.0409638554216867,0.5879258558772235,0.0,1920,222,78,0,0,10.666666666666666,0.0524023806067643,0.5945710553055596,0.8353972174600282,0.08
620,232.71,1,61,21,2.9047619047619047,7,9,15,0.8170731707317074,0.2560975609756097,0.7439024390243902,0.2560975609756097,7298000.52,89000.00634146344,327700.85664707946,2382332.5,3.6820318348045977,4174980.65,3123019.87,1.336840885997949,8,190,183,0.448087431693989,3,2382332.5,0.0365853658536585,0.3264363291659508,2.0,6,52,44,1,1,3.2,0.5533908387864367,0.0655859607376561,0.5010001078343083,0.08
570,179.57,1,134,181,0.7403314917127072,8,9,16,0.9492063492063492,0.4253968253968254,0.4253968253968254,0.5746031746031746,43932.62,139.4686349206349,85.75656225180478,1090.96,0.6148806310508799,11590.89,32341.73,0.3583880639656567,4,198,195,1.6153846153846154,12,1793.7199999999996,0.0380952380952381,0.0408288875100096,0.0,388,52,56,1,1,3.5,0.1809624590576971,0.3301688082640463,0.6235372409205322,0.08
979,191.64,0,416,740,0.5621621621621622,23,37,59,0.948961937716263,0.3598615916955017,0.3598615916955017,0.6401384083044983,6268096.74,5422.229013840831,141168.70611257313,4739561.0,26.03517958246039,6126290.54,141806.19999999998,43.20185252830977,1,199,199,5.809045226130653,39,4739852.26,0.0337370242214532,0.7561868389414806,0.0,1036,249,146,1,1,13.423728813559322,0.1295003651776199,0.4097771817866166,0.8466363619784769,0.2
975,158.61,0,405,680,0.5955882352941176,16,34,49,0.9548387096774194,0.3732718894009216,0.3732718894009216,0.6267281105990783,3037521.09,2799.558608294931,54103.54891535426,1615705.75,19.32574254921778,2929666.29,107854.8,27.163058945916177,0,199,200,5.425,37,1616419.06,0.0341013824884792,0.5321507282110756,0.0,2822,233,112,1,1,10.10204081632653,0.1393319034169339,0.3927881246150905,0.8342908262777606,0.2
790,246.36,0,128,24,5.333333333333333,7,1,8,0.9473684210526316,0.1578947368421052,0.8421052631578947,0.1578947368421052,368788.53,2426.2403289473687,24307.99595357214,299426.62,10.018791487205323,362875.89,5912.64,61.37290448936516,1,199,199,0.7638190954773869,3,299426.62,0.0197368421052631,0.8119195572595493,1.0,21,1,98,0,0,0.875,0.709141274238227,0.0249307479224376,0.484407469262886,0.08
852,590.67,0,74,180,0.4111111111111111,7,1,7,0.9724409448818898,0.2913385826771653,0.2913385826771653,0.7086614173228346,1004297.32,3953.9264566929137,40722.45735990003,613703.31,10.299245017814652,897978.52,106318.8,8.446093447254862,0,199,200,1.27,3,614402.9500000001,0.0118110236220472,0.6117739615196822,1.0,122,21,38,1,1,0.0,0.0848781697563395,0.5022010044020089,0.6149868011690758,0.08
984,363.27,1,502,23,21.82608695652174,27,3,30,0.9428571428571428,0.0438095238095238,0.956190476190476,0.0438095238095238,6789389.06,12932.16963809524,170770.03855399982,3609313.5,13.205057104335378,6781744.8,7644.26,887.168254350323,0,199,200,2.625,6,3609344.05,0.0114285714285714,0.5316154396372154,0.0,113,9,140,0,0,2.7,0.9143002267573695,0.0019192743764172,0.7593112221715221,0.18
877,102.2,1,129,300,0.43,11,15,26,0.9393939393939394,0.3006993006993007,0.3006993006993007,0.6993006993006993,12265249.16,28590.324382284383,395092.1664664067,7457266.5,13.819086526741906,12234592.16,30657.0,399.0798890954758,2,199,198,2.1666666666666665,17,7457266.5,0.0396270396270396,0.6079995932182106,0.0,345,96,67,0,0,6.346153846153846,0.0904200694410484,0.4890214680424471,0.7784298636914548,0.2
8,147.66,0,20,42,0.4761904761904761,1,2,3,0.9516129032258064,0.3225806451612903,0.3225806451612903,0.6774193548387096,5761.860000000001,92.93322580645162,27.68320422288189,133.05,0.29788274304108,2661.0,3100.86,0.8581490296240397,7,199,193,0.3212435233160621,2,147.66,0.032258064516129,0.0256271412356426,2.0,0,11,2,0,0,0.6666666666666666,0.1040582726326743,0.4588969823100937,0.3359063546798855,0.08
954,544.28,1,211,181,1.1657458563535912,17,2,19,0.951530612244898,0.461734693877551,0.5382653061224489,0.461734693877551,4433094.0,11308.913265306122,154637.14790392265,2998509.25,13.673917579536475,4335106.29,97987.71,44.241326692908736,0,199,200,1.96,4,2999251.41,0.010204081632653,0.676559398469782,1.0,397,7,150,0,0,1.7894736842105263,0.2897295397750937,0.2131989275301957,0.7672945993380549,0.2
208,149.46,1,84,65,1.2923076923076924,7,5,12,0.9194630872483222,0.436241610738255,0.5637583892617449,0.436241610738255,1458884.4200000002,9791.170604026844,66886.62242749253,596073.06,6.83132029177225,1456941.57,1942.85,749.8991533057107,4,199,196,0.7602040816326531,7,596073.06,0.046979865771812,0.4085814145578441,1.0,70,29,56,0,0,2.9166666666666665,0.3178235214629972,0.1903067429395072,0.567928211539259,0.08
426,282.23,0,67,21,3.1904761904761907,5,7,12,0.8636363636363636,0.2386363636363636,0.7613636363636364,0.2386363636363636,7569423.25,86016.17329545453,470590.5341487697,3899392.25,5.470954078977119,2494380.32,5075042.93,0.4914993536813293,5,197,193,0.4559585492227979,3,3899392.25,0.034090909090909,0.5151505103113371,1.0,6,60,46,0,0,2.9166666666666665,0.5796745867768595,0.0569473140495867,0.5000510171983135,0.08
551,484.44,0,84,180,0.4666666666666667,4,1,5,0.981060606060606,0.3181818181818182,0.3181818181818182,0.6818181818181818,101169.24,383.21681818181816,152.3693173018359,484.44,0.3976060289440217,13970.04,87199.2,0.160208350535326,0,199,200,1.32,3,927.65,0.0113636363636363,0.0091692890052351,1.0,160,4,41,0,0,0.8,0.1012396694214876,0.4648760330578512,0.579919893309911,0.08
461,144.46,0,66,140,0.4714285714285714,5,7,12,0.941747572815534,0.3203883495145631,0.3203883495145631,0.6796116504854369,545099.39,2646.1135436893205,36060.84145913124,518949.03,13.627851134783024,524874.99,20224.4,25.952561757085498,0,199,200,1.03,8,518949.03,0.0388349514563106,0.952026436866862,0.0,7,67,42,0,0,2.9166666666666665,0.1026486945046658,0.4618719954755396,0.5713113694376494,0.08
363,178.42,0,50,120,0.4166666666666667,2,6,8,0.9529411764705882,0.2941176470588235,0.2941176470588235,0.7058823529411765,22167.46,130.3968235294118,74.38219654494758,178.41,0.5704295130177786,758.26,21409.2,0.0354174840722679,1,191,191,0.8900523560209425,8,1100.7500000000002,0.0470588235294117,0.049656117570529,0.0,120,75,17,0,0,1.5,0.0865051903114186,0.4982698961937716,0.4760987711138022,0.08
595,352.02,0,49,19,2.5789473684210527,4,1,5,0.9264705882352942,0.2794117647058823,0.7205882352941176,0.2794117647058823,2883981.48,42411.492352941175,254115.5109356764,2014281.62,5.991666334704061,2877293.29,6688.19,430.20507641080775,4,196,193,0.3523316062176165,2,2014281.62,0.0294117647058823,0.6984377791496775,3.0,3,6,21,0,0,0.8,0.5192474048442907,0.0780709342560553,0.4638677640987693,0.08
161,140.99,0,20,100,0.2,1,5,6,0.95,0.1666666666666666,0.1666666666666666,0.8333333333333334,16942.2,141.18500000000003,0.4360332556124544,142.16,0.0030883823041573,2843.2,14099.0,0.2016596921767501,5,196,192,0.625,5,704.95,0.0416666666666666,0.0416091180602283,0.0,0,37,5,0,0,0.8333333333333334,0.0277777777777777,0.6944444444444445,0.3952602059830955,0.08
990,356.56,1,1582,51,31.01960784313725,44,3,46,0.971830985915493,0.0312308634415186,0.9687691365584812,0.0312308634415186,11145364.63,6825.085505205145,90957.7256478242,2006586.62,13.326972325614877,11127524.79,17839.84,623.745772944152,0,199,200,8.165,13,2009684.1,0.0079608083282302,0.1803156887833467,0.0,837,20,255,1,1,1.8695652173913044,0.9385136399482654,0.0009753668313027,0.7928494448252278,0.18
348,583.41,0,23,178,0.1292134831460674,2,1,3,0.9850746268656716,0.1144278606965174,0.1144278606965174,0.8855721393034826,770441.8,3833.043781094528,42535.31802977154,602961.93,11.097008137388285,666596.6000000001,103845.2,6.419137331335489,3,199,197,1.0203045685279188,2,603545.3300000001,0.0099502487562189,0.7833756294115922,1.0,46,4,7,0,0,0.6666666666666666,0.0130937353035816,0.7842380139105467,0.535719561002091,0.08
593,294.29,0,82,19,4.315789473684211,5,1,6,0.9405940594059404,0.1881188118811881,0.8118811881188119,0.1881188118811881,300535.06,2975.594653465347,27854.78854680493,281521.21,9.361083007178255,294943.55000000005,5591.51,52.74846150682017,3,195,193,0.5233160621761658,2,281521.21,0.0198019801980198,0.9367333382002088,1.0,4,1,49,0,0,0.8333333333333334,0.6591510636212137,0.0353886873835898,0.4379184955065146,0.08
702,161.08,1,116,265,0.4377358490566038,9,12,21,0.9448818897637796,0.3044619422572178,0.3044619422572178,0.6955380577427821,4409653.57,11573.893884514437,154615.59796584077,2898524.0,13.358995642141869,4405775.47,3878.1,1136.0654624687345,3,197,195,1.9538461538461536,13,2898524.0,0.0341207349081364,0.6573133136170604,0.0,309,87,48,0,0,5.142857142857143,0.0926970742830374,0.4837731897686017,0.7350445215438295,0.2
165,135.72,0,223,100,2.23,4,5,8,0.9752321981424148,0.3095975232198142,0.6904024767801857,0.3095975232198142,2483999.03,7690.399473684211,122547.8176040133,2199824.5,15.935169300809385,2470427.03,13572.0,182.02380120837012,0,199,200,1.615,7,2199824.5,0.0216718266253869,0.8855979706240064,1.0,270,27,24,1,1,1.5,0.4766555799442149,0.0958506263838434,0.684029857127102,0.08
285,214.17,0,6,13,0.4615384615384615,3,1,4,0.7894736842105263,0.3157894736842105,0.3157894736842105,0.6842105263157895,7980307.2,420016.16842105263,1262573.3111404944,5518245.5,3.006011211156056,7977523.12,2784.08,2865.407287146921,15,199,185,0.1027027027027027,1,5518245.5,0.0526315789473684,0.6914828416630378,8.5,0,4,20,0,0,0.75,0.0997229916897506,0.4681440443213296,0.4250358909423152,0.08
834,242.69,0,97,23,4.217391304347826,6,13,19,0.8416666666666667,0.1916666666666666,0.8083333333333333,0.1916666666666666,10209338.37,85077.81975,491414.1689756054,3930334.75,5.776055033140473,139029.46,10070308.91,0.0138058783739931,3,199,197,0.6091370558375635,3,3930334.75,0.025,0.3849744819457875,1.0,16,112,34,0,0,4.105263157894737,0.6534027777777778,0.0367361111111111,0.5298151365180429,0.18
60,181.45,0,57,80,0.7125,3,4,7,0.948905109489051,0.4160583941605839,0.4160583941605839,0.583941605839416,21540.19,157.22766423357663,57.07430081501041,196.85,0.3630041894549874,7024.99,14515.2,0.4839747299382715,2,197,196,0.6989795918367347,4,725.76,0.0291970802919708,0.0336932961129869,0.0,0,11,33,0,0,1.7142857142857142,0.1731045873514838,0.3409877990303159,0.4647843932162815,0.08
750,450.93,0,122,180,0.6777777777777778,8,1,8,0.9735099337748344,0.4039735099337748,0.4039735099337748,0.5960264900662252,5063635.9,16767.00629139073,279376.0084579362,4862804.5,16.662247487876588,4982470.3,81165.6,61.38647776890702,0,199,200,1.51,4,4863255.42,0.0132450331125827,0.960427549698034,1.0,202,0,102,1,1,0.0,0.1631945967282136,0.355247576860664,0.7041797031884691,0.08
56,421.81,0,222,180,1.2333333333333334,3,1,3,0.9925373134328358,0.4477611940298507,0.5522388059701493,0.4477611940298507,177081.75,440.5018656716418,122.01849409106232,530.54,0.276998813398936,101157.75,75924.0,1.332355381697487,0,199,200,2.01,3,1200.22,0.0074626865671641,0.0067777735424457,0.0,387,0,11,1,1,0.0,0.3049676988193362,0.2004900868790376,0.70321714474603,0.2
191,275.73,0,61,13,4.6923076923076925,4,1,5,0.9324324324324323,0.1756756756756756,0.8243243243243243,0.1756756756756756,5922647.37,80035.77527027027,673843.1648168118,5836846.5,8.419274537434443,5919062.88,3584.49,1651.298477607693,3,199,197,0.3756345177664975,2,5836872.35,0.027027027027027,0.9855174528143484,2.0,6,9,35,0,0,0.8,0.6795105916727538,0.0308619430241051,0.4636760456099511,0.18
588,353.73,1,43,19,2.263157894736842,4,2,6,0.9032258064516128,0.3064516129032258,0.6935483870967742,0.3064516129032258,635222.78,10245.528709677415,60480.004170435095,475019.93,5.903063266350392,628842.5,6380.280000000001,98.56032964070542,4,199,196,0.3163265306122449,2,475029.04,0.032258064516129,0.7478148689818711,3.0,4,24,24,0,0,1.3333333333333333,0.481009365244537,0.0939125910509885,0.4290019519448804,0.08
324,212.77,0,208,29,7.172413793103448,4,6,9,0.9620253164556962,0.1223628691983122,0.8776371308016878,0.1223628691983122,26280022.78,110886.17206751056,480243.5240369146,3455108.25,4.330959533390052,7010004.51,19270018.27,0.3637777822407845,0,199,200,1.185,3,3455108.25,0.0126582278481012,0.1314728027035599,1.0,61,11,29,1,1,1.6666666666666667,0.7702469333618188,0.0149726717584432,0.6319422113031548,0.18
615,130.56,0,66,160,0.4125,6,8,14,0.9380530973451328,0.2920353982300885,0.2920353982300885,0.7079646017699115,5944952.81,26305.10092920354,220347.3833001124,3049828.0,8.376602845704573,5942343.21,2609.6,2277.108832771306,0,198,199,1.135678391959799,9,3049958.4800000004,0.0398230088495575,0.5130332531605075,0.0,160,58,46,0,0,3.4285714285714284,0.0852846738194063,0.5012138773592294,0.6319219292216518,0.08
995,208.72,1,457,64,7.140625,32,3,35,0.9328214971209212,0.1228406909788867,0.8771593090211133,0.1228406909788867,10401882.43,19965.225393474087,222618.10862691083,4341364.0,11.150292783555384,10388729.65,13152.78,789.8504840801717,0,199,200,2.605,8,4341554.23,0.0153550863723608,0.4173815902281834,0.0,287,4,209,0,0,2.742857142857143,0.7694084534023969,0.0150898353601703,0.7821449325567125,0.18
166,183.77,0,203,100,2.03,3,5,7,0.976897689768977,0.33003300330033,0.66996699669967,0.33003300330033,2016854.55,6656.285643564359,101981.11010176818,1774864.37,15.321023700412976,1998477.55,18377.0,108.74884638406704,0,199,200,1.515,6,1775369.7300000002,0.0198019801980198,0.8802666161523647,1.0,195,42,18,1,1,1.1428571428571428,0.4488557766667756,0.1089217832674356,0.6709513431470564,0.08
127,236.99,1,44,23,1.9130434782608696,3,5,8,0.8805970149253731,0.3432835820895522,0.6567164179104478,0.3432835820895522,4221921.09,63013.74761194032,227936.78971255675,1624603.5,3.617254938021899,293748.12000000005,3928172.97,0.074779833333052,4,194,191,0.3507853403141361,2,1624603.5,0.0298507462686567,0.3848019575372973,2.0,12,32,28,0,0,1.875,0.4312764535531299,0.1178436177322343,0.4841711859378405,0.08
814,167.46,1,138,274,0.5036496350364964,8,13,21,0.9490291262135924,0.3349514563106796,0.3349514563106796,0.6650485436893204,1722232.49,4180.17594660194,70570.14021555938,1409062.75,16.882098054491166,1718712.59,3519.9,488.284493877667,1,199,199,2.07035175879397,15,1409230.2200000002,0.0364077669902912,0.8182578299867054,0.0,495,76,45,0,0,4.9523809523809526,0.1121924780846451,0.4422895654632858,0.7343822313962615,0.2
677,142.17,0,77,180,0.4277777777777777,5,9,14,0.9455252918287936,0.2996108949416342,0.2996108949416342,0.7003891050583657,1836415.53,7145.585719844357,107786.3469427498,1731032.87,15.084326347581422,1810826.73,25588.8,70.76637943162635,3,198,196,1.3112244897959184,12,1731032.87,0.046692607003891,0.9426150246072031,0.0,243,63,45,0,0,3.2142857142857144,0.089766688367727,0.4905448984844584,0.6350893747381183,0.08
251,511.67,1,57,180,0.3166666666666666,6,1,6,0.9746835443037974,0.240506329113924,0.240506329113924,0.759493670886076,123525.39,521.2041772151898,1560.0606698017548,24348.83,2.9931852774803294,31424.79,92100.6,0.3412007087901707,1,199,199,1.190954773869347,3,24860.5,0.0126582278481012,0.2012582190592557,1.0,93,14,80,1,1,0.0,0.0578432943438551,0.5768306361160072,0.5496744598181607,0.08
706,128.44,0,89,210,0.4238095238095238,5,10,14,0.9531772575250836,0.2976588628762542,0.2976588628762542,0.7023411371237458,678994.94,2270.886086956521,36291.92065919556,627203.75,15.981391963096916,676298.54,2696.4,250.81536122237057,3,197,195,1.5333333333333334,13,627203.75,0.0434782608695652,0.9237237467483926,0.0,200,117,21,1,1,2.571428571428572,0.0886007986487847,0.4932830728962763,0.6442854722501127,0.08
164,131.14,0,68,100,0.68,4,5,9,0.9464285714285714,0.4047619047619047,0.4047619047619047,0.5952380952380952,424290.22,2525.537023809524,31059.339657871613,403900.12,12.298112981539926,411177.22,13113.0,31.35645695111721,0,192,193,0.8704663212435233,6,404053.04,0.0357142857142857,0.9523034492758282,0.0,150,39,51,0,0,2.2222222222222223,0.1638321995464852,0.3543083900226757,0.5560273695309179,0.08
247,455.68,0,72,180,0.4,4,1,5,0.98015873015873,0.2857142857142857,0.2857142857142857,0.7142857142857143,1696820.04,6733.412857142857,67504.11003866399,804859.06,10.025244474212672,1614799.4400000002,82020.6,19.68773015559506,0,199,200,1.26,3,805314.7300000001,0.0119047619047619,0.474602321410584,1.0,135,4,20,0,0,0.8,0.0816326530612244,0.5102040816326531,0.6232871578553996,0.08
305,163.89,0,45,120,0.375,2,6,8,0.9515151515151516,0.2727272727272727,0.2727272727272727,0.7272727272727273,4392.48,26.621090909090903,1.262542417256505,27.31,0.0474263966705194,1115.28,3277.2,0.3403149029659466,1,198,198,0.8333333333333334,7,189.54,0.0424242424242424,0.0431510217462572,0.0,54,43,8,0,0,1.5,0.0743801652892561,0.5289256198347108,0.4282089043297812,0.08
367,180.71,1,54,141,0.3829787234042553,4,7,11,0.9435897435897436,0.2769230769230769,0.2769230769230769,0.7230769230769231,51408.22,263.63189743589743,1419.8746252734338,20031.36,5.385822577173837,26105.78,25302.44,1.031749507162155,0,199,200,0.975,8,20031.36,0.041025641025641,0.3896528609627021,0.0,301,82,29,0,0,2.5454545454545454,0.0766863905325443,0.5228402366863905,0.5045906131843262,0.08
33,361.01,0,48,25,1.92,2,3,5,0.9315068493150684,0.3424657534246575,0.6575342465753424,0.3424657534246575,27318029.23,374219.5784931508,1186078.6718954812,5004488.5,3.169472523782423,10921.92,27307107.31,0.000399966202059,0,198,199,0.3668341708542713,2,5004488.5,0.0273972602739726,0.1831936139267393,2.0,12,17,10,0,0,1.2,0.4323512854194032,0.1172827922687183,0.5214318944476695,0.08
492,337.28,0,43,31,1.3870967741935485,3,1,4,0.945945945945946,0.4189189189189189,0.581081081081081,0.4189189189189189,522240.0500000001,7057.297972972973,58440.60226160412,506371.15,8.280874987199287,511784.68000000005,10455.37,48.94945659503204,4,197,194,0.3814432989690721,3,506371.15,0.0405405405405405,0.9696137820146118,2.0,14,1,30,0,0,0.75,0.3376552227903579,0.1754930606281957,0.4633377878035327,0.08
504,181.9,0,93,147,0.6326530612244898,7,7,14,0.9416666666666668,0.3875,0.3875,0.6125,1264839.37,5270.164041666666,45643.128250485504,543939.93,8.660665567451876,1261020.31,3819.06,330.1912800532068,2,198,197,1.218274111675127,8,543964.7300000001,0.0333333333333333,0.4300662541837229,0.0,154,107,30,0,0,3.5,0.15015625,0.3751562500000001,0.631410881207637,0.08
543,426.45,0,41,180,0.2277777777777777,3,1,4,0.9819004524886876,0.1855203619909502,0.1855203619909502,0.8144796380090498,135708.51,614.0656561085971,3478.156593176629,52182.51,5.664144474742485,58947.51,76761.0,0.7679356704576543,0,199,200,1.105,2,52608.96,0.0090497737556561,0.3876614664769364,1.0,62,3,28,0,0,0.75,0.0344178047132532,0.6633770807313527,0.5274449787281184,0.08
364,184.23,0,45,120,0.375,4,6,10,0.9393939393939394,0.2727272727272727,0.2727272727272727,0.7272727272727273,2205270.06,13365.2730909091,139324.48203485878,1777170.87,10.424364776326616,2183163.66,22106.4,98.75708663554444,4,199,196,0.8418367346938775,6,1777170.87,0.0363636363636363,0.8058744832367606,0.0,0,24,30,0,0,2.4,0.0743801652892561,0.5289256198347108,0.5587294839695316,0.08
573,176.76,0,267,160,1.66875,7,8,14,0.9672131147540984,0.3747072599531616,0.6252927400468384,0.3747072599531616,1048756.07,2456.103208430913,36039.79172555712,732539.5,14.673565671770453,1020476.07,28280.0,36.08472666195191,4,199,196,2.1785714285714284,11,733137.15,0.0257611241217798,0.699054023115213,0.0,408,41,43,1,1,3.0,0.3909910107552831,0.1404055306616062,0.7434545933354827,0.2
23,336.8,0,40,21,1.9047619047619049,2,3,5,0.918032786885246,0.3442622950819672,0.6557377049180327,0.3442622950819672,12728068.25,208656.85655737703,564992.2975867153,2330416.25,2.7077581197594247,6259.6,12721808.65,0.0004920369557672,3,199,197,0.3096446700507614,2,2330416.25,0.0327868852459016,0.1830926896546143,3.5,12,24,21,0,0,1.2,0.429991937651169,0.1185165278151034,0.497069680469284,0.08
480,261.06,0,76,20,3.8,5,1,6,0.9375,0.2083333333333333,0.7916666666666666,0.2083333333333333,18718.6,194.98541666666665,928.9918392110123,9193.64,4.764417027141838,13497.6,5221.0,2.585251867458341,0,197,198,0.4848484848484848,3,9222.29,0.03125,0.4926805423482525,1.0,12,1,38,0,0,0.8333333333333334,0.626736111111111,0.0434027777777777,0.3759509300499814,0.08
479,142.01,0,88,140,0.6285714285714286,4,7,10,0.956140350877193,0.3859649122807017,0.3859649122807017,0.6140350877192983,28594.92,125.41631578947369,36.17058379457854,143.52,0.2884041328027463,8714.92,19880.0,0.4383762575452716,4,198,195,1.1692307692307693,8,1136.0,0.0350877192982456,0.0397273361841893,0.0,161,43,19,1,1,1.8,0.1489689135118498,0.3770390889504463,0.5451312700697944,0.08
875,173.23,0,73,260,0.2807692307692307,5,13,18,0.945945945945946,0.2192192192192192,0.2192192192192192,0.7807807807807807,145723.11,437.6069369369369,4975.633458427062,91096.11,11.37009731439448,100685.91,45037.2,2.235616556979564,2,199,198,1.681818181818182,13,91096.11,0.039039039039039,0.6251315251232287,0.0,26,131,35,0,0,3.611111111111111,0.0480570660750841,0.6096186276366455,0.6154372957688856,0.08
373,104.06,0,38,120,0.3166666666666666,4,6,10,0.9367088607594936,0.240506329113924,0.240506329113924,0.759493670886076,671172.18,4247.925189873419,39191.85983537628,481693.0,9.226118183249865,658686.18,12486.0,52.75397885631908,1,197,197,0.8020304568527918,6,481693.0,0.0379746835443038,0.7176891628613092,0.0,0,32,29,0,0,2.4,0.0578432943438551,0.5768306361160072,0.52041138572078,0.08
760,197.89,0,271,220,1.231818181818182,6,11,16,0.9674134419551936,0.4480651731160896,0.5519348268839104,0.4480651731160896,1849375.72,3766.54932790224,60937.32659105329,1310087.0,16.17855529984311,1805842.12,43533.6,41.48157101641032,1,199,199,2.4673366834170856,14,1310679.51,0.0285132382892057,0.7087145655832445,0.0,660,63,47,1,1,3.125,0.3046320531273721,0.2007623993595513,0.7985366127089791,0.2
906,100.31,0,81,476,0.1701680672268907,5,17,21,0.96229802513465,0.1454219030520646,0.1454219030520646,0.8545780969479354,203268.99,364.9353500897665,7970.035739903743,188291.59,21.83958264920973,200460.59,2808.4,71.378931063951,1,196,196,2.841836734693877,19,188426.92,0.0341113105924596,0.9269831074577582,0.0,578,145,54,1,1,3.0476190476190474,0.021147529887284,0.7303037237831549,0.7259889930589402,0.08
135,251.98,0,50,19,2.631578947368421,3,5,8,0.8840579710144928,0.2753623188405797,0.7246376811594203,0.2753623188405797,24292489.04,352065.05855072464,931283.1221849334,5449206.0,2.645201787472347,1824985.34,22467503.7,0.0812277752067311,0,199,200,0.345,2,5449206.0,0.0289855072463768,0.2243164951531866,2.0,6,26,10,0,0,1.875,0.5250997689561017,0.075824406637261,0.5027066931428211,0.08
122,274.03,0,24,23,1.0434782608695652,3,4,7,0.851063829787234,0.4893617021276595,0.5106382978723404,0.4893617021276595,8724788.39,185633.7955319149,474088.1562061721,2011316.62,2.553889257329036,2135450.29,6589338.100000001,0.3240766003492824,0,195,196,0.2397959183673469,1,2011316.62,0.0212765957446808,0.2305289859299384,4.0,0,43,17,0,0,1.7142857142857142,0.2607514712539611,0.2394748755092802,0.5002012817482362,0.08
471,166.65,0,255,140,1.8214285714285716,8,7,14,0.9645569620253164,0.3544303797468354,0.6455696202531646,0.3544303797468354,6064259.64,15352.556050632911,214164.92793779145,3784521.75,13.949789678765734,6040930.04,23329.6,258.93843186338387,1,199,199,1.984924623115578,10,3784943.35,0.0253164556962025,0.6241393961819222,0.0,357,70,74,1,1,3.0,0.4167601345938151,0.1256208940874859,0.7550952876191374,0.2
273,104.12,1,66,141,0.4680851063829787,6,8,13,0.9371980676328502,0.3188405797101449,0.3188405797101449,0.6811594202898551,2451732.16,11844.116714975851,117463.9979678198,1384686.25,9.917497504841103,2437143.33,14588.83,167.0554341917755,0,199,200,1.035,8,1384686.25,0.038647342995169,0.564778760335713,0.0,35,51,35,1,1,2.6923076923076925,0.1016593152699012,0.4639781558496114,0.6030024426123449,0.08
564,147.09,0,188,160,1.175,4,8,11,0.9683908045977012,0.4597701149425287,0.5402298850574713,0.4597701149425287,1834439.94,5271.379137931033,58202.1698281579,973112.06,11.04116556696806,1810907.14,23532.800000000003,76.95247229398966,0,198,199,1.7487437185929648,9,973523.63,0.0258620689655172,0.5306925611312191,1.0,320,38,20,1,1,1.9090909090909087,0.2918483287092086,0.211388558594266,0.7242070135993076,0.08
976,172.01,0,325,720,0.4513888888888889,21,36,55,0.9473684210526316,0.3110047846889952,0.3110047846889952,0.6889952153110048,10584858.85,10129.05153110048,141712.94172151486,3666576.25,13.990741510831104,10461018.85,123840.0,84.4720514373385,0,199,200,5.225,39,3672941.66,0.0373205741626794,0.3469995880011192,0.0,3888,206,130,2,2,11.745454545454546,0.0967239760994482,0.4747144067214579,0.8477338570203807,0.2
269,178.96,1,41,121,0.3388429752066115,4,6,10,0.9382716049382716,0.2530864197530864,0.2530864197530864,0.7469135802469136,647954.9,3999.7216049382714,44622.874319119255,568437.25,11.156495058062408,626476.32,21478.58,29.16749245061824,3,199,197,0.8223350253807107,6,568437.25,0.037037037037037,0.8772790359329021,0.0,12,42,44,0,0,2.4,0.0640527358634354,0.5578798963572625,0.5258879924993718,0.08
665,162.09,0,261,180,1.45,7,9,15,0.9659863945578232,0.4081632653061224,0.5918367346938775,0.4081632653061224,299512.54,679.1667573696145,5206.539121076791,93253.68,7.666068847717912,270338.14,29174.4,9.266279340791929,0,199,200,2.205,11,93689.72,0.0249433106575963,0.312807336881454,0.0,405,67,42,1,1,3.2,0.3502707205331112,0.1665972511453561,0.7268769467719345,0.2
172,104.57,0,71,100,0.71,3,5,8,0.953216374269006,0.4152046783625731,0.4152046783625731,0.5847953216374269,14498.81,84.7883625730994,52.10260664823839,172.0,0.614501861659596,4042.81,10456.0,0.3866497704667176,6,196,191,0.8952879581151832,8,718.23,0.0467836257309941,0.0495371689124831,0.0,155,51,37,0,0,1.875,0.1723949249341677,0.3419855682090215,0.4924208448870074,0.08
613,103.55,0,57,152,0.375,4,8,11,0.9473684210526316,0.2727272727272727,0.2727272727272727,0.7272727272727273,243662.09,1165.847320574163,16140.784552076984,233949.53,13.84468126077425,241695.21,1966.88,122.88253986008296,3,199,197,1.0609137055837563,9,233949.53,0.0430622009569378,0.9601392239556018,0.0,88,86,34,1,1,1.9090909090909087,0.0743801652892561,0.5289256198347108,0.5500549620348659,0.08
686,357.87,0,64,20,3.2,5,1,6,0.9285714285714286,0.238095238095238,0.7619047619047619,0.238095238095238,480282.27,5717.646071428571,46171.76885978864,424939.87,8.07531076302743,473125.07,7157.200000000001,66.10477141899067,3,199,197,0.4263959390862944,3,424939.87,0.0357142857142857,0.8847710951312027,2.0,1,21,31,0,0,0.8333333333333334,0.5804988662131518,0.0566893424036281,0.4359839819021558,0.08
22,379.77,0,17,22,0.7727272727272727,2,3,5,0.8717948717948718,0.4358974358974359,0.4358974358974359,0.5641025641025641,287085.21,7361.159230769228,14389.237694522908,41148.95,1.9547515878174069,3102.8900000000003,283982.32,0.0109263492177963,9,199,191,0.2041884816753926,2,41148.95,0.0512820512820512,0.1433335768150508,3.5,4,18,12,0,0,1.2,0.1900065746219592,0.3182117028270874,0.4090862629825461,0.08
876,115.12,0,140,300,0.4666666666666667,8,15,23,0.9477272727272728,0.3181818181818182,0.3181818181818182,0.6818181818181818,331347.07,753.0615227272727,13209.550292529031,277505.31,17.541130297946424,296811.07,34536.0,8.594251505675238,1,199,199,2.2110552763819094,16,277505.31,0.0363636363636363,0.8375064550895229,0.0,105,95,42,0,0,5.217391304347826,0.1012396694214876,0.4648760330578512,0.7115977727013979,0.2
49,593.51,0,17,180,0.0944444444444444,1,1,1,0.9949238578680204,0.0862944162436548,0.0862944162436548,0.9137055837563453,112274.18,569.9196954314723,76.76183355198448,593.51,0.134688859092455,5442.38,106831.8,0.0509434456781595,0,199,200,0.985,2,913.65,0.0101522842639593,0.0081376679838588,1.0,31,3,35,1,1,0.0,0.0074467262748331,0.8348578937875234,0.48433242827384,0.08
501,134.79,0,62,161,0.3850931677018633,4,7,11,0.9506726457399104,0.2780269058295964,0.2780269058295964,0.7219730941704036,802060.96,3596.685919282511,53009.75750144591,793424.0,14.738500578338131,798961.71,3099.25,257.79195289182866,0,199,200,1.115,8,793424.0,0.0358744394618834,0.9892315417022668,0.0,70,62,34,0,0,2.5454545454545454,0.0772989603651792,0.5212451487059864,0.5843626915398049,0.08
157,519.36,0,16,177,0.0903954802259887,1,1,2,0.9896373056994818,0.082901554404145,0.082901554404145,0.917098445595855,92350.07,478.4977720207255,135.87588591341847,519.35,0.2839634662030008,425.12,91924.95,0.0046246421673332,4,199,196,0.9846938775510204,2,545.9200000000001,0.0103626943005181,0.0059114194499257,1.0,26,2,2,0,0,0.5,0.0068726677226234,0.8410695589143333,0.4795505959355,0.08
248,403.71,0,60,178,0.3370786516853932,4,1,5,0.9789915966386554,0.2521008403361344,0.2521008403361344,0.7478991596638656,2980612.97,12523.583907563036,172396.0138349204,2659461.5,13.765709169785644,2908754.37,71858.59999999999,40.47886223778365,1,199,199,1.1959798994974875,2,2659865.2,0.0084033613445378,0.8923886552100725,1.0,79,1,26,0,0,0.8,0.0635548336981851,0.5593531530259163,0.618785093145162,0.08
498,214.07,0,81,14,5.785714285714286,4,1,5,0.9473684210526316,0.1473684210526315,0.8526315789473684,0.1473684210526315,6189.88,65.15663157894735,70.71612295294365,214.07,1.0853250273881965,3192.9,2996.98,1.0653724749581246,1,198,198,0.4797979797979798,2,231.52,0.0210526315789473,0.0374029868107297,2.0,7,10,22,0,0,0.8,0.7269806094182826,0.0217174515235457,0.3396824945046216,0.08
413,164.1,0,42,126,0.3333333333333333,3,7,10,0.9404761904761904,0.25,0.25,0.75,226999.13,1351.1852976190478,16625.900204738176,216183.29,12.30467814742732,224045.69,2953.44,75.85923194647597,7,198,192,0.875,7,216183.29,0.0416666666666666,0.9523529451412436,0.0,0,63,11,0,0,2.1,0.0625,0.5625,0.512897706058664,0.08
507,120.8,0,94,147,0.6394557823129252,6,7,13,0.946058091286307,0.3900414937759336,0.3900414937759336,0.6099585062240664,7697171.46,31938.47078838174,269353.4195684199,3457196.75,8.433510212592978,7694635.71,2535.75,3034.4614847678204,0,198,199,1.2110552763819096,8,3457369.39,0.0331950207468879,0.4491740125534374,0.0,63,74,34,0,0,3.230769230769231,0.1521323668669616,0.3720493793150945,0.668307199347699,0.08
258,531.07,1,26,181,0.143646408839779,4,1,4,0.9806763285024156,0.1256038647342995,0.1256038647342995,0.8743961352657005,2844602.8400000003,13742.042705314005,135799.7379718192,1641290.75,9.882063451840816,2748997.88,95604.96,28.753716125188483,0,198,199,1.0402010050251256,3,1641821.82,0.0144927536231884,0.5771708432942435,1.0,52,5,24,1,1,0.0,0.0157763308361922,0.7645686013675932,0.5682790685289674,0.18
431,230.27,0,260,21,12.38095238095238,5,7,11,0.9608540925266904,0.0747330960854092,0.9252669039145908,0.0747330960854092,22906252.07,81516.91128113879,506022.6833318405,6492343.5,6.207579205088489,98845.03,22807407.04,0.004333900378357,0,199,200,1.405,5,6493038.09,0.0177935943060498,0.2834613916828341,1.0,51,26,48,1,1,2.1818181818181817,0.8561188434796926,0.005585035650511,0.6540176017546158,0.18
414,112.73,1,64,127,0.5039370078740157,4,7,11,0.9424083769633508,0.3350785340314136,0.3350785340314136,0.6649214659685864,1101951.78,5769.3810471204215,78460.26841739578,1087268.25,13.599425618898303,1099919.13,2032.65,541.1256881410965,6,196,191,1.0,9,1087268.25,0.0471204188481675,0.986674979553098,0.0,78,41,35,0,0,2.5454545454545454,0.1122776239686412,0.4421205559058139,0.5839460585976606,0.08
108,181.59,0,64,80,0.8,3,4,7,0.9513888888888888,0.4444444444444444,0.4444444444444444,0.5555555555555556,7905.14,54.89680555555555,53.858351277174506,184.25,0.9810835208374716,4273.94,3631.2,1.1770048468825731,1,198,198,0.7272727272727273,5,365.81,0.0347222222222222,0.0462749552822593,1.0,72,27,14,0,0,1.7142857142857142,0.1975308641975308,0.308641975308642,0.455109767403175,0.08
889,287.04,1,186,16,11.625,14,1,14,0.9306930693069306,0.0792079207920792,0.9207920792079208,0.0792079207920792,9697439.43,48007.1258910891,501386.18278262473,6752358.5,10.443995000244124,9692846.79,4592.64,2110.517434416806,0,198,199,1.015075376884422,5,6752700.63,0.0247524752475247,0.6963385209821311,1.0,33,19,99,1,1,0.0,0.847858053132046,0.0062738947162042,0.580359194440571,0.18
769,107.71,0,55,220,0.25,8,11,18,0.9345454545454546,0.2,0.2,0.8,4055692.72,14747.973527272725,100532.78477668363,1041348.06,6.816718553960865,4031998.72,23694.0,170.1696091837596,7,199,193,1.4248704663212437,11,1305282.62,0.04,0.3218396239841365,0.0,22,81,37,1,1,3.888888888888889,0.0399999999999999,0.6400000000000001,0.6474145272752223,0.18
7,130.33,0,40,42,0.9523809523809524,2,2,4,0.951219512195122,0.4878048780487805,0.4878048780487805,0.5121951219512195,7816.320000000001,95.32097560975608,33.13821887590971,144.11,0.3476487589843553,5079.6,2736.72,1.8560905024993424,0,197,198,0.4141414141414141,3,274.43,0.0365853658536585,0.035109872676656,2.0,16,22,15,0,0,1.0,0.2379535990481855,0.2623438429506246,0.3976591515142352,0.08
215,199.94,0,63,90,0.7,5,5,10,0.934640522875817,0.4117647058823529,0.4117647058823529,0.5882352941176471,3186810.15,20828.82450980392,208456.60462253736,2556423.5,10.008083006528713,3183211.95,3598.2,884.667875604469,1,196,196,0.7806122448979592,6,2556423.5,0.0392156862745098,0.8021888282237334,0.0,85,59,20,0,0,2.5,0.1695501730103806,0.3460207612456747,0.5830383561141117,0.08
928,320.39,1,163,22,7.409090909090909,13,22,32,0.827027027027027,0.1189189189189189,0.8810810810810811,0.1189189189189189,21078721.12,113939.03308108108,431304.73700975394,2971560.25,3.7853993082671646,5120563.37,15958157.75,0.3208743421526836,1,199,199,0.9296482412060302,3,2971560.25,0.0162162162162162,0.1409744088876678,1.0,29,162,68,3,3,5.9375,0.7763038714390066,0.0141417092768444,0.5901375461272002,0.18
816,162.85,0,101,182,0.554945054945055,7,13,20,0.9293286219081272,0.3568904593639576,0.3568904593639576,0.6431095406360424,4774268.56,16870.20692579505,254546.31641256207,4270699.0,15.088511808551273,4771989.92,2278.64,2094.227223255977,3,199,197,1.4365482233502538,14,4270699.0,0.0494699646643109,0.8945242493857531,0.0,273,74,57,0,0,4.55,0.1273707999850166,0.4135898812571015,0.6837589241216858,0.08
265,158.71,0,39,100,0.39,4,5,9,0.935251798561151,0.2805755395683453,0.2805755395683453,0.7194244604316546,955069.27,6871.001942446043,52858.132747022406,543874.5,7.692929384939916,939198.27,15871.0,59.17700648982421,0,199,200,0.695,6,543874.5,0.0431654676258992,0.5694607889540829,0.0,25,30,28,0,0,2.2222222222222223,0.0787226334040681,0.5175715542673774,0.515572816450561,0.08
907,113.82,0,912,357,2.554621848739496,19,17,32,0.97478329393223,0.2813238770685579,0.7186761229314421,0.2813238770685579,5773036.51,4549.280149724192,110209.33221731213,3776996.25,24.225663971033697,5770648.18,2388.33,2416.1854433851267,0,199,200,6.345,23,3778958.61,0.0181245074862096,0.654587685952466,0.0,2958,86,184,4,4,6.09375,0.5164953696717692,0.079143123808885,0.8292221156827995,0.2
28,382.6,0,40,19,2.1052631578947367,2,3,5,0.9152542372881356,0.3220338983050847,0.6779661016949152,0.3220338983050847,9609610.83,162874.75983050847,641931.5055165837,4578554.0,3.9412583397488574,3723.4,9605887.43,0.000387616451591,6,196,191,0.3089005235602094,2,4578554.0,0.0338983050847457,0.4764557151166131,3.0,0,17,26,0,0,1.2,0.4596380350474001,0.1037058316575696,0.4866067603665477,0.08
815,123.36,1,63,225,0.28,6,14,19,0.9340277777777778,0.21875,0.21875,0.78125,989382.89,3435.3572569444445,29806.058984423948,371844.21,8.67626181357765,987405.46,1977.43,499.3377565830396,2,197,196,1.469387755102041,15,371844.21,0.0520833333333333,0.3758344860805103,0.0,170,75,43,1,1,3.421052631578948,0.0478515625,0.6103515625,0.6278916163626214,0.08
575,124.8,0,103,160,0.64375,6,8,14,0.946768060836502,0.3916349809885932,0.3916349809885932,0.6083650190114068,96295.35,366.1420152091255,3984.1436255017184,64852.79,10.8814161172575,76327.35,19968.0,3.8224834735576927,1,199,199,1.321608040201005,9,64852.79,0.0342205323193916,0.6734778989847381,0.0,192,68,52,0,0,3.4285714285714284,0.1533779583339357,0.3701079963567494,0.5938145464455259,0.08
965,120.71,1,72,621,0.1159420289855072,10,31,39,0.9437229437229436,0.1038961038961039,0.1038961038961039,0.8961038961038961,10299273.72,14861.866839826844,172765.31449115562,2731141.5,11.624738423047836,10224436.19,74837.53,136.62177506392848,0,196,197,3.517766497461929,32,2731141.5,0.0461760461760461,0.2651780673326934,0.0,435,184,52,2,2,5.948717948717949,0.01079440040479,0.8030021926125822,0.8057447477678199,0.18
225,200.47,0,42,22,1.9090909090909087,3,5,8,0.875,0.34375,0.65625,0.34375,25028774.18,391074.5965625,1048424.68628007,4751060.0,2.6808815900996907,268244.91000000003,24760529.27,0.0108335693100473,0,199,200,0.32,1,4751060.0,0.015625,0.1898239188955757,3.0,4,39,13,0,0,1.875,0.4306640625,0.1181640625,0.5102038062812143,0.08
728,394.14,0,63,15,4.2,5,10,15,0.8076923076923077,0.1923076923076923,0.8076923076923077,0.1923076923076923,9072750.02,116317.30794871796,334142.5994785861,1715512.62,2.872681678859892,2397971.25,6674778.7700000005,0.3592585361447117,1,198,198,0.3939393939393939,3,1715512.62,0.0384615384615384,0.1890840832402875,2.0,7,50,34,0,0,3.333333333333333,0.6523668639053255,0.03698224852071,0.4802039413434122,0.18
284,304.61,0,70,16,4.375,5,1,6,0.9302325581395348,0.1860465116279069,0.813953488372093,0.1860465116279069,1067286.7,12410.310465116285,111602.16236625826,1041274.56,8.992697054594801,1062413.1,4873.6,217.993495567958,3,194,192,0.4479166666666667,3,1041274.56,0.0348837209302325,0.9756277858611,1.0,2,3,54,0,0,0.8333333333333334,0.662520281233099,0.0346133044889129,0.4470711206935463,0.08
319,198.85,0,58,168,0.3452380952380952,5,6,11,0.9513274336283186,0.2566371681415929,0.2566371681415929,0.7433628318584071,1527182.81,6757.446061946903,73338.49781259036,1026896.12,10.852990484908236,1521615.29,5567.52,273.30216864959624,3,199,197,1.1472081218274113,7,1026921.3,0.0309734513274336,0.6724285352583297,0.0,78,27,25,0,0,2.727272727272727,0.0658626360717362,0.5525882997885505,0.5984223104690418,0.08
229,223.78,0,42,27,1.5555555555555556,2,5,7,0.8985507246376812,0.391304347826087,0.6086956521739131,0.391304347826087,42319512.71,613326.2711594204,1648904.273779858,7597657.5,2.688461837225398,2619.48,42316893.23,6.190151970189898e-05,2,193,192,0.359375,3,7597657.5,0.0434782608695652,0.1795308360959622,1.0,19,32,15,0,0,1.4285714285714286,0.3705103969754253,0.1531190926275992,0.5293970308894983,0.08
36,343.94,0,40,19,2.1052631578947367,2,3,5,0.9152542372881356,0.3220338983050847,0.6779661016949152,0.3220338983050847,6714525.970000001,113805.52491525424,311948.81268850097,1442595.5,2.7410691433548147,4435.6,6710090.37,0.0006610343162934,2,194,193,0.3056994818652849,2,1442709.76,0.0338983050847457,0.2148639779555428,2.0,8,8,12,0,0,1.2,0.4596380350474001,0.1037058316575696,0.4783636507704841,0.08
18,181.02,0,0,38,0.0,0,2,2,0.9473684210526316,0.0,0.0,1.0,3439.38,90.51000000000003,2.8421709430404014e-14,90.51,3.140173398564136e-16,0.0,3439.38,0.0,5,173,169,0.2248520710059171,2,181.02,0.0526315789473684,0.0526315789473684,0.0,0,18,0,0,0,0.0,0.0,1.0,0.2357357399122581,0.0
823,205.06,1,125,30,4.166666666666667,8,14,22,0.8580645161290322,0.1935483870967742,0.8064516129032258,0.1935483870967742,5150175.2700000005,33226.937225806454,114933.4870932016,644920.12,3.4590454820474963,760225.83,4389949.44,0.1731741653042819,0,199,200,0.775,3,645058.53,0.0193548387096774,0.125249820866776,1.0,26,102,47,0,0,5.090909090909091,0.6503642039542142,0.0374609781477627,0.5483125396448053,0.18
890,271.61,0,208,25,8.32,12,1,13,0.944206008583691,0.1072961373390558,0.8927038626609443,0.1072961373390558,1224101.35,5253.6538626609445,57263.21395998564,804562.81,10.89969294836302,1217311.35,6790.000000000001,179.28002209131074,0,199,200,1.165,3,804719.41,0.0128755364806866,0.6573960644680279,1.0,42,21,93,0,0,0.9230769230769232,0.79692018640977,0.0115124610878815,0.5666834023405789,0.08
807,167.49,0,136,156,0.8717948717948718,8,12,19,0.934931506849315,0.4657534246575342,0.4657534246575342,0.5342465753424658,4312601.99,14769.184897260271,251320.22714725204,4301971.0,17.016526564974665,4310425.79,2176.2,1980.7121542137672,2,199,198,1.4747474747474747,15,4301971.0,0.0513698630136986,0.99753490119778,0.0,432,85,68,1,1,4.052631578947368,0.2169262525802214,0.2854194032651529,0.7085461147570227,0.08
934,207.26,0,178,16,11.125,12,16,28,0.8556701030927836,0.0824742268041237,0.9175257731958762,0.0824742268041237,21309895.77,109844.82355670104,509690.3142024608,4308436.0,4.640094068150264,14483909.94,6825985.83,2.1218781141243594,1,199,199,0.9748743718592964,4,4308551.12,0.0206185567010309,0.202185461932928,1.0,29,80,96,0,0,6.857142857142857,0.8418535444786905,0.006801998086938,0.5906578093631266,0.18
358,579.8,1,1,180,0.0055555555555555,1,2,3,0.9834254143646408,0.005524861878453,0.005524861878453,0.994475138121547,103804.53,573.5056906077348,59.45235685929761,579.79,0.1036648072250109,11.06,103793.47,0.0001065577632195,2,199,198,0.914141414141414,3,601.9099999999999,0.0165745856353591,0.0057984945358357,1.0,3,5,53,0,0,0.6666666666666666,3.052409877598356e-05,0.98898080034187,0.4545776364195841,0.0
560,172.82,0,105,160,0.65625,6,8,14,0.9471698113207548,0.3962264150943396,0.3962264150943396,0.6037735849056604,4692774.6,17708.58339622642,261280.9164852664,4251660.0,14.754478697654813,4665123.4,27651.2,168.7132348686495,1,197,197,1.3451776649746192,11,4251660.0,0.0415094339622641,0.9060013238223716,0.0,232,63,45,0,0,3.4285714285714284,0.1569953720185119,0.3645425418298326,0.6786786397696228,0.08
266,100.89,1,197,121,1.628099173553719,5,6,9,0.9716981132075472,0.3805031446540881,0.6194968553459119,0.3805031446540881,5324793.58,16744.633899371063,205916.53691626125,3171374.25,12.297464259519916,5312668.13,12125.45,438.141935350853,0,199,200,1.59,8,3172527.6999999997,0.0251572327044025,0.595802945660853,1.0,242,31,26,2,2,1.3333333333333333,0.3837763537834737,0.1447826430916498,0.7108640099613542,0.08
795,249.75,0,106,18,5.888888888888889,7,1,8,0.935483870967742,0.1451612903225806,0.8548387096774194,0.1451612903225806,51809.01,417.8145967741937,1977.5583874779816,18770.51,4.733100285978629,47313.51,4495.5,10.52463797130464,0,199,200,0.62,4,19304.15,0.032258064516129,0.3726021786557975,1.0,16,1,77,0,0,0.875,0.7307492195629552,0.0210718002081165,0.4131299288689459,0.08
415,128.71,0,53,126,0.4206349206349206,5,7,12,0.9329608938547486,0.2960893854748603,0.2960893854748603,0.7039106145251397,1300210.52,7263.7459217877085,67408.33376929103,781886.93,9.28010622826148,1297894.64,2315.88,560.4325958167091,4,199,196,0.9132653061224488,8,781886.93,0.0446927374301676,0.6013541022572253,0.0,21,70,28,0,0,2.9166666666666665,0.0876689241908804,0.4954901532411598,0.5649756585251544,0.08
87,369.9,0,0,19,0.0,0,1,1,0.9473684210526316,0.0,0.0,1.0,7027.91,369.89,5.684341886080803e-14,369.89,1.536765494087648e-16,0.0,7027.91,0.0,3,184,182,0.1043956043956044,1,369.89,0.0526315789473684,0.0526315789473684,8.5,0,4,0,0,0,0.0,0.0,1.0,0.2164554738652475,0.0
747,547.12,0,60,177,0.3389830508474576,3,1,4,0.9831223628691984,0.2531645569620253,0.2531645569620253,0.7468354430379747,106494.47,449.3437552742616,168.5055014434235,547.11,0.3750035456497541,9656.0,96838.47,0.0997124386620317,1,199,199,1.190954773869347,2,704.28,0.0084388185654008,0.0066133011413644,1.0,98,3,21,0,0,0.75,0.0640922929017785,0.5577631789777279,0.5491286834552626,0.08
803,164.52,0,106,168,0.6309523809523809,6,12,18,0.9343065693430656,0.3868613138686131,0.3868613138686131,0.6131386861313869,1288985.78,4704.327664233577,59113.86946285785,913752.12,12.56584865724667,1286682.5,2303.28,558.6305182174984,0,197,198,1.383838383838384,13,913752.12,0.0474452554744525,0.7088923199757875,0.0,72,108,40,0,0,4.0,0.1496616761681496,0.3759390484309233,0.6553869518619849,0.08
451,582.36,1,67,180,0.3722222222222222,4,2,5,0.979757085020243,0.2712550607287449,0.2712550607287449,0.728744939271255,1750852.85,7088.473076923079,72125.11751607427,805838.0,10.174986451014624,1646609.63,104243.22,15.795843892773076,2,199,198,1.2474747474747474,3,806420.35,0.0121457489878542,0.4605871647066171,1.0,115,10,21,1,1,0.6,0.0735793079709551,0.5310691865134652,0.6192148771999627,0.08
870,126.01,0,335,300,1.1166666666666667,12,15,26,0.9590551181102362,0.4724409448818897,0.5275590551181102,0.4724409448818897,6689254.71,10534.259385826774,127197.95808663518,2243421.75,12.07469395122096,6651451.71,37803.0,175.95036663756844,1,199,199,3.190954773869347,17,2243830.14,0.026771653543307,0.3354379878292899,0.0,900,79,82,1,1,5.923076923076923,0.2783185566371132,0.2232004464008928,0.8705012088053508,0.2
331,279.59,0,253,22,11.5,6,6,11,0.96,0.08,0.92,0.08,5860217.46,21309.88167272727,145238.43232748713,1824539.5,6.815543819436858,723017.65,5137199.8100000005,0.1407415862222419,1,199,199,1.3819095477386936,4,1824947.38,0.0145454545454545,0.3114129112881077,1.0,45,72,35,1,1,2.272727272727273,0.8464,0.0063999999999999,0.6251613223040241,0.18
774,118.04,0,35,200,0.175,5,10,14,0.9404255319148936,0.1489361702127659,0.1489361702127659,0.851063829787234,2190342.0,9320.604255319153,109691.90536642904,1655460.62,11.768754724655244,2166734.0,23608.0,91.77965096577432,2,199,198,1.1868686868686869,11,1655460.62,0.0468085106382978,0.7558000622733801,0.0,40,108,32,1,1,2.571428571428572,0.0221819827976459,0.724309642372114,0.590391964062417,0.18
603,125.66,0,24,136,0.1764705882352941,5,8,13,0.91875,0.15,0.15,0.85,3470987.8200000003,21693.673875,132673.81187905357,1422858.37,6.115783460354686,3468852.62,2135.2,1624.6031378793557,13,197,185,0.8648648648648649,9,1422858.37,0.05625,0.4099289435132618,0.0,40,78,33,0,0,3.076923076923077,0.0225,0.7224999999999999,0.5476862596763216,0.18
335,243.18,0,65,20,3.25,4,6,10,0.8823529411764706,0.2352941176470588,0.7647058823529411,0.2352941176470588,5627436.220000001,66205.13200000001,217398.66864756585,1417612.0,3.283713242163248,233967.68,5393468.54,0.0433798173225276,3,194,192,0.4427083333333333,3,1417612.0,0.0352941176470588,0.2519108070850778,2.0,12,28,32,0,0,2.4,0.5847750865051903,0.0553633217993079,0.4902211895918882,0.08
785,259.33,1,89,22,4.045454545454546,8,1,9,0.9189189189189187,0.1981981981981982,0.8018018018018018,0.1981981981981982,4623442.0200000005,41652.63081081081,225901.21448484572,1738374.62,5.42345609598839,4617736.98,5705.04,809.4136027091836,1,198,198,0.5606060606060606,3,1738374.62,0.027027027027027,0.3759914393822116,1.0,29,3,44,0,0,0.8888888888888888,0.6428861293726159,0.0392825257690122,0.5046011157996121,0.18
676,116.83,0,48,160,0.3,2,8,10,0.9519230769230768,0.2307692307692307,0.2307692307692307,0.7692307692307693,22519.36,108.26615384615386,35.48864803078943,158.19,0.327790789365426,3826.56,18692.8,0.2047076949413678,0,196,197,1.0558375634517767,9,958.31,0.0432692307692307,0.04255493939437,0.0,72,50,29,0,0,1.6,0.0532544378698224,0.591715976331361,0.4914519284379521,0.08
57,510.25,0,3,176,0.0170454545454545,1,1,2,0.988826815642458,0.0167597765363128,0.0167597765363128,0.9832402234636872,3881243.09,21682.922290502796,267864.8526016805,3590217.0,12.353724696924564,3791439.09,89804.0,42.21904469734088,5,199,195,0.917948717948718,2,3590727.25,0.0111731843575419,0.925148764644886,1.0,6,1,6,0,0,0.5,0.0002808901095471,0.9667613370369214,0.5326013329317201,0.1
886,284.53,0,72,10,7.2,7,1,8,0.902439024390244,0.1219512195121951,0.8780487804878049,0.1219512195121951,4241253.81,51722.60743902437,330735.19603934063,2982320.75,6.394402997359392,4238408.61,2845.2,1489.6698334036273,2,197,196,0.4183673469387755,3,2982320.75,0.0365853658536585,0.703169601160936,2.0,8,1,52,0,0,0.875,0.7709696609161214,0.0148720999405115,0.4560812283195474,0.18
720,253.17,0,253,24,10.541666666666666,8,10,17,0.9386281588447654,0.0866425992779783,0.9133574007220217,0.0866425992779783,10704633.32,38644.88563176896,189212.8880620564,1520639.75,4.896194799616883,4605832.28,6098801.04,0.7552029078817105,0,199,200,1.385,3,1521182.21,0.0108303249097472,0.1421050272836435,1.0,69,80,58,1,1,3.7058823529411766,0.8342217414536877,0.0075069400096443,0.6394150118280357,0.18
827,302.09,0,142,21,6.761904761904762,8,13,21,0.8711656441717791,0.1288343558282208,0.8711656441717791,0.1288343558282208,9201956.64,56453.721717791406,304565.03821730934,2878580.0,5.3949505710148,1305650.14,7896306.5,0.1653494757327365,1,199,199,0.8190954773869347,3,2878580.0,0.0184049079754601,0.3128225998682819,1.0,47,52,55,0,0,4.9523809523809526,0.7589295795852309,0.0165982912416726,0.5554925515905947,0.18
661,174.2,0,45,180,0.25,5,9,14,0.9377777777777778,0.2,0.2,0.8,2087222.18,9276.543022222222,132058.4948332307,1985082.37,14.23574434106335,2055867.98,31354.2,65.56914161420161,2,199,198,1.1363636363636365,9,1985082.37,0.04,0.9510642369658988,0.0,0,94,47,0,0,3.2142857142857144,0.0399999999999999,0.6400000000000001,0.5919076069354584,0.18
935,217.92,0,75,24,3.125,7,23,29,0.7070707070707071,0.2424242424242424,0.7575757575757576,0.2424242424242424,17209579.740000002,173834.13878787876,521257.8471050883,2971560.25,2.9985930884448053,6194798.28,11014781.46,0.5624077338707363,4,199,196,0.5051020408163265,3,2971560.25,0.0303030303030303,0.1726689608284414,1.5,23,117,53,1,1,4.551724137931035,0.573921028466483,0.0587695133149678,0.5287817262524248,0.08
190,327.48,0,62,16,3.875,4,1,5,0.935897435897436,0.2051282051282051,0.7948717948717948,0.2051282051282051,2193855.11,28126.34756410256,244946.0224352798,2177518.5,8.708774641891381,2188615.43,5239.68,417.70020879137655,0,196,197,0.3959390862944162,3,2177869.61,0.0384615384615384,0.9927135115135292,3.0,6,8,32,0,0,0.8,0.6318211702827088,0.042077580539119,0.4537917675941223,0.08
540,458.21,1,260,178,1.4606741573033708,5,2,6,0.9863013698630136,0.4063926940639269,0.593607305936073,0.4063926940639269,187807.75,428.78481735159806,148.6152618926885,533.65,0.3465963716033953,106702.8,81104.95,1.3156139051932096,0,199,200,2.19,4,1329.3000000000002,0.0091324200913242,0.0070779826711091,0.0,470,18,26,1,1,0.6666666666666666,0.3523696336606827,0.1651550217885365,0.7152955658353599,0.2
781,311.41,0,322,27,11.925925925925926,9,1,10,0.97134670487106,0.0773638968481375,0.9226361031518624,0.0773638968481375,124324.14,356.22962750716334,187.11973047057296,530.4,0.5252784047750498,115916.07,8408.070000000002,13.786287459547788,3,199,197,1.7715736040609138,4,1122.26,0.0114613180515759,0.009026887296385,1.0,72,19,73,0,0,0.9,0.8512573788392542,0.0059851725355292,0.5946159328505999,0.08
801,185.91,1,90,352,0.2556818181818182,6,13,19,0.9570135746606336,0.2036199095022624,0.2036199095022624,0.7963800904977375,246288.51,557.2138235294117,11126.831743511531,234219.62,19.96869293915538,241265.26,5023.25,48.02971383068731,0,196,197,2.243654822335025,14,234219.62,0.0316742081447963,0.9509969425695092,0.0,143,122,50,0,0,4.105263157894737,0.0414610675457095,0.6342212485411847,0.6858588108633511,0.08
281,247.94,0,60,23,2.608695652173913,3,1,4,0.9518072289156626,0.2771084337349397,0.7228915662650602,0.2771084337349397,15822.42,190.63156626506023,42.10430509087364,247.94,0.2208674351042705,10119.8,5702.62,1.774587821036646,4,199,196,0.423469387755102,2,423.69,0.0240963855421686,0.0267778253895421,2.0,17,6,19,0,0,0.75,0.522572216577152,0.0767890840470315,0.3723131844845507,0.08
239,290.6,0,62,26,2.3846153846153846,4,5,9,0.8977272727272727,0.2954545454545454,0.7045454545454546,0.2954545454545454,39720986.28,451374.8440909091,1261363.9662325666,8611412.0,2.794493274814672,10249635.6,29471350.68,0.3477830287213697,4,199,196,0.4489795918367347,2,13300025.0,0.0227272727272727,0.3348362225007671,2.0,14,31,13,0,0,2.2222222222222223,0.4963842975206612,0.087293388429752,0.5312546087623756,0.08
67,138.49,0,1,80,0.0125,1,4,5,0.9382716049382716,0.0123456790123456,0.0123456790123456,0.9876543209876544,14597.82,180.22,373.2444668042648,3518.62,2.0710490889150197,3518.62,11079.2,0.3175879124846559,6,196,191,0.4240837696335078,4,3518.62,0.0493827160493827,0.2410373603729872,0.0,0,57,10,0,0,0.8,0.0001524157902758,0.9754610577655844,0.3178318396913135,0.0
883,213.31,1,141,21,6.714285714285714,9,2,10,0.9382716049382716,0.1296296296296296,0.8703703703703703,0.1296296296296296,26582.98,164.09246913580247,354.56776086980096,4527.71,2.1607802157962634,22304.98,4278.0,5.213880317905563,0,198,199,0.8140703517587939,3,4527.71,0.0185185185185185,0.1703236431731882,1.0,19,17,74,1,1,0.8,0.7575445816186557,0.0168038408779149,0.4334530466934438,0.08
356,468.04,1,54,180,0.3,6,1,7,0.97008547008547,0.2307692307692307,0.2307692307692307,0.7692307692307693,88168.85,376.7899572649573,169.9618034929595,468.04,0.4510783799193538,3921.65,84247.2,0.0465493215204778,1,199,199,1.1758793969849246,3,667.0500000000001,0.0128205128205128,0.0075655971468381,1.0,84,1,67,0,0,0.8571428571428571,0.0532544378698224,0.591715976331361,0.5384579801579905,0.08
380,393.72,0,65,27,2.4074074074074074,5,1,6,0.9347826086956522,0.2934782608695652,0.7065217391304348,0.2934782608695652,1736570.27,18875.763804347825,123250.93068860202,1024606.75,6.529586403291003,1725939.83,10630.44,162.35826833132023,1,197,197,0.467005076142132,2,1024606.75,0.0217391304347826,0.5900174428299985,2.0,4,1,42,0,0,0.8333333333333334,0.4991729678638942,0.0861294896030245,0.4829698001653748,0.08
396,358.21,0,253,22,11.5,7,1,8,0.9709090909090908,0.08,0.92,0.08,3957705.25,14391.655454545456,187589.0150716816,3033061.0,13.03456823741799,3949824.85,7880.4,501.2213656667175,1,199,199,1.3819095477386936,4,3033929.45,0.0145454545454545,0.7665880247145742,1.0,42,18,32,0,0,0.875,0.8464,0.0063999999999999,0.6170188395802723,0.18
767,191.92,0,117,220,0.5318181818181819,9,11,20,0.940652818991098,0.3471810089020771,0.3471810089020771,0.6528189910979229,3970611.65,11782.230415430266,104000.95982721706,1395128.62,8.826933115398518,3928391.45,42220.2,93.04530651204874,2,197,196,1.719387755102041,13,1395128.62,0.0385756676557863,0.3513636545140344,0.0,462,85,77,0,0,4.95,0.1205346529422641,0.4261726351381099,0.7141703976849977,0.08
43,448.78,0,60,179,0.3351955307262569,3,1,3,0.98744769874477,0.2510460251046025,0.2510460251046025,0.7489539748953975,88723.62999999999,371.2285774058578,134.36193523396878,448.77,0.3619385559508615,8393.8,80329.83,0.1044916938078917,1,199,199,1.201005025125628,2,577.71,0.00836820083682,0.0065113431449998,1.0,100,5,27,1,1,0.0,0.0630241067208207,0.5609320565116157,0.5464254355155925,0.08
912,133.01,0,115,396,0.2904040404040404,10,18,28,0.9452054794520548,0.2250489236790606,0.2250489236790606,0.7749510763209393,3569421.56,6985.169393346379,79846.39848381822,1350216.37,11.430846410092036,3566499.08,2922.48,1220.3673181681313,0,195,196,2.607142857142857,21,1350216.37,0.0410958904109589,0.3782731591950153,0.0,630,121,61,0,0,6.428571428571429,0.0506470180491036,0.6005491706909822,0.7805948907342264,0.08
691,239.24,1,64,16,4.0,5,2,7,0.9125,0.2,0.8,0.2,7169869.98,89623.37474999999,447686.7541606867,3400460.5,4.995200810162382,7166277.8,3592.1800000000003,1994.9662322043996,4,199,196,0.4081632653061224,2,3400460.5,0.025,0.4742708737376573,2.0,11,23,47,0,0,1.4285714285714286,0.6400000000000001,0.0399999999999999,0.4802037773985537,0.18
421,372.67,0,65,15,4.333333333333333,4,6,10,0.875,0.1875,0.8125,0.1875,19937452.23,249218.152875,917141.3199064146,5004488.5,3.680074301675865,11015854.33,8921597.9,1.2347400604100305,3,196,194,0.4123711340206185,3,5004488.5,0.0375,0.2510094290016513,1.0,17,70,50,0,0,2.4,0.66015625,0.03515625,0.4999017904539075,0.18
405,125.45,0,51,91,0.5604395604395604,3,7,10,0.9295774647887324,0.3591549295774648,0.3591549295774648,0.6408450704225352,5400.780000000001,38.03366197183099,50.55293334405585,162.77,1.3291629236621247,3770.06,1630.7200000000005,2.3118990384615383,4,199,196,0.7244897959183674,8,175.71,0.056338028169014,0.0325341895059602,0.0,14,59,11,0,0,2.1,0.1289922634397937,0.4106824042848641,0.4296190838660214,0.08
377,116.07,0,73,120,0.6083333333333333,5,6,11,0.9430051813471504,0.3782383419689119,0.3782383419689119,0.6217616580310881,3388582.76,17557.423626943004,158828.1240642395,1624603.5,9.046209024683296,3374655.56,13927.2,242.30682118444483,0,194,195,0.9897435897435898,6,1624611.62,0.0310880829015544,0.4794369018155544,0.0,0,55,43,0,0,2.727272727272727,0.1430642433353915,0.3865875593975677,0.6141867310801257,0.08
488,354.76,1,69,19,3.631578947368421,4,3,7,0.9204545454545454,0.2159090909090909,0.7840909090909091,0.2159090909090909,12155.86,138.13477272727275,123.48849224060288,354.76,0.8939710820273556,6101.330000000001,6054.53,1.0077297494603217,2,198,197,0.4467005076142132,3,373.89,0.034090909090909,0.030758004781233,1.0,4,36,85,0,0,1.7142857142857142,0.6147985537190083,0.04661673553719,0.3599377956867777,0.08
831,354.96,0,23,20,1.15,3,13,16,0.627906976744186,0.4651162790697674,0.5348837209302325,0.4651162790697674,7034631.54,163596.0823255814,361053.35745538113,1678715.87,2.206980462630085,349679.87,6684951.67,0.0523085113044654,3,193,191,0.225130890052356,2,1678715.87,0.0465116279069767,0.2386359342994103,2.0,10,88,28,0,0,2.4375,0.2861005949161709,0.2163331530557058,0.4869658944318403,0.08
68,157.57,0,205,80,2.5625,4,4,7,0.975438596491228,0.2807017543859649,0.7192982456140351,0.2807017543859649,3779830.84,13262.56435087719,160132.81374625652,2571109.0,12.07404612786405,3767225.24,12605.6,298.8533064669671,0,199,200,1.425,5,2571739.28,0.0175438596491228,0.6803847549960726,1.0,88,70,44,1,1,1.2857142857142858,0.5173899661434288,0.0787934749153585,0.662111220420166,0.08
745,440.32,0,88,176,0.5,6,1,6,0.9772727272727272,0.3333333333333333,0.3333333333333333,0.6666666666666666,4649019.2700000005,17609.92147727273,163597.8178428671,2308489.75,9.290093544937472,4571522.95,77496.31999999999,58.99019398598541,1,199,199,1.3266331658291457,3,2308930.07,0.0113636363636363,0.4966488491238281,1.0,169,11,35,1,1,0.0,0.1111111111111111,0.4444444444444445,0.6632905602653456,0.08
428,277.34,0,29,24,1.2083333333333333,4,7,11,0.7924528301886793,0.4528301886792453,0.5471698113207547,0.4528301886792453,10056841.49,189751.7262264151,363347.4816648337,1504633.62,1.914857318511459,3830295.23,6226546.26,0.6151556689791622,6,193,188,0.2819148936170212,2,1504633.62,0.0377358490566037,0.149612939758087,3.0,3,32,26,0,0,2.5454545454545454,0.2993948024207903,0.2050551797792809,0.5068472757484705,0.08
263,153.79,0,62,120,0.5166666666666667,4,6,10,0.945054945054945,0.3406593406593406,0.3406593406593406,0.6593406593406593,349101.85,1918.1420329670348,20295.2548606854,269953.93,10.58068407441765,330648.25,18453.6,17.91781820349417,8,199,192,0.9479166666666666,8,269953.93,0.0439560439560439,0.7732812931240554,0.0,72,71,27,0,0,2.4,0.1160487863784567,0.4347301050597754,0.552525579093915,0.08
631,357.64,0,105,27,3.888888888888889,7,9,16,0.8787878787878788,0.2045454545454545,0.7954545454545454,0.2045454545454545,6782297.300000001,51381.04015151515,242587.00872726183,1938254.87,4.7213331612577,127119.15,6655178.15,0.0191007884589836,1,199,199,0.6633165829145728,4,1938254.87,0.0303030303030303,0.2857814667015555,1.0,45,94,50,0,0,3.9375,0.6327479338842975,0.0418388429752066,0.5348153443572128,0.08
403,118.2,0,59,161,0.3664596273291925,4,7,11,0.95,0.2681818181818182,0.2681818181818182,0.7318181818181818,1740800.29,7912.728590909092,98513.71292462254,1440763.75,12.450030579565766,1738082.61,2717.68,639.5464550646141,4,198,195,1.1282051282051282,9,1440763.75,0.0409090909090909,0.8276444795399247,0.0,105,88,32,0,0,2.5454545454545454,0.0719214876033057,0.5355578512396694,0.6005187891482308,0.08
514,102.47,0,54,154,0.3506493506493506,6,7,13,0.9375,0.2596153846153846,0.2596153846153846,0.7403846153846154,4991217.92,23996.24,160474.96152290097,1458790.87,6.6875044391496745,4988964.9,2253.02,2214.34558947546,1,196,196,1.0612244897959184,8,1458790.87,0.0384615384615384,0.2922715243817685,0.0,49,95,32,0,0,3.230769230769231,0.067400147928994,0.5481693786982249,0.6101218607489993,0.08
481,222.69,0,21,22,0.9545454545454546,2,1,3,0.9302325581395348,0.4883720930232558,0.4883720930232558,0.5116279069767442,140237.81,3261.344418604652,20053.205106822326,133220.43,6.14875417402311,135338.63,4899.18,27.624751489024693,1,194,194,0.2216494845360824,2,133220.43,0.0465116279069767,0.9499608557777678,2.5,10,2,12,0,0,0.6666666666666666,0.2385073012439156,0.261763115197404,0.4094616231454506,0.08
485,387.15,0,78,16,4.875,3,1,4,0.9574468085106383,0.1702127659574468,0.8297872340425532,0.1702127659574468,15666.94,166.66957446808507,130.68873755310048,387.14,0.7841187449490103,9472.7,6194.24,1.5292755850596684,2,193,192,0.4895833333333333,3,742.6,0.0319148936170212,0.0473991730357044,1.0,14,1,24,0,0,0.75,0.6885468537799909,0.0289723856948845,0.3656840610085285,0.08
764,109.87,0,52,220,0.2363636363636363,6,11,17,0.9375,0.1911764705882352,0.1911764705882352,0.8088235294117647,1444891.31,5312.100404411767,72668.92767678408,1195085.5,13.679885948020036,1420719.91,24171.4,58.77689790413463,0,198,199,1.3668341708542713,12,1195085.5,0.0441176470588235,0.827111002557002,0.0,55,97,38,0,0,3.882352941176471,0.0365484429065743,0.6541955017301039,0.6162603783447193,0.08
66,159.63,0,204,80,2.55,2,4,5,0.9823943661971832,0.2816901408450704,0.7183098591549296,0.2816901408450704,104361.98,367.4717605633803,145.70262793215858,478.51,0.3965002037402225,91591.58,12770.4,7.172177848775293,1,199,199,1.4271356783919598,5,1117.03,0.0176056338028169,0.0107034190037406,1.0,160,25,18,1,1,0.6,0.5159690537591748,0.0793493354493156,0.5881370381614247,0.08
607,110.2,0,62,176,0.3522727272727273,4,8,12,0.9495798319327732,0.2605042016806723,0.2605042016806723,0.7394957983193278,1913935.31,8041.745,122669.5743696784,1896506.0,15.254099000860933,1911511.79,2423.52,788.7336560044894,1,198,198,1.202020202020202,9,1896659.78,0.0378151260504201,0.990973817187165,0.0,96,55,23,0,0,2.6666666666666665,0.0678624390932843,0.5468540357319399,0.6121816794575966,0.08
547,484.05,0,42,179,0.2346368715083799,5,1,6,0.9728506787330315,0.1900452488687782,0.1900452488687782,0.8099547511312217,5788193.61,26190.9213122172,307758.4141196154,4493767.0,11.750576104249388,5701550.45,86643.16,65.80496890925954,2,199,198,1.116161616161616,3,4494251.04,0.0135746606334841,0.7764514013898025,1.0,75,2,28,0,0,0.8333333333333334,0.0361171966175958,0.6560266988800393,0.6079454661769578,0.18
478,169.85,0,39,140,0.2785714285714286,3,7,10,0.9441340782122905,0.217877094972067,0.217877094972067,0.7821229050279329,707378.75,3951.8365921787695,50719.303546307725,680631.43,12.834362545933258,683599.75,23779.0,28.74804449304008,1,198,198,0.904040404040404,8,681820.38,0.0446927374301676,0.9638689033279556,0.0,63,62,29,0,0,2.1,0.0474704285134671,0.6117162385693331,0.5351139307125415,0.08
502,101.0,0,85,119,0.7142857142857143,4,7,11,0.946078431372549,0.4166666666666667,0.4166666666666667,0.5833333333333334,12117.63,59.40014705882352,72.78088179852269,197.88,1.225264336912303,10401.65,1715.98,6.061638247532022,1,197,197,1.035532994923858,8,365.04,0.0392156862745098,0.0301247026027366,0.0,63,63,33,0,0,2.5454545454545454,0.1736111111111111,0.3402777777777777,0.5125072839701684,0.08
275,198.19,0,246,120,2.05,4,6,9,0.9754098360655736,0.3278688524590163,0.6721311475409836,0.3278688524590163,117629.42,321.3918579234973,182.52071071297928,499.07,0.5679070773361835,93846.62,23782.8,3.945987015826564,0,199,200,1.83,7,1688.2100000000005,0.0191256830601092,0.0143519367858823,0.0,234,30,21,1,1,1.6666666666666667,0.4517602794947595,0.1074979844127922,0.6504406005605071,0.2
611,190.88,0,62,168,0.369047619047619,4,8,12,0.9478260869565216,0.2695652173913043,0.2695652173913043,0.7304347826086957,174046.84,756.7253913043468,10841.605402696816,164818.84,14.32700095342306,170038.36,4008.48,42.41966032012134,0,196,197,1.16751269035533,9,164934.9,0.0391304347826087,0.947646622024278,0.0,80,48,23,0,0,2.6666666666666665,0.0726654064272211,0.5335349716446125,0.5590553713448034,0.08
539,350.97,0,20,18,1.1111111111111112,1,7,8,0.7894736842105263,0.4736842105263157,0.5263157894736842,0.4736842105263157,10717757.2,282046.2421052631,679801.0958903746,2530242.0,2.410246953890152,2680.4,10715076.8,0.0002501521967626,3,193,191,0.1989528795811518,1,2530242.0,0.0263157894736842,0.2360794290059118,4.0,0,48,17,0,0,0.875,0.2770083102493075,0.224376731301939,0.4902989828356254,0.08
701,117.34,0,72,190,0.3789473684210526,6,10,16,0.9389312977099236,0.2748091603053435,0.2748091603053435,0.7251908396946565,9433575.32,36006.01267175573,319395.5227717094,4751060.0,8.870616296323572,9431346.62,2228.7000000000003,4231.770368376183,2,199,198,1.323232323232323,11,4751060.0,0.0419847328244274,0.503633017052118,0.0,230,31,37,0,0,3.75,0.075520074587728,0.525901753977041,0.6657827246648826,0.08
38,364.97,0,20,20,1.0,1,3,4,0.9,0.5,0.5,0.5,8432558.25,210813.95625,552803.995309878,3148946.0,2.62223623683775,2049.0,8430509.25,0.0002430458160045,0,192,193,0.2072538860103626,2,3148946.0,0.05,0.3734271269338697,4.0,7,22,8,0,0,0.75,0.25,0.25,0.4928604988220083,0.08
365,158.29,0,42,120,0.35,4,6,10,0.9382716049382716,0.2592592592592592,0.2592592592592592,0.7407407407407407,3933826.69,24282.88080246913,201386.46370291823,2272511.5,8.293351408389768,3914833.09,18993.6,206.11327447140093,1,196,196,0.826530612244898,6,2272511.5,0.037037037037037,0.577684702220575,0.0,24,81,18,0,0,2.4,0.0672153635116598,0.5486968449931412,0.5652928406583003,0.08
474,109.35,0,257,140,1.8357142857142856,5,7,11,0.9722921914357684,0.3526448362720403,0.6473551637279596,0.3526448362720403,99316.8,250.16826196473548,145.4765228152987,411.6,0.5815147040347008,84009.2,15307.6,5.488071284851968,2,199,198,2.005050505050505,8,899.4000000000002,0.0201511335012594,0.0090558697018027,0.0,413,82,41,1,1,2.1818181818181817,0.4190687080052535,0.1243583805493341,0.6716556693788887,0.2
31,373.06,0,4,24,0.1666666666666666,2,3,5,0.8214285714285714,0.1428571428571428,0.1428571428571428,0.8571428571428571,17871773.44,638277.6228571429,1117687.3470004147,5328285.5,1.751099062500851,1717789.16,16153984.28,0.1063384196880003,15,195,181,0.154696132596685,1,5328285.5,0.0357142857142857,0.2981397183602614,7.0,1,9,10,0,0,1.2,0.0204081632653061,0.7346938775510204,0.4223509661070177,0.1
399,370.26,0,79,15,5.266666666666667,4,1,5,0.946808510638298,0.1595744680851064,0.8404255319148937,0.1595744680851064,15888.71,169.0288297872341,108.05135706470428,370.26,0.6392480927704137,10334.81,5553.9,1.860820324456688,3,193,191,0.4921465968586387,3,503.2600000000001,0.0319148936170212,0.0316740629037851,1.0,9,1,37,0,0,0.8,0.706315074694432,0.0254640108646446,0.3644143150564259,0.08
541,483.96,0,84,176,0.4772727272727273,6,1,7,0.9730769230769232,0.3230769230769231,0.3230769230769231,0.676923076923077,3826649.86,14717.88407692308,213963.00785653925,3452613.75,14.537620131960596,3741474.66,85175.2,43.92680803802046,3,199,197,1.3197969543147208,3,3453232.02,0.0115384615384615,0.902416512181232,1.0,139,3,45,0,0,0.8571428571428571,0.104378698224852,0.458224852071006,0.656231813257744,0.08
495,392.45,0,289,20,14.45,7,1,8,0.9741100323624596,0.0647249190938511,0.9352750809061487,0.0647249190938511,95093.23,307.7450809061489,155.76737868751968,408.86,0.5061571682278915,87244.23,7849.0,11.115330615365014,0,199,200,1.545,4,1188.45,0.0129449838187702,0.012497735117421,1.0,56,9,52,0,0,0.875,0.8747394769640033,0.0041893151517055,0.5584347484255848,0.08
544,404.11,0,66,180,0.3666666666666666,5,1,5,0.9796747967479676,0.2682926829268293,0.2682926829268293,0.7317073170731707,2121314.14,8623.228211382117,84291.579449996,1133239.12,9.774944763578963,2048576.14,72738.0,28.16376776925404,0,198,199,1.236180904522613,3,1133813.1900000002,0.0121951219512195,0.5344862265425714,1.0,132,4,46,1,1,0.0,0.0719809637120761,0.5353955978584176,0.6209443692515741,0.08
293,395.25,0,49,23,2.130434782608696,3,1,4,0.9444444444444444,0.3194444444444444,0.6805555555555556,0.3194444444444444,17421.46,241.96472222222224,141.49393469501933,395.25,0.5847709260900861,8330.710000000001,9090.75,0.9163941368973958,1,196,196,0.3673469387755102,2,708.22,0.0277777777777777,0.040652161185113,2.0,4,2,46,0,0,0.75,0.4631558641975309,0.1020447530864197,0.3695270656062491,0.08
738,265.03,0,81,24,3.375,5,10,15,0.8571428571428572,0.2285714285714285,0.7714285714285715,0.2285714285714285,15511920.8,147732.57904761905,813092.5681091602,7860296.0,5.5038135349080575,8773468.5,6738452.3,1.3020005350486787,0,197,198,0.5303030303030303,3,7860296.0,0.0285714285714285,0.5067261560541232,1.0,24,74,18,0,0,3.333333333333333,0.5951020408163266,0.0522448979591836,0.5293265728460423,0.08
372,122.51,0,60,120,0.5,3,6,9,0.95,0.3333333333333333,0.3333333333333333,0.6666666666666666,25284.2,140.46777777777777,25.46342159856316,179.57,0.1812758911787348,10583.0,14701.2,0.7198732076293092,4,197,194,0.9278350515463918,6,735.0600000000001,0.0333333333333333,0.029071910521195,0.0,120,21,50,0,0,2.0,0.1111111111111111,0.4444444444444445,0.493190740800605,0.08
787,320.93,0,126,17,7.411764705882353,7,1,8,0.944055944055944,0.1188811188811188,0.8811188811188811,0.1188811188811188,179550.93000000002,1255.6009090909097,13029.390047451754,156515.54,10.377015461772324,174095.29,5455.64,31.911066346019897,1,199,199,0.7185929648241206,3,156515.54,0.0209790209790209,0.8717055378103583,1.0,36,1,53,0,0,0.875,0.776370482664189,0.0141327204264267,0.4531175042889275,0.08
337,239.59,0,59,15,3.933333333333333,3,6,9,0.8783783783783784,0.2027027027027027,0.7972972972972973,0.2027027027027027,6913179.7,93421.3472972973,430535.9418105634,3322867.0,4.608539207216282,4169.59,6909010.11,0.000603500347172,5,198,194,0.3814432989690721,2,3322867.0,0.027027027027027,0.4806568242396476,2.0,11,34,14,0,0,2.0,0.6356829802775749,0.0410883856829802,0.4736774621517556,0.08
650,549.04,0,78,180,0.4333333333333333,6,1,6,0.9767441860465116,0.3023255813953488,0.3023255813953488,0.6976744186046512,370238.82,1435.0341860465114,13205.827691555782,205494.15,9.202448150686608,271413.42,98825.4,2.746393336126137,0,199,200,1.29,3,206210.34,0.0116279069767441,0.5569657444349029,1.0,116,14,43,1,1,0.0,0.0914007571660356,0.486749594375338,0.5993734495326275,0.08
992,397.49,1,1286,35,36.74285714285714,38,3,41,0.9689629068887208,0.0264950794852384,0.9735049205147616,0.0264950794852384,25550638.33,19341.891241483725,337553.1236531167,10916434.0,17.451919227482062,25537120.76,13517.57,1889.179842234958,0,199,200,6.605,12,10917923.409999998,0.0090840272520817,0.4273053091272807,0.0,519,17,207,0,0,2.7804878048780486,0.9477118302664522,0.0007019892369291,0.8052990158970478,0.18
763,108.15,0,171,220,0.7772727272727272,9,11,20,0.948849104859335,0.4373401534526854,0.4373401534526854,0.5626598465473146,2165640.12,5538.721534526853,101711.97983634876,2011545.12,18.363800960619614,2141847.12,23793.0,90.020052956752,1,198,198,1.9747474747474747,13,2011545.12,0.0332480818414322,0.9288455184326748,0.0,286,71,60,0,0,4.95,0.1912664098220184,0.3165861029166476,0.7491921848966315,0.2
977,168.13,1,310,701,0.442225392296719,23,35,57,0.9436201780415432,0.3066271018793274,0.3066271018793274,0.6933728981206726,4911171.39,4857.736290801186,71240.52775190752,1890670.87,14.665375699132037,4793475.69,117695.7,40.72770449557631,1,198,198,5.106060606060606,37,1890697.28,0.0365974282888229,0.3849788838259216,0.0,1857,207,144,1,1,13.12280701754386,0.0940201796069154,0.4807659758482606,0.8309287523721656,0.2
370,186.89,0,65,120,0.5416666666666666,5,6,11,0.9405405405405404,0.3513513513513513,0.3513513513513513,0.6486486486486487,1393371.4500000002,7531.737567567568,94926.87573932728,1294007.12,12.60358249178677,1370945.85,22425.6,61.13307336258563,3,197,195,0.9487179487179488,8,1294207.0,0.0432432432432432,0.9288312890292104,0.0,138,23,30,0,0,2.727272727272727,0.1234477720964207,0.4207450693937181,0.5835115565079774,0.08
970,120.9,1,314,660,0.4757575757575757,20,33,52,0.946611909650924,0.3223819301848049,0.3223819301848049,0.6776180698151951,8131051.09,8348.101735112936,145636.04751736738,3740109.25,17.445408805310535,8051257.09,79794.0,100.90053249617766,1,199,199,4.894472361809045,36,3740242.19,0.0369609856262833,0.4599949193038461,0.0,2541,193,131,1,1,11.692307692307692,0.1039301089096804,0.4591662485400706,0.8445383802451694,0.2
439,355.28,0,56,20,2.8,3,7,10,0.868421052631579,0.2631578947368421,0.7368421052631579,0.2631578947368421,25667723.56,337733.20473684213,931451.2410712452,4986449.5,2.7579498491924164,6345.56,25661378.0,0.0002472805630313,4,199,196,0.3877551020408163,3,4986449.5,0.0394736842105263,0.1942692536930221,3.0,15,59,30,0,0,2.1,0.5429362880886427,0.0692520775623268,0.5105740678492138,0.08
685,288.82,0,92,17,5.411764705882353,5,1,6,0.944954128440367,0.1559633027522936,0.8440366972477065,0.1559633027522936,287804.97,2640.412568807338,25949.84075417654,272299.68,9.827949260936128,282895.03,4909.94,57.61679979796087,0,199,200,0.545,3,272299.68,0.0275229357798165,0.9461257045005164,1.0,16,5,30,0,0,0.8333333333333334,0.7123979463008165,0.0243245518054035,0.4352455144508724,0.08
673,110.55,0,95,180,0.5277777777777778,7,9,16,0.9418181818181818,0.3454545454545454,0.3454545454545454,0.6545454545454545,1454789.2000000002,5290.142545454547,76406.91418777604,1267102.87,14.44326188401619,1434890.2000000002,19899.0,72.10865872656919,3,195,193,1.4248704663212437,11,1267368.8,0.04,0.8711700636765793,0.0,180,74,40,0,0,3.9375,0.1193388429752066,0.4284297520661157,0.6552374390515918,0.08
212,187.5,0,222,80,2.775,4,5,8,0.9735099337748344,0.2649006622516556,0.7350993377483444,0.2649006622516556,107644.84,356.43986754966886,1430.5961258341356,24994.96,4.013569345283146,104644.84,3000.0,34.881613333333334,1,199,199,1.5175879396984924,7,24994.96,0.0231788079470198,0.2321984035649084,1.0,155,27,35,1,1,1.5,0.5403710363580544,0.0701723608613657,0.5974744326611384,0.08
782,257.1,1,436,20,21.8,9,2,10,0.9780701754385964,0.043859649122807,0.956140350877193,0.043859649122807,1407062.3,3085.662938596492,50789.02748449362,1081126.75,16.459680948689396,1402173.88,4888.42,286.8358037975461,2,199,198,2.303030303030303,6,1082552.45,0.0131578947368421,0.7693706597071074,0.0,85,2,56,1,1,0.8,0.9142043705755616,0.0019236688211757,0.6960337254502227,0.08
740,408.87,0,69,180,0.3833333333333333,4,1,5,0.9799196787148594,0.2771084337349397,0.2771084337349397,0.7228915662650602,83912.5,336.9979919678715,275.66811543494424,4011.3,0.8180111514172634,10317.7,73594.8,0.1401960464598042,0,199,200,1.245,3,4530.030000000001,0.0120481927710843,0.0539851631163414,1.0,107,1,44,0,0,0.8,0.0767890840470315,0.522572216577152,0.5570008530761196,0.08
347,499.08,0,105,180,0.5833333333333334,6,1,6,0.9789473684210528,0.3684210526315789,0.3684210526315789,0.631578947368421,2324419.84,8155.859087719295,127627.03425392196,2158160.75,15.648508989825082,2234587.24,89832.6,24.87501463833842,0,199,200,1.425,4,2158813.76,0.0140350877192982,0.9287538003461544,1.0,210,5,29,1,1,0.0,0.1357340720221606,0.3988919667590027,0.6695691672433444,0.08
640,533.65,0,70,180,0.3888888888888889,4,1,5,0.98,0.28,0.28,0.72,106812.04,427.24816,188.02883685811173,533.65,0.4400927949183251,10755.04,96057.0,0.1119651873366855,0,199,200,1.25,3,925.9,0.012,0.0086684984202155,1.0,104,2,20,0,0,0.8,0.0784,0.5184,0.563317389419539,0.08
304,197.46,0,32,90,0.3555555555555555,3,6,9,0.9262295081967212,0.2622950819672131,0.2622950819672131,0.7377049180327869,276148.77,2263.514508196722,24575.83669614714,272597.71,10.857379799047992,273187.77,2961.0,92.2619959473151,0,199,200,0.61,7,272597.71,0.0573770491803278,0.9871407719831596,0.0,36,14,30,0,0,2.0,0.068798710024187,0.5442085460897608,0.4692291937096398,0.08
967,134.03,0,208,620,0.3354838709677419,17,31,48,0.9420289855072465,0.251207729468599,0.251207729468599,0.748792270531401,3012811.55,3638.661292270532,50246.52522193154,1195825.25,13.809069101503978,2929719.15,83092.40000000001,35.258569375779246,0,199,200,4.14,34,1195987.33,0.0410628019323671,0.3969671883394101,0.0,1209,187,109,0,0,10.979166666666666,0.0631053233447688,0.5606898644075707,0.8097085565180149,0.2
680,289.46,0,98,18,5.444444444444445,6,1,7,0.9396551724137931,0.1551724137931034,0.8448275862068966,0.1551724137931034,5038897.1,43438.768103448274,278238.7406156584,2329952.25,6.405309191850013,5033687.0,5210.099999999999,966.1401892478073,2,199,198,0.5858585858585859,3,2329952.25,0.0258620689655172,0.462393298327128,1.0,16,1,42,0,0,0.8571428571428571,0.7137336504161713,0.0240784780023781,0.5030684773360143,0.18
55,586.57,0,26,180,0.1444444444444444,2,1,2,0.9902912621359224,0.1262135922330097,0.1262135922330097,0.8737864077669902,9576156.06,46486.19446601942,514342.0010734199,7199816.0,11.06440324878378,9470573.46,105582.6,89.69824061919294,0,199,200,1.03,2,7199816.0,0.0097087378640776,0.7518482316797164,1.0,50,5,21,1,1,0.0,0.0159298708643604,0.7635026863983411,0.5919300090103488,0.18
48,447.72,0,200,178,1.1235955056179776,3,1,4,0.9894179894179894,0.4708994708994709,0.5291005291005291,0.4708994708994709,450417.29,1191.580132275132,14984.27435765533,292119.18,12.57512940321122,370723.13,79694.16,4.65182304449912,3,199,197,1.9187817258883249,3,292119.18,0.0079365079365079,0.6485523235575615,0.0,379,9,26,0,0,0.75,0.2799473698944598,0.2217463116934016,0.7170734711788849,0.2
757,544.92,0,48,179,0.2681564245810056,5,1,5,0.9779735682819384,0.211453744493392,0.211453744493392,0.788546255506608,4177034.73,18401.03405286344,203267.0043315764,3006575.5,11.046499003676669,4079495.84,97538.89,41.82430044057298,2,199,198,1.1464646464646464,4,3006575.5,0.0176211453744493,0.7197870485505875,1.0,95,6,27,1,1,0.0,0.0447126860602767,0.6218051970734926,0.6101436751029256,0.08
311,139.38,0,22,96,0.2291666666666666,3,6,9,0.923728813559322,0.1864406779661017,0.1864406779661017,0.8135593220338984,37237.22,315.5696610169492,2122.407400807695,21020.75,6.7256383074597945,35007.14,2230.08,15.697705911895538,3,193,191,0.6178010471204188,7,21020.75,0.059322033898305,0.5645091121195406,0.0,24,50,33,0,0,2.0,0.0347601264004596,0.6618787704682564,0.4140877132805867,0.08
310,100.79,0,43,108,0.3981481481481481,3,6,9,0.9403973509933776,0.2847682119205298,0.2847682119205298,0.7152317880794702,3255052.74,21556.64066225165,246541.39395429683,3033736.0,11.436911614248936,3253239.42,1813.32,1794.0790483753558,3,196,194,0.7783505154639175,7,3033736.0,0.0463576158940397,0.932008247583724,0.0,96,69,24,0,0,2.0,0.0810929345204157,0.5115565106793561,0.5576599036183393,0.08
101,184.51,0,23,80,0.2875,2,4,5,0.9514563106796116,0.2233009708737864,0.2233009708737864,0.7766990291262136,2975873.2,28891.97281553399,269205.6819813602,2738539.0,9.31766354967009,2972183.6,3689.6,805.5571335646141,5,198,194,0.5309278350515464,4,2738539.0,0.0388349514563106,0.9202472067694282,0.0,24,12,9,1,1,0.6,0.0498633235931756,0.6032613818456027,0.4941571248557442,0.08
489,346.86,0,85,18,4.722222222222222,4,1,5,0.9514563106796116,0.174757281553398,0.8252427184466019,0.174757281553398,15687.15,152.302427184466,111.1593170015213,346.85,0.7298591299985462,9443.85,6243.3,1.512637547450867,1,196,196,0.5255102040816326,2,353.22,0.0194174757281553,0.0225165182968225,1.0,7,1,30,0,0,0.8,0.6810255443491374,0.0305401074559336,0.3744702860113647,0.08
345,535.99,0,28,180,0.1555555555555555,3,1,4,0.9807692307692308,0.1346153846153846,0.1346153846153846,0.8653846153846154,989052.22,4755.05875,38467.05463707748,517543.25,8.089711749003623,892575.82,96476.4,9.251752967565125,1,199,199,1.0452261306532664,3,518079.23,0.0144230769230769,0.5238138285559887,1.0,46,4,16,0,0,0.75,0.0181213017751479,0.7488905325443788,0.5489771155343524,0.08
408,194.29,0,59,175,0.3371428571428571,3,7,10,0.9572649572649572,0.2521367521367521,0.2521367521367521,0.7478632478632479,12507.78,53.452051282051286,58.5537917862232,186.88,1.095445177159834,7651.53,4856.25,1.5756046332046332,3,199,197,1.1878172588832487,8,381.13,0.0341880341880341,0.0304714345791179,0.0,70,66,31,0,0,2.1,0.0635729417780699,0.5592994375045657,0.5040242210199786,0.08
213,181.24,0,46,70,0.6571428571428571,4,5,9,0.9224137931034484,0.396551724137931,0.396551724137931,0.603448275862069,4447792.65,38343.0400862069,347181.48929455684,3736615.5,9.054615609873045,4445255.85,2536.8,1752.308360927152,2,196,195,0.5948717948717949,6,3736764.5,0.0517241379310344,0.8401390968619006,0.0,30,27,24,0,0,2.2222222222222223,0.1572532699167657,0.3641498216409036,0.5506227981042128,0.08
582,240.73,0,41,18,2.2777777777777777,3,1,4,0.9322033898305084,0.3050847457627119,0.6949152542372882,0.3050847457627119,12103.27,205.14016949152537,492.8116429826848,3904.31,2.4023166413686887,7770.309999999999,4332.96,1.7933029614859124,6,199,194,0.3041237113402061,2,3904.31,0.0338983050847457,0.3225830705255686,2.0,10,15,34,0,0,0.75,0.4829072105716748,0.0930767020970985,0.3435056720527244,0.08
629,280.68,0,106,21,5.047619047619048,6,9,15,0.8818897637795275,0.1653543307086614,0.8346456692913385,0.1653543307086614,12125160.32,95473.70330708662,442147.3255231472,4374698.0,4.631090134851074,11087.94,12114072.38,0.0009152941844978,4,198,195,0.6512820512820513,3,4374907.25,0.0236220472440944,0.3608123220262707,1.0,16,66,64,0,0,3.6,0.6966333932667864,0.0273420546841093,0.536636685604355,0.18
30,295.4,0,42,13,3.230769230769231,3,3,6,0.8909090909090909,0.2363636363636363,0.7636363636363637,0.2363636363636363,7039869.26,127997.6229090909,697694.6527120791,4986449.5,5.450840701999678,6700009.94,339859.32,19.71406857402057,6,198,193,0.2849740932642487,2,4986449.5,0.0363636363636363,0.708315639941302,2.0,7,24,13,0,0,1.5,0.5831404958677686,0.0558677685950413,0.4569405063813372,0.08
362,125.69,0,48,120,0.4,3,6,9,0.9464285714285714,0.2857142857142857,0.2857142857142857,0.7142857142857143,5106205.63,30394.08113095238,312960.40962487337,3973287.25,10.296755091114246,5091122.83,15082.8,337.5449405945846,6,199,194,0.865979381443299,6,3973402.08,0.0357142857142857,0.7781515998210985,0.0,0,39,14,0,0,2.0,0.0816326530612244,0.5102040816326531,0.5830334678236471,0.08
111,169.77,0,48,92,0.5217391304347826,3,4,7,0.95,0.3428571428571428,0.3428571428571428,0.6571428571428571,308520.35000000003,2203.716785714286,20285.58314967903,234023.92,9.205167960411895,304615.87,3904.48,78.01701378928821,4,196,193,0.7253886010362695,5,234193.68,0.0357142857142857,0.759086653441175,0.0,4,49,29,0,0,1.7142857142857142,0.1175510204081632,0.4318367346938775,0.5104419566977679,0.08
483,313.2,0,23,21,1.0952380952380951,2,1,3,0.931818181818182,0.4772727272727273,0.5227272727272727,0.4772727272727273,853255.24,19392.164545454543,111902.44602742736,750542.37,5.770497964016962,846678.04,6577.2,128.72925256948247,2,194,193,0.2279792746113989,1,750542.37,0.0227272727272727,0.8796223390318705,3.0,1,2,16,0,0,0.6666666666666666,0.2732438016528925,0.2277892561983471,0.4464018333523115,0.08
72,161.28,0,5,80,0.0625,2,4,6,0.9294117647058824,0.0588235294117647,0.0588235294117647,0.9411764705882352,1505285.14,17709.236941176474,108608.122361032,837972.93,6.132851614204945,1492383.54,12901.6,115.67429931171328,1,191,191,0.4450261780104712,4,837972.93,0.0470588235294117,0.5566871735676604,0.0,4,10,17,0,0,1.3333333333333333,0.0034602076124567,0.8858131487889274,0.4281013524539755,0.08
947,510.09,0,208,178,1.1685393258426966,12,1,12,0.9689119170984456,0.4611398963730569,0.538860103626943,0.4611398963730569,1462221.83,3788.139455958551,59541.62174056978,1159297.62,15.717906490193712,1371427.59,90794.24,15.104786272785589,1,199,199,1.9396984924623115,6,1159807.7000000002,0.0155440414507772,0.7931817705115236,0.0,324,20,109,1,1,0.0,0.2903702112808398,0.2126500040269537,0.7419005728975403,0.2
351,499.73,1,203,179,1.1340782122905029,5,2,7,0.981675392670157,0.468586387434555,0.5314136125654451,0.468586387434555,2105278.45,5511.200130890054,71984.62186272036,1346411.25,13.061514761412758,2016313.99,88964.46,22.66426379702636,3,199,197,1.939086294416244,3,1347416.27,0.0078534031413612,0.6400180793186763,1.0,368,8,37,0,0,1.4285714285714286,0.2824004276198569,0.2195732024889668,0.7508822551989256,0.2
942,453.97,0,122,180,0.6777777777777778,9,1,10,0.9668874172185432,0.4039735099337748,0.4039735099337748,0.5960264900662252,4468170.81,14795.267582781456,167118.41635182872,2391432.5,11.295396681187368,4386456.21,81714.6,53.68020170202142,0,199,200,1.51,4,2391886.47,0.0132450331125827,0.5353167037944998,1.0,216,1,56,0,0,0.9,0.1631945967282136,0.355247576860664,0.7015845113257779,0.08
596,246.47,1,102,23,4.434782608695652,8,2,10,0.92,0.184,0.816,0.184,1474734.6,11797.876799999998,125751.8851069657,1411813.25,10.658857287521911,1469299.9,5434.7,270.3552910004232,8,199,192,0.6510416666666666,3,1412035.94,0.024,0.95748478404182,1.0,14,11,44,0,0,1.6,0.665856,0.033856,0.4966143143756977,0.08
50,560.64,0,19,180,0.1055555555555555,1,1,1,0.9949748743718592,0.0954773869346733,0.0954773869346733,0.9045226130653268,101112.42,508.1026130653267,161.70666501028884,560.64,0.3182559208556919,197.22000000000003,100915.2,0.0019543141171993,0,198,199,1.0,2,571.02,0.0100502512562814,0.0056473774438392,1.0,32,17,15,1,1,0.0,0.0091159314158733,0.8181611575465266,0.4864767814237182,0.08
447,536.51,0,55,180,0.3055555555555556,4,1,4,0.9829787234042552,0.2340425531914893,0.2340425531914893,0.7659574468085106,589057.13,2506.6260851063835,27204.53223496332,411575.28,10.853047607141908,492485.33,96571.8,5.099680548565938,0,199,200,1.175,2,412111.79,0.0085106382978723,0.6996125995453107,1.0,101,16,44,1,1,0.0,0.0547759167043911,0.5866908103214123,0.5783777361321619,0.08
490,206.14,1,39,12,3.25,3,2,5,0.9019607843137256,0.2352941176470588,0.7647058823529411,0.2352941176470588,723097.12,14178.374901960784,96044.45178391604,693141.43,6.774009888159586,720825.18,2271.94,317.2729825611592,7,197,191,0.2670157068062827,2,693141.43,0.0392156862745098,0.9585730752184438,3.0,4,11,44,0,0,1.2,0.5847750865051903,0.0553633217993079,0.4048812414014576,0.08
506,189.34,0,49,140,0.35,3,7,10,0.9470899470899472,0.2592592592592592,0.2592592592592592,0.7407407407407407,755767.45,3998.769576719577,54355.39067290944,749282.25,13.59302896304926,751981.85,3785.6,198.64271185545223,1,198,198,0.9545454545454546,8,749282.25,0.0423280423280423,0.9914190535726302,0.0,49,63,25,0,0,2.1,0.0672153635116598,0.5486968449931412,0.5533866496629226,0.08
136,244.17,0,20,20,1.0,1,5,6,0.85,0.5,0.5,0.5,46576535.24,1164413.381,2526341.984272827,9838572.0,2.16962637624724,2658.8,46573876.44,5.708779692034585e-05,3,194,192,0.2083333333333333,2,9838572.0,0.05,0.2112345186112216,3.0,8,20,14,0,0,0.8333333333333334,0.25,0.25,0.5123376181241625,0.08
844,505.29,1,42,177,0.2372881355932203,2,2,4,0.9817351598173516,0.1917808219178082,0.1917808219178082,0.8082191780821918,92874.16,424.0829223744293,167.30651987134192,505.29,0.3945136930640759,3939.88,88934.28,0.044301027680215,1,199,199,1.100502512562814,3,699.6600000000001,0.0136986301369863,0.0075334194139683,1.0,76,3,25,0,0,1.0,0.03677988365547,0.6532182398198536,0.5201251365436323,0.08
384,314.77,0,56,14,4.0,4,1,5,0.9285714285714286,0.2,0.8,0.2,2267375.52,32391.078857142857,258087.67466028497,2174730.25,7.967862873556979,2262968.88,4406.639999999999,513.5361363760144,1,198,198,0.3535353535353535,2,2174730.25,0.0285714285714285,0.9591398649307108,3.0,6,1,41,0,0,0.8,0.6400000000000001,0.0399999999999999,0.4432885519354897,0.18
699,211.4,0,37,18,2.055555555555556,2,1,3,0.9454545454545454,0.3272727272727272,0.6727272727272727,0.3272727272727272,7336.929999999999,133.39872727272723,84.4518977676759,211.39,0.6330787369134196,3531.91,3805.02,0.9282237675491852,3,196,194,0.2835051546391752,2,379.46,0.0363636363636363,0.051719179547849,3.0,9,2,29,0,0,0.6666666666666666,0.4525619834710744,0.1071074380165289,0.332311240698841,0.08
755,414.47,1,47,180,0.2611111111111111,6,2,8,0.9647577092511012,0.2070484581497797,0.2070484581497797,0.7929515418502202,5598921.95,24664.854405286336,277516.38182141085,4114582.25,11.25149077555194,5524719.82,74202.13,74.45500311109667,1,199,199,1.1407035175879396,3,4114996.72,0.013215859030837,0.7349623296677675,1.0,73,23,58,0,0,1.5,0.0428690640222011,0.6287721477226416,0.6144547188416951,0.08
674,146.09,0,123,180,0.6833333333333333,7,9,16,0.9471947194719472,0.4059405940594059,0.4059405940594059,0.594059405940594,409063.61,1350.0449174917492,18421.7052007546,319264.15,13.645253548289576,382769.21,26294.4,14.557061959961056,0,197,198,1.5303030303030305,9,319264.15,0.0297029702970297,0.7804755597790769,0.0,0,86,56,0,0,3.9375,0.1647877659053034,0.3529065777864915,0.6550356971334479,0.08
196,340.37,0,277,19,14.578947368421051,6,1,7,0.9763513513513512,0.0641891891891891,0.9358108108108107,0.0641891891891891,100389.77,339.1546283783784,191.8253615320168,480.94,0.565598536718203,93922.93,6466.84,14.52377513592419,0,199,200,1.48,5,1021.49,0.0168918918918918,0.0101752399671799,1.0,56,9,63,0,0,0.8571428571428571,0.8757418736303872,0.0041202520087655,0.5509295237943329,0.08
601,188.37,0,37,160,0.23125,3,8,11,0.9441624365482232,0.1878172588832487,0.1878172588832487,0.8121827411167513,2746712.71,13942.70411167513,194891.9318916816,2742429.75,13.978058368784138,2742946.31,3766.4,728.26739326678,11,199,189,1.0423280423280423,9,2742618.0700000003,0.0456852791878172,0.998509257999538,0.0,48,44,16,0,0,2.1818181818181817,0.0352753227344172,0.6596408049679198,0.5803385692636777,0.18
783,308.22,1,469,20,23.45,10,2,11,0.9775051124744376,0.0408997955010225,0.9591002044989776,0.0408997955010225,223191.45,456.4242331288343,1173.7285696138986,21585.68,2.5715737343038745,217315.31,5876.14,36.98266378949446,0,199,200,2.445,5,22057.38,0.0102249488752556,0.0988271728150876,0.0,93,52,82,1,1,0.8181818181818182,0.9198732022699804,0.0016727932720254,0.6711099873561046,0.08
910,173.24,1,108,305,0.3540983606557377,8,20,28,0.9322033898305084,0.261501210653753,0.261501210653753,0.738498789346247,2688308.41,6509.221331719129,94294.03168435708,1752046.62,14.486222987205354,2685525.83,2782.58,965.120797964479,2,197,196,2.107142857142857,20,1752046.62,0.0484261501210653,0.651728281428841,0.0,266,113,51,0,0,5.714285714285714,0.0683828831733785,0.5453804618658724,0.7328530119140266,0.2
511,112.32,0,75,175,0.4285714285714285,5,7,12,0.952,0.3,0.3,0.7,112229.46,448.91784,6377.82631765414,101081.24,14.207112637034296,109422.46,2807.0,38.98199501246883,1,197,197,1.269035532994924,9,101081.24,0.036,0.9006658323046373,0.0,119,49,43,0,0,2.9166666666666665,0.09,0.4899999999999999,0.5711188245317347,0.08
151,593.31,1,81,181,0.4475138121546961,7,3,9,0.965648854961832,0.3091603053435114,0.3091603053435114,0.6908396946564885,22853803.1,87228.25610687025,616999.2118088404,8031165.5,7.073386988877845,22747573.76,106229.34,214.13645006172496,0,199,200,1.31,4,8031766.109999999,0.015267175572519,0.3514411179117929,1.0,152,15,44,1,1,1.3333333333333333,0.0955800944000932,0.4772594837130703,0.6876271623647908,0.08
497,215.71,0,40,22,1.818181818181818,2,1,3,0.9516129032258064,0.3548387096774194,0.6451612903225806,0.3548387096774194,13800.42,222.5874193548387,48.94158670772028,286.97,0.2198757991335523,9054.8,4745.62,1.90803309156654,4,196,193,0.3212435233160621,2,502.68000000000006,0.032258064516129,0.0364249783702235,2.0,10,3,11,0,0,0.6666666666666666,0.4162330905306972,0.1259105098855359,0.3604744852522648,0.08
657,505.37,0,113,180,0.6277777777777778,6,1,6,0.9795221843003412,0.3856655290102389,0.3856655290102389,0.6143344709897611,183655.28,626.8098293515359,3806.356202401995,62502.38,6.072585374642016,92690.48,90964.8,1.018970854660264,0,199,200,1.465,3,63007.74,0.0102389078498293,0.3430761152088848,1.0,214,4,25,1,1,0.0,0.1487379002667474,0.3774068422462696,0.6257556500020763,0.08
765,176.54,0,100,220,0.4545454545454545,8,11,19,0.940625,0.3125,0.3125,0.6875,6632413.28,20726.2915,233071.4697256938,3535268.0,11.245208518161284,6593576.68,38836.6,169.77739245969008,0,198,199,1.6080402010050252,12,3535406.41,0.0375,0.5330497755109735,0.0,66,82,43,0,0,4.631578947368421,0.09765625,0.47265625,0.7041051284862228,0.08
183,277.6,0,64,20,3.2,5,1,6,0.9285714285714286,0.238095238095238,0.7619047619047619,0.238095238095238,2290444.23,27267.193214285708,132367.2568620272,915912.43,4.854451128203321,2284892.23,5552.0,411.5439895533141,3,199,197,0.4263959390862944,2,915912.43,0.0238095238095238,0.3998841875316039,2.0,15,6,30,0,0,0.8333333333333334,0.5804988662131518,0.0566893424036281,0.4683887159636708,0.08
241,572.27,0,66,177,0.3728813559322034,4,1,4,0.9835390946502056,0.2716049382716049,0.2716049382716049,0.7283950617283951,3130259.58,12881.726666666667,161160.1591737019,2459756.75,12.510757551681882,3028967.79,101291.79,29.90338891236891,1,199,199,1.221105527638191,3,2460329.02,0.0123456790123456,0.7859824264158949,1.0,124,3,31,1,1,0.0,0.0737692424935223,0.5305593659503125,0.6274496570822362,0.08
606,139.62,0,107,224,0.4776785714285714,6,8,14,0.9577039274924471,0.323262839879154,0.323262839879154,0.676737160120846,837279.01,2529.5438368580067,30433.43212633552,517991.4,12.031193799802834,833370.21,3908.8,213.20359445354077,0,199,200,1.655,10,518145.34,0.0302114803625377,0.6188442965983346,0.0,208,63,39,0,0,3.4285714285714284,0.1044988636467355,0.4579731838884275,0.6692050842197864,0.08
441,576.26,0,265,180,1.4722222222222223,6,1,6,0.9865168539325844,0.4044943820224719,0.5955056179775281,0.4044943820224719,4846169.8,10890.269213483149,186624.8800434205,3883528.25,17.136847251889957,4742443.0,103726.8,45.72051774469086,0,199,200,2.225,4,3884643.45,0.0089887640449438,0.8015904539704738,0.0,466,10,34,1,1,0.0,0.3546269410427976,0.1636157050877414,0.7859391978558243,0.2
898,306.27,0,149,16,9.3125,9,1,10,0.9393939393939394,0.0969696969696969,0.9030303030303032,0.0969696969696969,1640369.03,9941.630484848489,86684.51391997356,895062.62,8.71934579062105,1635468.87,4900.16,333.75825891399467,1,199,199,0.8291457286432161,4,895062.62,0.0242424242424242,0.5456471096628787,1.0,21,7,74,0,0,0.9,0.815463728191001,0.0094031221303948,0.5151616218028905,0.08
98,322.56,0,34,18,1.8888888888888888,2,1,3,0.9423076923076924,0.3461538461538461,0.6538461538461539,0.3461538461538461,6157.8,118.41923076923078,148.5271765063443,322.55,1.2542487866331973,351.9,5805.900000000001,0.060610758022012,3,196,194,0.268041237113402,2,333.22,0.0384615384615384,0.0541134820877586,2.0,10,7,20,0,0,0.6666666666666666,0.4275147928994083,0.1198224852071005,0.3284607776141435,0.08
292,368.17,0,15,10,1.5,2,1,3,0.88,0.4,0.6,0.4,3778495.4,151139.816,739513.818748654,3774002.75,4.892911995795033,3774813.7,3681.7,1025.290952549094,1,199,199,0.1256281407035175,2,3774002.75,0.08,0.998810994979642,5.0,2,2,17,0,0,0.6666666666666666,0.36,0.16,0.433146949087857,0.08
107,133.25,0,40,76,0.5263157894736842,2,4,6,0.9482758620689656,0.3448275862068966,0.3448275862068966,0.6551724137931034,5700.96,49.146206896551725,42.91685404913127,142.16,0.8732485528225469,3169.4,2531.5600000000004,1.2519553160896837,4,197,194,0.5979381443298969,5,275.4,0.043103448275862,0.0483076534478403,0.0,48,6,11,0,0,1.3333333333333333,0.1189060642092746,0.4292508917954815,0.4027690438763228,0.08
73,165.67,1,22,101,0.2178217821782178,2,5,7,0.943089430894309,0.1788617886178861,0.1788617886178861,0.8211382113821138,3941625.84,32045.73853658537,352445.72940977017,3924936.0,10.99820898205846,3925055.07,16570.77,236.8661848544153,6,199,194,0.634020618556701,6,3925764.3,0.048780487804878,0.9959758889747892,0.0,5,43,15,0,0,1.4285714285714286,0.0319915394275893,0.6742679621918171,0.5125668352091362,0.18
325,372.72,0,68,18,3.7777777777777777,4,6,10,0.8837209302325582,0.2093023255813953,0.7906976744186046,0.2093023255813953,2255784.4,26230.051162790704,123400.58276602915,1071794.75,4.704549831038155,255024.98,2000759.42,0.1274640906101544,3,198,196,0.4387755102040816,3,1071794.75,0.0348837209302325,0.4751317324474803,1.0,3,47,19,0,0,2.4,0.6252028123309896,0.0438074634937804,0.4651603886538662,0.08
784,240.24,1,217,22,9.863636363636363,8,3,10,0.9581589958158996,0.0920502092050209,0.9079497907949792,0.0920502092050209,4911207.17,20548.98397489539,282993.8147371256,4376541.0,13.77166944520751,4906386.61,4820.56,1017.8042820751116,2,199,198,1.207070707070707,3,4376969.3,0.0125523012552301,0.8912206609276472,1.0,56,38,61,1,1,1.4,0.8243728226046463,0.0084732410146881,0.5987938122831149,0.18
469,190.11,1,59,161,0.3664596273291925,5,9,14,0.9363636363636364,0.2681818181818182,0.2681818181818182,0.7318181818181818,2614348.9,11883.40409090909,142204.9808534873,2050496.12,11.966687303200889,2583914.3000000003,30434.6,84.90055068901842,1,197,197,1.116751269035533,8,2050536.27,0.0363636363636363,0.7843391790590767,0.0,43,60,77,0,0,3.2142857142857144,0.0719214876033057,0.5355578512396694,0.607177117634035,0.08
217,108.35,0,21,105,0.2,2,5,7,0.9444444444444444,0.1666666666666666,0.1666666666666666,0.8333333333333334,313888.8,2491.180952380952,27599.5249763115,311063.25,11.078892101327764,311613.45,2275.3500000000004,136.95187553563187,13,199,187,0.6737967914438503,6,311063.25,0.0476190476190476,0.9909982452384412,0.0,5,12,14,0,0,1.4285714285714286,0.0277777777777777,0.6944444444444445,0.465561670137304,0.08
318,136.83,0,15,150,0.1,1,6,7,0.9575757575757576,0.0909090909090909,0.0909090909090909,0.9090909090909092,3763.8,22.810909090909096,0.0344975744745644,22.92,0.0015123279101714,343.8,3420.0,0.1005263157894736,2,197,196,0.8418367346938775,6,136.8,0.0363636363636363,0.0363462458153993,0.0,0,51,6,0,0,0.8571428571428571,0.0082644628099173,0.8264462809917354,0.3901661651509738,0.08
748,462.45,0,74,180,0.4111111111111111,7,1,7,0.9724409448818898,0.2913385826771653,0.2913385826771653,0.7086614173228346,2159036.5500000003,8500.143897637794,107378.09037109396,1689730.62,12.632502656917904,2075795.55,83241.0,24.93717699210725,1,199,199,1.276381909547739,3,1690193.07,0.0118110236220472,0.7828459735894697,1.0,128,7,53,1,1,0.0,0.0848781697563395,0.5022010044020089,0.6317885094937363,0.08
927,230.01,0,171,20,8.55,10,20,28,0.8534031413612566,0.1047120418848167,0.8952879581151832,0.1047120418848167,21634922.14,113271.84366492149,664419.439229739,7597620.0,5.86570693768534,10652579.57,10982342.57,0.9699733460417816,1,199,199,0.9597989949748744,3,7597620.0,0.0157068062827225,0.3511739007349161,1.0,24,161,65,2,2,5.142857142857143,0.8015405279460541,0.0109646117156876,0.5925811693172612,0.18
509,167.38,0,65,112,0.5803571428571429,5,7,12,0.9322033898305084,0.3672316384180791,0.3672316384180791,0.632768361581921,2709599.19,15308.469999999998,150483.49742631745,1902175.0,9.83008082625615,2706921.27,2677.92,1010.829774601183,4,199,196,0.903061224489796,9,1902175.0,0.0508474576271186,0.7020134221401211,0.0,56,41,23,0,0,2.9166666666666665,0.1348590762552267,0.4003957994190686,0.5926743553769346,0.08
586,201.56,0,104,24,4.333333333333333,7,1,8,0.9375,0.1875,0.8125,0.1875,1482638.85,11583.116015625004,113390.16732488624,1279329.62,9.78926285223501,1477801.65,4837.200000000001,305.50765938972955,1,199,199,0.6432160804020101,3,1279329.62,0.0234375,0.8628733963095598,1.0,24,1,24,0,0,0.875,0.66015625,0.03515625,0.4958601701869991,0.08
494,383.86,0,52,22,2.363636363636364,3,1,4,0.945945945945946,0.2972972972972973,0.7027027027027027,0.2972972972972973,4657739.75,62942.42905405405,505585.7285030268,4376767.5,8.032510598992566,4649295.05,8444.7,550.5577521996045,6,199,194,0.3814432989690721,2,4376778.34,0.027027027027027,0.9396785941077964,2.0,7,1,13,0,0,0.75,0.493791088385683,0.0883856829802775,0.4844045884482532,0.08
400,179.81,0,83,189,0.4391534391534391,5,7,12,0.9558823529411764,0.3051470588235294,0.3051470588235294,0.6948529411764706,106067.17,389.9528308823529,5751.437686180568,95067.93,14.749059964936508,101213.65,4853.52,20.85365878784882,4,198,195,1.3948717948717948,9,95236.0,0.0330882352941176,0.8978838598220354,0.0,238,90,54,0,0,2.9166666666666665,0.0931147275086505,0.4828206098615916,0.5887564537775531,0.08
847,402.53,0,77,180,0.4277777777777777,5,1,5,0.980544747081712,0.2996108949416342,0.2996108949416342,0.7003891050583657,494445.56,1923.9126848249027,26216.211663396007,421373.43,13.626508037594215,421991.96,72453.59999999999,5.824306314662074,0,199,200,1.285,3,421782.64,0.0116731517509727,0.8530416169577901,1.0,132,16,57,1,1,0.0,0.089766688367727,0.4905448984844584,0.6041114904170555,0.08
112,104.52,0,46,84,0.5476190476190477,3,4,7,0.946153846153846,0.3538461538461538,0.3538461538461538,0.6461538461538462,31156.62,239.66630769230767,2177.8196379823908,24966.94,9.08688275357567,28962.54,2194.08,13.200311747976372,3,194,192,0.6770833333333334,6,24966.94,0.0461538461538461,0.8013366019805742,0.0,36,34,37,0,0,1.7142857142857142,0.1252071005917159,0.4175147928994082,0.4557254357430493,0.08
609,128.34,0,80,168,0.4761904761904761,5,8,13,0.9475806451612904,0.3225806451612903,0.3225806451612903,0.6774193548387096,1609456.51,6489.743991935486,101466.50554227688,1601160.87,15.634901109868858,1606761.79,2694.72,596.2629846514666,2,199,198,1.2525252525252526,10,1601260.0,0.0403225806451612,0.994907280843519,0.0,128,66,28,0,0,3.076923076923077,0.1040582726326743,0.4588969823100937,0.6284726257722208,0.08
79,184.25,0,62,80,0.775,4,4,8,0.943661971830986,0.4366197183098591,0.4366197183098591,0.5633802816901409,1057870.34,7449.791126760564,86482.39654376659,1034370.75,11.608700844391624,1043130.34,14740.0,70.76867978290366,0,198,199,0.7135678391959799,5,1034370.75,0.0352112676056338,0.977785944920244,0.0,28,46,20,0,0,2.0,0.1906367784169807,0.3173973417972625,0.5524911514604615,0.08
710,163.19,0,41,230,0.1782608695652174,3,10,13,0.9520295202952028,0.1512915129151291,0.1512915129151291,0.8487084870848709,491772.93000000005,1814.660258302583,29222.465196821668,481988.03,16.10354613935068,488021.63,3751.3,130.0940020792792,3,194,192,1.4114583333333333,11,481988.03,0.040590405904059,0.9801028088308968,0.0,170,71,31,0,0,2.3076923076923075,0.0228891218801486,0.7203060960498905,0.5920789010611021,0.08
189,247.88,0,183,21,8.714285714285714,2,1,2,0.9901960784313726,0.1029411764705882,0.8970588235294118,0.1029411764705882,3268096.29,16020.079852941171,211849.74334626715,3030824.0,13.224012944440664,3262890.81,5205.48,626.8184317296389,0,199,200,1.02,3,3031493.68,0.0147058823529411,0.9276023137004936,1.0,37,0,6,1,1,0.0,0.8047145328719724,0.0105968858131487,0.5633475996023802,0.18
771,175.48,0,331,220,1.5045454545454546,9,11,18,0.9673321234119784,0.3992740471869328,0.6007259528130672,0.3992740471869328,155641.7,282.47132486388386,648.082667959215,14964.22,2.294330825514804,117038.3,38603.4,3.03181325997192,1,199,199,2.768844221105528,14,15447.23,0.0254083484573502,0.0992486589390889,0.0,726,57,51,2,2,3.5,0.3608716703831674,0.159419764757033,0.7649026074853716,0.2
82,308.12,0,15,19,0.7894736842105263,2,1,3,0.9117647058823528,0.4411764705882353,0.4411764705882353,0.5588235294117647,3336879.63,98143.51852941175,562706.4714791017,3330646.0,5.733506194914637,3331025.54,5854.09,569.0082557664812,3,193,191,0.1780104712041884,2,3330646.0,0.0588235294117647,0.9981318984526872,7.0,4,1,12,0,0,0.6666666666666666,0.194636678200692,0.3122837370242214,0.4537872951714806,0.08
457,503.8,0,41,180,0.2277777777777777,3,1,4,0.9819004524886876,0.1855203619909502,0.1855203619909502,0.8144796380090498,215019.06,972.9369230769232,7166.182528282922,106201.82,7.365516055881399,124336.86,90682.2,1.3711275200645772,0,199,200,1.105,2,106705.61,0.0090497737556561,0.496261168661048,1.0,74,1,32,0,0,0.75,0.0344178047132532,0.6633770807313527,0.5369916733108736,0.08
619,192.0,0,166,171,0.9707602339181286,9,9,18,0.9465875370919882,0.4925816023738872,0.4925816023738872,0.5074183976261127,243153.18,721.522789317507,11781.255842783556,216621.95,16.328321180163307,239505.75,3647.43,65.66424852567424,2,199,198,1.702020202020202,11,216621.95,0.0326409495548961,0.8908867652892716,0.0,333,52,50,0,0,4.5,0.2426366349972263,0.2574734302494518,0.6832024066626212,0.08
291,294.8,0,28,20,1.4,3,1,4,0.9166666666666666,0.4166666666666667,0.5833333333333334,0.4166666666666667,1117996.33,23291.59020833334,158287.44984978586,1108452.87,6.7959056652625325,1112100.53,5895.8,188.6258913124597,4,198,195,0.2461538461538461,2,1108452.87,0.0416666666666666,0.9914637823542768,2.0,8,1,28,0,0,0.75,0.3402777777777777,0.1736111111111111,0.4447259873961418,0.08
46,438.21,0,40,180,0.2222222222222222,2,1,2,0.990909090909091,0.1818181818181818,0.1818181818181818,0.8181818181818182,83499.2,379.5418181818181,124.56371416910828,438.2,0.3281949661458292,4623.2,78876.0,0.0586135199553729,0,199,200,1.1,2,567.17,0.009090909090909,0.0067925201678578,1.0,60,29,23,1,1,0.0,0.0330578512396694,0.6694214876033058,0.5158464824015844,0.08
822,317.09,0,123,15,8.2,7,13,20,0.855072463768116,0.108695652173913,0.8913043478260869,0.108695652173913,29969573.82,217170.8247826087,1097410.3648163015,7870902.0,5.053212676771044,189157.45,29780416.37,0.0063517396012821,0,199,200,0.69,4,7871010.98,0.0289855072463768,0.2626333970337386,1.0,23,93,72,0,0,4.55,0.7944234404536862,0.0118147448015122,0.5445883220417331,0.18
61,154.03,0,20,80,0.25,1,4,5,0.95,0.2,0.2,0.8,15778.0,157.78,7.519999999999992,172.82,0.0476613005450627,3456.4,12321.6,0.2805155174652642,6,198,193,0.5181347150259067,4,616.08,0.04,0.0390467739890987,0.0,0,13,6,0,0,0.8,0.0399999999999999,0.6400000000000001,0.3780421431039081,0.08
401,165.7,0,236,196,1.2040816326530612,8,7,14,0.9675925925925926,0.4537037037037037,0.5462962962962963,0.4537037037037037,1648666.7400000002,3816.358194444445,47522.35641377671,884484.81,12.452278846088408,1644027.4200000002,4639.320000000001,354.3681875792142,3,199,197,2.1928934010152283,9,885043.27,0.0208333333333333,0.5368236336228872,0.0,462,84,42,1,1,3.0,0.2984396433470507,0.2058470507544581,0.7701185808633486,0.2
214,118.8,0,42,80,0.525,4,5,9,0.9262295081967212,0.3442622950819672,0.3442622950819672,0.6557377049180327,3913573.73,32078.47319672132,203418.9866083592,1710377.62,6.3412926594383645,3911672.93,1900.8,2057.908738425926,4,199,196,0.6224489795918368,6,1710377.62,0.0491803278688524,0.4370372805011648,0.0,40,41,16,0,0,2.2222222222222223,0.1185165278151034,0.429991937651169,0.543157717012409,0.08
178,135.92,0,21,100,0.21,2,5,7,0.9421487603305784,0.1735537190082644,0.1735537190082644,0.8264462809917356,21620.47,178.6815702479339,422.3431500510633,4804.07,2.3636637481136464,8029.47,13591.0,0.5907931719520271,1,198,198,0.6111111111111112,5,4804.07,0.0413223140495867,0.2222000724313578,0.0,0,62,16,0,0,1.4285714285714286,0.0301208933815996,0.6830134553650707,0.3988678796505764,0.08
817,128.68,0,138,221,0.6244343891402715,7,13,20,0.9442896935933148,0.3844011142061281,0.3844011142061281,0.6155988857938719,21225.93,59.12515320334262,70.09013202802754,184.39,1.1854537067662942,19040.24,2185.69,8.71131770745165,0,199,200,1.795,15,306.14999999999986,0.0417827298050139,0.0144233962893498,0.0,416,78,67,0,0,4.55,0.1477642166029127,0.3789619881906565,0.6221282352128921,0.2
233,395.7,0,45,13,3.4615384615384617,3,5,8,0.8620689655172413,0.2241379310344827,0.7758620689655172,0.2241379310344827,3459267.42,59642.54172413795,218495.11654180795,1123053.37,3.663410549342513,1116899.54,2342367.88,0.476824989591302,1,197,197,0.2944162436548223,2,1123053.37,0.0344827586206896,0.3246506365790015,3.0,3,32,21,0,0,1.875,0.6019619500594531,0.0502378121284185,0.4421677480470878,0.08
578,114.26,1,43,181,0.2375690607734806,8,9,17,0.9241071428571428,0.1919642857142857,0.1919642857142857,0.8080357142857143,1039754.03,4641.7590625,39247.21599765897,452719.5,8.455246269615909,1019176.26,20577.77,49.52802271577532,2,197,196,1.1428571428571428,9,452719.5,0.0401785714285714,0.4354101902350886,0.0,11,83,59,0,0,4.235294117647059,0.0368502869897959,0.6529217155612245,0.5768447359348394,0.08
522,393.3,0,85,15,5.666666666666667,6,8,14,0.86,0.15,0.85,0.15,17512401.490000002,175124.0149,738232.8946498119,5744040.0,4.215486351608376,2283213.04,15229188.45,0.1499234872229846,3,197,195,0.5128205128205128,3,5744164.01,0.03,0.3280055001754073,1.0,18,64,37,0,0,3.4285714285714284,0.7224999999999999,0.0225,0.5123436667708766,0.18
434,325.99,0,80,19,4.2105263157894735,4,7,11,0.8888888888888888,0.1919191919191919,0.8080808080808081,0.1919191919191919,19225451.47,194196.4794949495,922309.3438996908,6416077.0,4.749361812831821,12498.4,19212953.07,0.0006505194674896,1,196,196,0.5051020408163265,2,6416077.0,0.0202020202020202,0.333728287734197,1.0,8,20,46,0,0,2.5454545454545454,0.6529945923885317,0.0368329762269156,0.5209785044825138,0.18
410,140.81,1,38,161,0.2360248447204969,3,8,11,0.9447236180904522,0.1909547738693467,0.1909547738693467,0.8090452261306532,27982.210000000003,140.61412060301507,1269.706980272167,17979.29,9.029725996415625,25161.960000000003,2820.25,8.92188990337736,1,198,198,1.005050505050505,9,17979.29,0.0452261306532663,0.6425257333141307,0.0,24,83,30,0,0,2.1818181818181817,0.0364637256634933,0.6545541779247999,0.4797545081809085,0.08
42,573.52,0,38,180,0.2111111111111111,3,1,3,0.9862385321100916,0.1743119266055046,0.1743119266055046,0.8256880733944955,4533130.97,20794.178761467887,299003.3274781256,4425387.5,14.379184237474476,4429897.37,103233.6,42.911390961857386,0,199,200,1.09,3,4426157.18,0.0137614678899082,0.9764017870412424,1.0,72,16,14,1,1,0.0,0.0303846477569228,0.6817607945459137,0.5956310516051861,0.18
242,426.68,0,218,180,1.211111111111111,5,1,5,0.9874371859296482,0.4522613065326633,0.5477386934673367,0.4522613065326633,3672092.74,9226.363668341708,171724.12946411414,3430189.25,18.61233045184949,3595292.14,76800.6,46.813334010411374,1,199,199,2.0,3,3431109.36,0.007537688442211,0.934374375305129,0.0,414,0,47,1,1,0.0,0.300017676321305,0.2045402893866316,0.7659147150378434,0.2
940,547.1,0,172,179,0.9608938547486032,13,1,13,0.962962962962963,0.49002849002849,0.49002849002849,0.50997150997151,8132655.56,23169.95886039886,216309.59687889012,3482603.5,9.335778202377286,8034726.45,97929.11,82.04635424543325,0,199,200,1.755,4,3483292.75,0.0113960113960113,0.4283093909856917,1.0,309,1,69,1,1,0.0,0.2401279210396019,0.2600709409826219,0.7618984708616303,0.08
341,597.74,0,222,180,1.2333333333333334,4,1,5,0.9875621890547264,0.4477611940298507,0.5522388059701493,0.4477611940298507,202061.23,502.6398756218905,371.29159581603295,7271.75,0.7386831284657887,94469.83,107591.4,0.8780425758936122,1,199,199,2.020100502512563,3,8337.52,0.0074626865671641,0.0412623440924317,0.0,416,2,40,0,0,0.8,0.3049676988193362,0.2004900868790376,0.7070580172267495,0.2
561,132.07,0,263,160,1.64375,7,8,14,0.966903073286052,0.3782505910165484,0.6217494089834515,0.3782505910165484,163826.11,387.295768321513,2219.312730945964,45655.39,5.730278801041803,142694.91,21131.2,6.752806750208224,0,199,200,2.115,10,46122.96,0.0236406619385342,0.2815360750493313,0.0,360,88,55,1,1,3.0,0.3865723275712713,0.1430735096043682,0.698996084177346,0.2
250,536.2,0,49,180,0.2722222222222222,5,1,5,0.9781659388646288,0.2139737991266375,0.2139737991266375,0.7860262008733624,10734762.37,46876.69157205238,441962.7496141259,5827134.5,9.428198424259564,10638246.37,96516.0,110.22261977288736,1,199,199,1.150753768844221,3,5827670.7,0.0131004366812227,0.5428784074705139,1.0,96,2,29,1,1,0.0,0.0457847867126866,0.6178371884594115,0.6308852231883424,0.08
642,494.53,0,68,180,0.3777777777777777,6,1,6,0.9758064516129032,0.2741935483870967,0.2741935483870967,0.7258064516129032,10492253.43,42307.47350806451,345107.2693387815,4200924.5,8.157123097246595,10403239.83,89013.59999999999,116.87247600366686,1,199,199,1.2462311557788943,3,4201419.02,0.0120967741935483,0.4004305698513803,1.0,134,5,33,1,1,0.0,0.0751821019771071,0.5267950052029137,0.6567630906003782,0.08
838,270.69,0,106,17,6.235294117647059,10,13,23,0.8130081300813008,0.1382113821138211,0.8617886178861789,0.1382113821138211,13790224.27,112115.64447154471,564675.7819896775,5744040.0,5.03654761698305,9226149.36,4564074.91,2.0214719394252887,2,198,197,0.6243654822335025,2,5744232.44,0.016260162601626,0.4165438014301417,1.0,18,74,62,0,0,5.652173913043479,0.7426796219181705,0.0191023861458126,0.5284636679129959,0.18
64,158.76,0,36,80,0.45,2,4,6,0.9482758620689656,0.3103448275862069,0.3103448275862069,0.6896551724137931,15526.16,133.8462068965517,50.73277335715954,158.75,0.3790378116308543,2826.1600000000003,12700.0,0.2225322834645669,3,196,194,0.5979381443298969,5,644.11,0.043103448275862,0.0414854671084157,0.0,28,30,25,0,0,1.3333333333333333,0.0963139120095124,0.4756242568370987,0.4166534352262989,0.08
776,112.81,0,272,220,1.2363636363636363,7,11,17,0.9654471544715448,0.4471544715447154,0.5528455284552846,0.4471544715447154,490688.1,997.333536585366,15398.272098197967,341999.12,15.439440802239549,465872.1,24816.0,18.77305367504836,0,199,200,2.46,11,342575.38,0.0223577235772357,0.6981530222558893,0.0,253,74,46,1,1,3.5294117647058822,0.3056381783330028,0.1999471214224337,0.7701337258380838,0.2
389,349.39,0,30,19,1.5789473684210529,3,1,4,0.9183673469387756,0.3877551020408163,0.6122448979591837,0.3877551020408163,7262732.09,148219.02224489793,731588.7740595818,5001880.5,4.935862907331821,7256093.68,6638.41,1093.0469314188183,4,199,196,0.25,2,5001880.5,0.0408163265306122,0.6887050820567994,2.0,9,2,28,0,0,0.75,0.3748438150770512,0.1503540191586838,0.4787753319472376,0.08
230,329.85,0,37,22,1.681818181818182,2,5,7,0.8813559322033898,0.3728813559322034,0.6271186440677966,0.3728813559322034,37462006.82,634949.2681355933,1454209.315949256,5384876.0,2.2902763873077023,6886.12,37455120.7,0.0001838498947888,0,197,198,0.2979797979797979,2,5384876.0,0.0338983050847457,0.1437423260818252,3.0,2,19,55,0,0,1.4285714285714286,0.3932777937374317,0.1390405056018385,0.510488570016199,0.08
86,362.33,0,51,22,2.3181818181818183,3,1,4,0.9452054794520548,0.3013698630136986,0.6986301369863014,0.3013698630136986,10982.54,150.44575342465754,147.20570793651274,362.32,0.9784636959542538,3011.5,7971.04,0.3778051546598687,0,198,199,0.3668341708542713,2,492.81,0.0273972602739726,0.0448721334044765,2.0,14,7,31,0,0,0.75,0.4880840683054982,0.0908237943328954,0.3562180928129891,0.08
472,157.18,0,38,140,0.2714285714285714,4,7,11,0.9382022471910112,0.2134831460674157,0.2134831460674157,0.7865168539325843,63238.0,355.2696629213483,2427.396431161507,32633.13,6.832546328896363,41234.2,22003.8,1.8739581345040404,1,198,198,0.898989898989899,8,32633.13,0.0449438202247191,0.5160367184287928,0.0,42,45,26,0,0,2.5454545454545454,0.0455750536548415,0.6186087615200101,0.4832707892018379,0.08
361,114.84,0,61,120,0.5083333333333333,3,6,9,0.9502762430939228,0.3370165745856354,0.3370165745856354,0.6629834254143646,18024.31,99.58182320441988,37.01950913905964,134.32,0.3717496622156296,4244.71,13779.6,0.308043049145113,0,199,200,0.905,7,759.22,0.0386740331491712,0.0421220007867152,0.0,90,35,20,0,0,2.0,0.1135801715454351,0.4395470223741644,0.482981649237955,0.08
587,259.71,0,71,25,2.84,4,1,5,0.9479166666666666,0.2604166666666667,0.7395833333333334,0.2604166666666667,397694.84,4142.654583333333,22328.431431209323,128696.28,5.389884911245253,391202.34,6492.5,60.25449980747016,2,199,198,0.4848484848484848,3,128817.18,0.03125,0.3239096086838843,2.0,11,9,40,0,0,0.8,0.5469835069444444,0.0678168402777777,0.4497636833667101,0.08
917,180.65,0,147,306,0.4803921568627451,9,18,27,0.9403973509933776,0.3245033112582781,0.3245033112582781,0.6754966887417219,1721264.1800000002,3799.700176600442,52308.18800028156,822525.18,13.766398812835078,1718195.0,3069.18,559.8221674844747,3,199,197,2.299492385786802,19,822525.18,0.0419426048565121,0.477861091607681,0.0,162,54,54,0,0,6.0,0.1053023990175869,0.4562957765010306,0.755990490736001,0.2
574,143.17,0,79,160,0.49375,5,8,13,0.9456066945606696,0.3305439330543933,0.3305439330543933,0.6694560669456067,245407.25,1026.808577405858,13853.684239218044,214746.92,13.491983358980274,222501.65,22905.6,9.7138538174071,1,198,198,1.207070707070707,8,214746.92,0.0334728033472803,0.8750634710262228,0.0,0,35,22,0,0,3.076923076923077,0.1092592916790672,0.4481714255702806,0.5843362209002092,0.08
808,170.35,0,683,228,2.995614035087719,14,12,23,0.9747530186608124,0.2502744237102086,0.7497255762897914,0.2502744237102086,4911184.78,5390.982195389681,78353.20938082782,1775792.5,14.534125051986774,4907949.46,3235.32,1516.990424440241,0,199,200,4.555,17,1776836.35,0.0186608122941822,0.3617938297161769,0.0,1596,55,80,3,3,4.304347826086956,0.5620884397430599,0.062637287163477,0.8196582732954721,0.2
932,205.45,1,113,18,6.277777777777778,12,17,28,0.7862595419847328,0.1374045801526717,0.8625954198473282,0.1374045801526717,25181262.26,192223.3760305344,631465.4875586088,4485516.5,3.285060852631688,17081034.330000002,8100227.930000001,2.108710332302958,0,196,197,0.6649746192893401,3,4485526.88,0.0229007633587786,0.1781295486177903,1.0,9,73,88,1,1,6.285714285714286,0.7440708583415885,0.018880018646932,0.5454158018064771,0.18
869,165.78,0,156,300,0.52,8,15,23,0.949561403508772,0.3421052631578947,0.3421052631578947,0.6578947368421053,59441.36,130.3538596491228,61.95430971031843,168.13,0.4752779079735929,9710.36,49731.0,0.1952576863525768,0,198,199,2.291457286432161,18,2546.86,0.0394736842105263,0.0428465970495964,0.0,285,106,75,0,0,5.217391304347826,0.1170360110803324,0.432825484764543,0.6888873881740085,0.2
794,346.58,0,260,30,8.666666666666666,8,1,9,0.9689655172413794,0.1034482758620689,0.896551724137931,0.1034482758620689,3003764.06,10357.807103448278,107979.00689899328,1361237.12,10.424890695545525,2993366.96,10397.1,287.90402708447544,3,199,197,1.4720812182741116,3,1361960.1700000002,0.0103448275862068,0.4534178260325813,1.0,59,4,55,0,0,0.8888888888888888,0.8038049940546969,0.0107015457788347,0.6282274054249105,0.18
419,141.79,0,69,168,0.4107142857142857,5,7,12,0.9493670886075948,0.2911392405063291,0.2911392405063291,0.7088607594936709,1918186.44,8093.613670886078,85720.47457709478,1216046.37,10.591125060174786,1914784.44,3402.0,562.840811287478,5,199,195,1.2153846153846153,8,1216188.12,0.0337552742616033,0.6340301936447846,0.0,126,47,30,0,0,2.9166666666666665,0.0847620573626021,0.5024835763499439,0.6203478923700199,0.08
462,175.66,0,75,140,0.5357142857142857,6,7,13,0.9395348837209302,0.3488372093023256,0.3488372093023256,0.6511627906976745,64136.51,298.3093488372093,1976.1358117228503,27102.57,6.624451494482828,39544.11,24592.4,1.6079809209349232,5,196,192,1.1197916666666667,9,27102.57,0.041860465116279,0.4225763141773694,0.0,119,37,40,0,0,3.230769230769231,0.1216873985938345,0.4240129799891834,0.5468676032574695,0.08
911,114.82,1,188,451,0.4168514412416851,12,19,30,0.9530516431924884,0.2942097026604069,0.2942097026604069,0.7057902973395931,949991.04,1486.683943661972,27549.453420521644,666380.5,18.53080712815284,947112.2,2878.84,328.99091300662764,3,198,196,3.260204081632653,21,666380.5,0.0328638497652582,0.7014597737679715,0.0,1008,133,120,1,1,6.6,0.086559349139525,0.4981399438187112,0.7943667269374425,0.2
746,534.53,0,60,180,0.3333333333333333,3,1,4,0.9833333333333332,0.25,0.25,0.75,104992.2,437.4674999999999,168.7928213385174,534.53,0.3858408255207928,8776.800000000001,96215.4,0.0912203243971339,0,199,200,1.2,3,800.66,0.0125,0.0076258998287491,1.0,120,1,16,0,0,0.75,0.0625,0.5625,0.5495582020468278,0.08
863,103.83,0,257,300,0.8566666666666667,7,15,21,0.96229802513465,0.4614003590664273,0.4614003590664273,0.5385996409335727,4033029.3,7240.62710951526,152181.72714401374,3583603.0,21.017755070417085,4001880.3,31149.0,128.47540209958586,0,199,200,2.785,17,3583603.0,0.0305206463195691,0.8885635916406559,0.0,825,100,49,1,1,4.0,0.212890291346628,0.2900895732137734,0.8462526290344871,0.2
579,146.24,0,24,160,0.15,2,8,10,0.9456521739130436,0.1304347826086956,0.1304347826086956,0.8695652173913043,900572.51,4894.415815217392,56426.21397700781,762222.0,11.52869231126035,877174.11,23398.4,37.48863640248906,4,195,192,0.9583333333333334,9,763391.92,0.0489130434782608,0.8476740201630183,0.0,8,120,14,0,0,1.6,0.0170132325141776,0.7561436672967864,0.5318958781871272,0.08
806,135.89,0,79,192,0.4114583333333333,6,12,18,0.933579335793358,0.2915129151291513,0.2915129151291513,0.7084870848708487,2291701.4,8456.462730627307,84816.2911504648,1241275.25,10.029759942449726,2289527.96,2173.44,1053.4120840694934,6,197,192,1.4114583333333333,14,1241285.47,0.051660516605166,0.541643632106696,0.0,108,100,37,0,0,4.0,0.0849797796870957,0.5019539494287931,0.6520488469678577,0.08
933,386.48,0,55,22,2.5,6,22,28,0.6363636363636364,0.2857142857142857,0.7142857142857143,0.2857142857142857,16619646.0,215839.55844155845,747533.2777020294,4425387.5,3.46337475437541,1631184.53,14988461.47,0.1088293507152071,1,197,197,0.3908629441624365,2,4425387.5,0.0259740259740259,0.2662744741975852,2.0,2,138,37,0,0,4.714285714285714,0.5102040816326531,0.0816326530612244,0.5107140022804383,0.08
118,163.5,0,45,64,0.703125,4,4,8,0.926605504587156,0.4128440366972477,0.4128440366972477,0.5871559633027523,540066.43,4954.737889908258,30853.7287724741,267097.21,6.22711623864434,537450.75,2615.68,205.4726686750673,5,198,194,0.5618556701030928,6,267449.57,0.055045871559633,0.4952160607353432,0.0,60,29,22,0,0,2.0,0.1704401986364784,0.344752125241983,0.5032523985923907,0.08
104,111.71,0,47,88,0.5340909090909091,3,4,7,0.9481481481481482,0.3481481481481481,0.3481481481481481,0.6518518518518519,416179.73,3082.8128148148144,27604.315299124723,310501.87,8.95426253792283,413722.77,2456.96,168.3880771359729,0,199,200,0.675,5,310501.87,0.037037037037037,0.7460763886794776,0.0,40,23,18,0,0,1.7142857142857142,0.1212071330589849,0.4249108367626887,0.5079460948677287,0.08
308,174.99,0,40,180,0.2222222222222222,2,6,8,0.9636363636363636,0.1818181818181818,0.1818181818181818,0.8181818181818182,10289.0,46.768181818181816,37.57738749886252,135.63,0.8034818981193269,5040.2,5248.8,0.9602575826855662,2,192,191,1.1518324607329844,6,252.01,0.0272727272727272,0.0244931480221595,0.0,0,84,19,0,0,1.5,0.0330578512396694,0.6694214876033058,0.4804469961256951,0.08
352,534.01,1,226,181,1.2486187845303869,5,2,7,0.9828009828009828,0.4447174447174447,0.5552825552825553,0.4447174447174447,1946814.55,4783.328132678134,50168.566073397946,692587.0,10.488213369821464,1850675.44,96139.11,19.249974750130303,0,199,200,2.035,4,693121.01,0.0098280098280098,0.3560282667909997,0.0,404,5,38,0,0,1.4285714285714286,0.3083387162011241,0.1977736056360134,0.7550633180477211,0.2
77,187.68,0,232,80,2.9,4,4,7,0.9775641025641024,0.2564102564102564,0.7435897435897436,0.2564102564102564,411293.72,1318.249102564103,15822.472618030864,280285.34,12.0026424347681,396280.12000000005,15013.6,26.39474343262109,0,199,200,1.56,6,280839.92000000004,0.0192307692307692,0.6828208317890193,1.0,212,28,36,1,1,1.2857142857142858,0.5529257067718607,0.0657462195923734,0.6290859946887033,0.08
868,172.58,0,104,280,0.3714285714285714,6,14,20,0.9479166666666666,0.2708333333333333,0.2708333333333333,0.7291666666666666,1640959.07,4273.330911458334,78357.03296305737,1537170.37,18.336289556456776,1592636.6700000002,48322.4,32.95855897058093,1,199,199,1.92964824120603,15,1537291.07,0.0390625,0.9368247496873886,0.0,238,93,53,0,0,4.2,0.0733506944444444,0.5316840277777778,0.7051034288611022,0.2
432,206.49,0,221,19,11.63157894736842,3,7,9,0.9625,0.0791666666666666,0.9208333333333332,0.0791666666666666,17396193.59,72484.13995833336,452720.1175612335,4341364.0,6.2457817368251085,101729.15,17294464.44,0.0058821798358041,1,199,199,1.2060301507537687,3,4341908.91,0.0125,0.2495895948465356,1.0,38,10,14,1,1,1.3333333333333333,0.8479340277777778,0.0062673611111111,0.6222973571624683,0.18
762,111.81,0,132,220,0.6,8,11,19,0.9460227272727272,0.375,0.375,0.625,4852142.91,13784.496903409092,190207.775786481,3340767.75,13.798673765122327,4827546.91,24596.0,196.27365872499595,2,198,197,1.7868020304568528,13,3340782.45,0.0369318181818181,0.6885169113866846,0.0,462,80,60,0,0,4.631578947368421,0.140625,0.390625,0.7319598722731038,0.2
231,374.73,0,64,19,3.3684210526315788,3,5,8,0.9036144578313252,0.2289156626506024,0.7710843373493976,0.2289156626506024,7493573.37,90284.0165060241,351424.03009321075,2505623.75,3.892427958937365,13800.3,7479773.07,0.0018450158675736,4,194,191,0.4345549738219895,3,2506171.09,0.036144578313253,0.3344427239524045,1.0,13,61,18,0,0,1.875,0.5945710553055596,0.0524023806067643,0.4930195111565418,0.08
705,151.21,0,53,180,0.2944444444444444,4,10,14,0.9399141630901288,0.2274678111587982,0.2274678111587982,0.7725321888412017,10195687.8,43758.31673819742,391821.1334490755,5003495.5,8.95420945447492,10192966.2,2721.6,3745.2109788359785,2,196,195,1.1948717948717948,11,5003495.5,0.0472103004291845,0.490746244701608,0.0,110,82,48,0,0,2.857142857142857,0.0517416051133747,0.5968059827957781,0.6392039388225128,0.08
905,139.03,1,181,401,0.4513715710723192,11,20,31,0.9467353951890034,0.3109965635738831,0.3109965635738831,0.6890034364261168,4349522.66,7473.406632302407,179035.46400909143,4322933.5,23.956339166029583,4346590.17,2932.49,1482.2182411534227,0,197,198,2.9393939393939394,22,4323222.17,0.0378006872852233,0.9939532468144446,0.0,918,125,92,0,0,7.096774193548387,0.0967188625547643,0.474725735406998,0.8292833612225464,0.2
957,404.14,1,179,179,1.0,13,2,15,0.9581005586592178,0.5,0.5,0.5,2782176.1,7771.441620111732,72039.13222791225,822055.68,9.269725714915236,2710234.41,71941.69,37.672654200923,0,199,200,1.79,4,822459.8200000001,0.0111731843575419,0.2956174557031095,1.0,299,8,74,0,0,1.7333333333333334,0.25,0.25,0.7458001208949134,0.2
120,315.19,0,22,29,0.7586206896551724,2,4,6,0.8823529411764706,0.4313725490196078,0.4313725490196078,0.5686274509803921,6382846.42,125153.85137254902,467120.4535488425,3277063.25,3.7323697866744174,3406504.2,2976342.22,1.1445270564350627,1,196,196,0.2602040816326531,2,3277063.25,0.0392156862745098,0.5134172177058273,2.0,15,24,11,0,0,1.3333333333333333,0.186082276047674,0.3233371780084582,0.4874980206420511,0.08
666,199.97,0,38,180,0.2111111111111111,2,9,11,0.9495412844036696,0.1743119266055046,0.1743119266055046,0.8256880733944955,39678.92,182.01339449541285,53.19570823587118,199.97,0.2922626017900668,3684.32,35994.6,0.102357575858601,1,195,195,1.117948717948718,10,1805.57,0.0458715596330275,0.0455045147398165,0.0,72,82,14,0,0,1.6363636363636365,0.0303846477569228,0.6817607945459137,0.5017150951248319,0.08
556,589.79,0,43,179,0.2402234636871508,4,1,5,0.9774774774774776,0.1936936936936936,0.1936936936936936,0.8063063063063063,218899.92,986.0356756756752,5786.270495013456,84373.28,5.868216168799822,113329.3,105570.62,1.0734927956281777,2,199,198,1.121212121212121,2,84963.06,0.009009009009009,0.388136551169137,1.0,86,1,22,0,0,0.8,0.0375172469767064,0.650129859589319,0.5415246858624789,0.08
901,146.26,1,112,469,0.2388059701492537,11,18,29,0.9500860585197934,0.1927710843373494,0.1927710843373494,0.8072289156626506,8317970.9,14316.645266781408,263571.8993287682,6281535.5,18.41017182568099,8314167.88,3803.02,2186.201460944197,0,199,200,2.905,20,6281535.5,0.0344234079173838,0.7551764216919777,0.0,596,116,76,0,0,6.827586206896552,0.0371606909565974,0.6516185222818988,0.8178247803112514,0.18
623,303.97,0,47,26,1.807692307692308,5,9,14,0.8082191780821918,0.3561643835616438,0.6438356164383562,0.3561643835616438,23125087.99,316782.027260274,949746.9397181164,6889325.5,2.9981086614417887,12334176.4,10790911.59,1.1430152399200595,9,199,191,0.3821989528795811,2,6889325.5,0.0273972602739726,0.2979156448174016,1.5,14,109,33,0,0,3.2142857142857144,0.4145243009945581,0.1268530681178457,0.5278538734730119,0.08
708,135.31,0,65,170,0.3823529411764705,6,10,16,0.9319148936170212,0.2765957446808511,0.2765957446808511,0.723404255319149,4609315.39,19614.108042553195,179630.63290939218,2262522.5,9.15823612879464,4607015.29,2300.1,2002.9630407373595,0,199,200,1.175,10,2262522.5,0.0425531914893617,0.4908586869339831,0.0,0,48,25,0,0,3.75,0.0765052059755545,0.5233137166138524,0.6295652179198673,0.08
696,246.81,0,69,26,2.6538461538461537,6,1,7,0.9263157894736842,0.2736842105263158,0.7263157894736842,0.2736842105263158,2837840.1,29872.00105263158,231124.51119571,2198473.5,7.73716199288059,2831423.3,6416.8,441.2516051614512,1,199,199,0.4773869346733668,3,2198473.5,0.031578947368421,0.7746995681680585,2.0,20,4,50,0,0,0.8571428571428571,0.5275346260387812,0.0749030470914127,0.4915219837544832,0.08
78,192.34,0,203,80,2.5375,4,4,7,0.9752650176678446,0.2826855123674912,0.7173144876325088,0.2826855123674912,553895.42,1957.2276325088335,26923.481253149654,453993.12,13.755927417925486,538509.02,15386.4,34.9990264129361,0,199,200,1.415,4,454406.41,0.0141342756183745,0.820383042705065,1.0,80,31,26,1,1,1.2857142857142858,0.5145400741674887,0.079911098902471,0.6213088173248185,0.08
5,140.49,0,0,40,0.0,0,2,2,0.95,0.0,0.0,1.0,2809.6,70.24,0.0,70.24,0.0,0.0,2809.6,0.0,14,165,152,0.2631578947368421,2,140.48,0.05,0.0499999999999999,0.0,0,15,0,0,0,0.0,0.0,1.0,0.2416856458521964,0.0
916,102.2,0,162,378,0.4285714285714285,9,18,27,0.95,0.3,0.3,0.7,202420.61,374.8529814814816,8088.974822169655,188168.57,21.57905958277476,200277.35,2143.26,93.44519563655368,3,199,197,2.7411167512690358,21,188281.37,0.0388888888888888,0.9301492076325626,0.0,918,143,72,0,0,6.0,0.09,0.4899999999999999,0.748066696010202,0.2
338,275.61,0,27,19,1.4210526315789471,2,6,8,0.8260869565217391,0.4130434782608695,0.5869565217391305,0.4130434782608695,17398669.78,378231.9517391304,1005943.7006733275,4376767.5,2.6595947170722773,1819917.97,15578751.81,0.1168205253024054,15,193,179,0.2569832402234637,2,4376767.5,0.0434782608695652,0.2515575935024154,2.0,6,46,14,0,0,1.5,0.3445179584120983,0.1706049149338374,0.5037908884339409,0.08
951,452.49,1,429,181,2.3701657458563536,16,2,17,0.9721311475409836,0.2967213114754098,0.7032786885245902,0.2967213114754098,700120.5,1147.738524590164,18046.401749109555,444097.9,15.723443417178654,618654.25,81466.25,7.593994445552606,0,199,200,3.05,6,444913.4900000001,0.0098360655737704,0.63548130643225,0.0,760,5,117,1,1,0.8823529411764706,0.4946009137328675,0.0880435366836871,0.7885379850018956,0.2
9,158.34,0,0,44,0.0,0,2,2,0.9545454545454546,0.0,0.0,1.0,3483.04,79.15999999999998,1.4210854715202004e-14,79.16,1.7952065077314306e-16,0.0,3483.04,0.0,7,169,163,0.2699386503067484,2,158.32,0.0454545454545454,0.0454545454545454,0.0,0,2,0,0,0,0.0,0.0,1.0,0.2479049039618049,0.0
155,468.46,0,44,180,0.2444444444444444,3,1,3,0.9866071428571428,0.1964285714285714,0.1964285714285714,0.8035714285714286,334529.52,1493.4353571428578,16385.50256358801,246168.45,10.971685172189623,250208.52,84321.0,2.967333404489985,1,199,199,1.1256281407035176,2,246636.9,0.0089285714285714,0.7372649803820004,1.0,84,18,42,1,1,0.0,0.0385841836734693,0.6457270408163266,0.5515544366149491,0.08
862,105.92,0,101,300,0.3366666666666666,7,15,22,0.945137157107232,0.2518703241895262,0.2518703241895262,0.7481296758104738,7663714.54,19111.507581047383,218191.36771566703,3693601.75,11.41675332468509,7631941.54,31773.0,240.2021068202562,0,197,198,2.025252525252525,16,3693702.63,0.0399002493765586,0.4819728880454881,0.0,555,116,32,0,0,4.7727272727272725,0.063438660207337,0.5596980118282847,0.7438597861583485,0.2
742,441.92,0,61,179,0.3407821229050279,3,1,4,0.9833333333333332,0.2541666666666666,0.2541666666666666,0.7458333333333333,86134.19,358.8924583333334,147.5923111994883,441.92,0.4112438357855015,7030.51,79103.68000000001,0.0888771546405932,0,199,200,1.2,3,621.23,0.0125,0.0072123508678725,1.0,115,1,36,0,0,0.75,0.0646006944444444,0.5562673611111111,0.5462846885999268,0.08
71,118.67,0,40,80,0.5,2,4,6,0.95,0.3333333333333333,0.3333333333333333,0.6666666666666666,14761.4,123.01166666666668,6.194692396631887,132.94,0.0503585762594216,5268.6,9492.8,0.5550101129276926,3,195,193,0.6217616580310881,4,474.64,0.0333333333333333,0.0321541317219233,0.0,0,40,22,0,0,1.3333333333333333,0.1111111111111111,0.4444444444444445,0.4250782594318989,0.08
0,184.44,0,20,19,1.0526315789473684,1,1,2,0.9487179487179488,0.4871794871794871,0.5128205128205128,0.4871794871794871,3856.36,98.88102564102564,83.39257274297066,184.44,0.8433627402462051,352.0,3504.36,0.1004463011791026,7,187,181,0.2154696132596685,2,202.04,0.0512820512820512,0.052391374249292,3.5,1,8,3,0,0,0.5,0.2629848783694937,0.2373438527284681,0.3330117785879614,0.08
960,168.07,0,327,560,0.5839285714285715,20,28,47,0.9470124013528748,0.3686583990980834,0.3686583990980834,0.6313416009019166,7806162.95,8800.634667418262,116417.47160058108,2400267.5,13.228304093974293,7712043.75,94119.2,81.939112848388,0,199,200,4.435,33,2400529.3000000003,0.0372040586245772,0.3075171906320506,0.0,2436,167,105,1,1,10.914893617021276,0.1359090152255617,0.3985922170293949,0.852947803049494,0.2
192,375.08,0,61,30,2.033333333333333,4,1,5,0.945054945054945,0.3296703296703296,0.6703296703296703,0.3296703296703296,5195617.5,57094.69780219782,448350.7916256279,4270306.0,7.852757066495393,5184365.4,11252.1,460.7464739915216,0,196,197,0.4619289340101523,3,4270906.23,0.0329670329670329,0.8220209108926899,1.0,16,1,66,0,0,0.8,0.4493418669242845,0.1086825262649438,0.5117998367666418,0.08
287,265.7,0,400,21,19.047619047619047,7,1,7,0.9833729216152018,0.0498812351543943,0.9501187648456056,0.0498812351543943,5295686.3100000005,12578.82733966746,141293.9001461974,2335543.25,11.232676650280878,5290106.61,5579.7,948.0987526211088,0,199,200,2.105,4,2336419.02,0.009501187648456,0.4411928658969227,0.0,77,0,26,1,1,0.0,0.9027256673117394,0.0024881376205279,0.7043657854267815,0.18
298,260.38,1,68,24,2.833333333333333,4,2,6,0.9347826086956522,0.2608695652173913,0.7391304347826086,0.2608695652173913,645013.45,7011.0157608695645,61188.43922124695,589134.0,8.727471354829452,639021.11,5992.34,106.63966163468696,0,198,199,0.4623115577889447,3,589271.24,0.0326086956521739,0.9135797710884944,2.0,19,9,31,0,0,1.3333333333333333,0.546313799621928,0.0680529300567107,0.4548477104983217,0.08
29,393.32,0,20,19,1.0526315789473684,1,3,4,0.8974358974358975,0.4871794871794871,0.5128205128205128,0.4871794871794871,19037391.28,488138.237948718,1144487.7872789968,4611325.0,2.344597694473656,2049.0,19035342.28,0.0001076418784522,0,194,195,0.2,2,4611427.45,0.0512820512820512,0.2422300084174138,5.0,8,34,8,0,0,0.75,0.2629848783694937,0.2373438527284681,0.5052030970256756,0.08
813,151.82,1,141,407,0.3464373464373464,8,14,22,0.95985401459854,0.2572992700729927,0.2572992700729927,0.7427007299270073,1634332.53,2982.358631386862,60737.58303312445,1409171.75,20.36562014839917,1629927.77,4404.76,370.0378159082447,0,198,199,2.753768844221105,17,1409190.58,0.0310218978102189,0.8622422635129218,0.0,659,86,52,0,0,5.090909090909091,0.0662029143800948,0.5516043742341095,0.7839653981024064,0.2
654,494.31,1,64,181,0.3535911602209944,6,1,7,0.9714285714285714,0.2612244897959184,0.2612244897959184,0.7387755102040816,6616148.55,27004.68795918367,273611.98029246426,3048119.75,10.132017844680009,6527157.24,88991.31,73.34600693033961,0,198,199,1.2311557788944725,3,3048614.05,0.0122448979591836,0.4607837969418023,1.0,119,2,79,0,0,0.8571428571428571,0.0682382340691378,0.5457892544773011,0.6423854899828227,0.08
925,324.1,0,97,18,5.388888888888889,7,18,25,0.782608695652174,0.1565217391304348,0.8434782608695652,0.1565217391304348,28534229.65,248123.7360869565,974170.0859995527,6281535.5,3.9261462904062863,3369725.51,25164504.14,0.1339078843458586,3,199,197,0.583756345177665,4,6281535.5,0.0347826086956521,0.2201403569344301,1.0,15,95,56,0,0,5.04,0.7114555765595464,0.0244990548204158,0.5327654566076689,0.18
329,335.38,0,39,14,2.7857142857142856,2,6,8,0.8490566037735849,0.2641509433962264,0.7358490566037735,0.2641509433962264,5264649.57,99333.010754717,460693.3559256753,3340767.75,4.637867637610073,569.85,5264079.72,0.000108252539914,4,196,193,0.2746113989637305,3,3340779.9,0.0566037735849056,0.634568332721906,2.0,10,32,12,0,0,1.5,0.5414738341046635,0.0697757208971164,0.4538030030815255,0.08
836,363.23,0,147,17,8.647058823529411,8,13,21,0.8719512195121951,0.1036585365853658,0.8963414634146342,0.1036585365853658,21060746.23,128419.18432926828,553305.2916875373,5037828.5,4.308587494753557,1081100.55,19979645.68,0.0541100962106751,0,199,200,0.82,3,5037838.03,0.0182926829268292,0.2392051057917334,1.0,22,123,66,0,0,4.9523809523809526,0.8034280190362879,0.0107450922070196,0.56779706561721,0.18
198,332.44,0,247,26,9.5,5,1,6,0.978021978021978,0.0952380952380952,0.9047619047619048,0.0952380952380952,1265084.14,4634.007838827839,44799.65397302148,522425.25,9.667582691088723,1256440.7,8643.44,145.3635011060411,0,198,199,1.371859296482412,3,522862.8,0.0109890109890109,0.4133027863269236,1.0,57,34,45,0,0,0.8333333333333334,0.8185941043083901,0.0090702947845804,0.5950145576797918,0.08
931,346.54,1,135,18,7.5,14,18,32,0.7908496732026143,0.1176470588235294,0.8823529411764706,0.1176470588235294,14773722.81,96560.27980392158,557125.6658365316,5052300.0,5.769718842652992,6773902.44,7999820.37,0.8467568178658992,2,198,197,0.7766497461928934,3,5052406.63,0.0196078431372549,0.3419860176732258,1.0,12,78,117,0,0,7.875,0.7785467128027681,0.0138408304498269,0.5552987231567911,0.18
819,180.97,1,372,182,2.043956043956044,10,15,24,0.9566787003610108,0.3285198555956679,0.6714801444043321,0.3285198555956679,123975.46,223.7824187725632,216.4526741312148,511.67,0.967246110389048,121796.82,2178.64,55.904977417104256,0,199,200,2.77,17,1065.42,0.0306859205776173,0.0085937975144435,0.0,594,171,73,1,1,5.25,0.4508855843292627,0.1079252955205984,0.7461341068028386,0.2
378,114.88,0,47,120,0.3916666666666666,3,6,9,0.9461077844311376,0.281437125748503,0.281437125748503,0.718562874251497,4337485.7700000005,25972.96868263473,238135.18220540136,2745101.25,9.168577728452586,4323701.37,13784.4,313.6662727431009,1,198,198,0.8434343434343434,6,2745101.25,0.0359281437125748,0.6328784451551065,0.0,6,30,21,0,0,2.0,0.0792068557495786,0.5163326042525727,0.5747892281254173,0.08
11,150.47,0,25,40,0.625,2,2,4,0.9384615384615383,0.3846153846153846,0.3846153846153846,0.6153846153846154,1727065.03,26570.231230769223,206258.72774267304,1676022.37,7.762775037645079,1724055.83,3009.2000000000003,572.9282965572245,9,198,190,0.3421052631578947,3,1676022.37,0.0461538461538461,0.9704454325034884,2.0,2,34,7,0,0,1.0,0.1479289940828402,0.378698224852071,0.4717715960286158,0.08
902,104.19,0,89,357,0.2492997198879551,6,17,23,0.9484304932735426,0.1995515695067264,0.1995515695067264,0.8004484304932735,5858035.5,13134.608744394622,149199.0742985493,2330416.25,11.359232482826874,5855850.66,2184.84,2680.219448563739,3,198,196,2.2755102040816326,19,2330416.25,0.0426008968609865,0.3978153170973443,0.0,391,176,25,0,0,4.434782608695652,0.0398208288925978,0.6407176898791449,0.7540034412717737,0.18
600,112.08,1,95,217,0.4377880184331797,6,9,15,0.9519230769230768,0.3044871794871794,0.3044871794871794,0.6955128205128205,4303248.98,13792.46467948718,211057.1733395039,3702650.0,15.302353730395868,4300555.65,2693.33,1596.7429353254151,3,199,197,1.583756345177665,11,3702650.0,0.0352564102564102,0.8604312734886187,0.0,217,76,41,0,0,3.6,0.0927124424720578,0.4837380834976988,0.6904472174473105,0.08
555,473.85,0,27,177,0.1525423728813559,4,1,5,0.9754901960784312,0.1323529411764706,0.1323529411764706,0.8676470588235294,6850058.98,33578.72049019608,270877.01332759915,2530242.0,8.066924807533589,6766187.53,83871.45,80.67331052461833,3,199,197,1.035532994923858,2,2530715.85,0.0098039215686274,0.3694443883459818,1.0,32,2,26,0,0,0.8,0.0175173010380622,0.7528114186851211,0.587104858986287,0.18
220,280.36,1,66,22,3.0,5,5,9,0.8977272727272727,0.25,0.75,0.25,5475462.36,62221.16318181818,238356.78625817483,1522154.0,3.830799266186424,55172.77,5420289.59,0.0101789340004617,0,198,199,0.4422110552763819,3,1522154.0,0.034090909090909,0.2779955189026265,2.0,5,40,31,1,1,1.7777777777777777,0.5625,0.0625,0.4924808918922978,0.08
350,499.69,1,270,179,1.5083798882681565,8,2,9,0.979955456570156,0.3986636971046771,0.6013363028953229,0.3986636971046771,2003593.75,4462.346881959911,77740.14671833393,1643188.25,17.421358933931558,1914645.85,88947.9,21.52547558739442,3,199,197,2.279187817258883,5,1644096.8299999998,0.0111358574610244,0.820573946190439,0.0,488,22,81,1,1,0.7777777777777778,0.3616053491798155,0.1589327433891697,0.7719398542645123,0.2
314,148.86,0,36,120,0.3,2,6,8,0.9487179487179488,0.2307692307692307,0.2307692307692307,0.7692307692307693,6349.72,40.70333333333334,45.786226141422745,159.63,1.1248765737799378,3373.72,2976.0,1.1336424731182797,5,195,191,0.8167539267015707,6,159.63,0.0384615384615384,0.025139691198982,0.0,30,48,8,0,0,1.5,0.0532544378698224,0.591715976331361,0.4244678716033543,0.08
147,567.67,0,63,179,0.3519553072625698,4,1,4,0.9834710743801652,0.2603305785123967,0.2603305785123967,0.7396694214876033,2382159.4,9843.633884297522,144788.2922731816,2257484.25,14.70882541701867,2280548.26,101611.14,22.443880267458866,0,199,200,1.21,3,2258051.91,0.012396694214876,0.9479012655492324,1.0,118,17,42,1,1,0.0,0.0677720101085991,0.5471108530838057,0.6178782569755625,0.08
299,346.95,0,224,16,14.0,4,1,5,0.9791666666666666,0.0666666666666666,0.9333333333333332,0.0666666666666666,1001258.32,4171.909666666667,56917.36110840652,884087.93,13.642999407003742,995707.12,5551.2,179.36790603833407,2,199,198,1.2121212121212122,3,884675.68,0.0125,0.8835638739061864,1.0,41,11,31,0,0,0.8,0.8711111111111112,0.0044444444444444,0.5614816463668286,0.08
713,195.47,0,63,153,0.4117647058823529,4,9,13,0.9398148148148148,0.2916666666666667,0.2916666666666667,0.7083333333333334,56511.47,261.62717592592594,3089.629535279313,45556.82,11.809283666135949,53189.84,3321.63,16.013174254808632,1,197,197,1.0964467005076142,10,45556.82,0.0462962962962962,0.8061517422923169,0.0,90,92,19,0,0,2.769230769230769,0.0850694444444444,0.501736111111111,0.5291601316115615,0.08
119,160.63,0,47,64,0.734375,3,4,7,0.9369369369369368,0.4234234234234234,0.4234234234234234,0.5765765765765766,263197.13,2371.145315315317,24293.31669254739,257161.01,10.24539345422482,260627.53,2569.6,101.427276618929,5,199,195,0.5692307692307692,5,257161.01,0.045045045045045,0.9770661632974492,0.5,44,44,23,0,0,1.7142857142857142,0.1792873955036117,0.3324405486567648,0.4920095602791152,0.08
684,382.08,0,240,25,9.6,5,1,6,0.9773584905660376,0.0943396226415094,0.9056603773584906,0.0943396226415094,3274208.34,12355.50316981132,145086.23873060796,2275344.5,11.7426410512445,3264656.59,9551.75,341.7862266076897,0,198,199,1.3316582914572863,3,2275866.52,0.0113207547169811,0.6950890974763079,1.0,50,2,34,0,0,0.8333333333333334,0.8202207191171236,0.0088999644001423,0.6089300786258541,0.18
452,559.87,1,87,181,0.4806629834254143,5,2,6,0.9776119402985076,0.3246268656716418,0.3246268656716418,0.6753731343283582,1018859.24,3801.713582089552,38706.50341705848,562449.18,10.18133075553368,918080.57,100778.67,9.109869876234724,0,199,200,1.34,3,563009.04,0.0111940298507462,0.5525876567601232,1.0,160,7,36,1,1,0.6666666666666666,0.1053826019157941,0.4561288705725106,0.631947526516402,0.08
232,256.0,0,42,21,2.0,4,5,9,0.8571428571428572,0.3333333333333333,0.6666666666666666,0.3333333333333333,40105493.0,636595.126984127,1791751.1368478136,7860988.0,2.814585064978812,2069186.25,38036306.75,0.0544002934774943,3,198,196,0.3214285714285714,2,7860988.0,0.0317460317460317,0.1960077638242721,2.0,3,62,16,0,0,2.2222222222222223,0.4444444444444445,0.1111111111111111,0.5084767811358994,0.08
262,137.24,0,68,120,0.5666666666666667,4,6,10,0.946808510638298,0.3617021276595745,0.3617021276595745,0.6382978723404256,187336.23,996.469308510638,7578.7099823235985,86030.42,7.605562878450351,170867.43,16468.800000000003,10.375220416788109,1,196,196,0.9591836734693876,7,86030.42,0.0372340425531914,0.4592300165323066,0.0,30,49,39,0,0,2.4,0.1308284291534631,0.4074241738343142,0.545721746732103,0.08
585,323.75,1,118,26,4.538461538461538,7,2,9,0.9375,0.1805555555555555,0.8194444444444444,0.1805555555555555,192601.92,1337.513333333333,14711.441961662818,177252.82,10.999099294957423,184505.18,8096.74,22.787588585035454,6,199,194,0.7422680412371134,3,177366.39,0.0208333333333333,0.9208962714390386,1.0,26,20,33,0,0,1.5555555555555556,0.6714891975308641,0.0326003086419753,0.4714148063584606,0.08
360,103.55,0,61,120,0.5083333333333333,4,6,10,0.9447513812154696,0.3370165745856354,0.3370165745856354,0.6629834254143646,7186854.41,39706.37795580111,530910.0638276704,7162610.5,13.370901380595567,7174428.41,12426.0,577.3723169161436,3,198,196,0.923469387755102,7,7162610.5,0.0386740331491712,0.9966266312607828,0.0,48,28,35,0,0,2.4,0.1135801715454351,0.4395470223741644,0.610379841340561,0.08
113,157.39,0,50,92,0.5434782608695652,2,4,6,0.9577464788732396,0.352112676056338,0.352112676056338,0.647887323943662,4260.780000000001,30.005492957746483,13.229474113522915,39.34,0.4409017419627988,641.5,3619.28,0.1772451979399217,6,199,194,0.7319587628865979,6,183.02,0.0422535211267605,0.0429545763921159,0.0,16,57,17,0,0,1.3333333333333333,0.1239833366395556,0.4197579845268796,0.4247170602893702,0.08
195,280.45,0,58,9,6.444444444444445,3,1,4,0.9402985074626866,0.1343283582089552,0.8656716417910447,0.1343283582089552,3225.35,48.13955223880596,91.59311014029736,280.45,1.9026581237384852,701.3,2524.05,0.2778471107941602,5,199,195,0.3435897435897436,2,297.82,0.0298507462686567,0.0923372657230998,2.0,5,1,24,0,0,0.75,0.7493873914012029,0.0180441078191133,0.2917473430797092,0.08
964,168.61,1,186,641,0.2901716068642745,13,32,45,0.9455864570737604,0.2249093107617896,0.2249093107617896,0.7750906892382105,2304112.83,2786.1098307134234,49199.87978080815,1150274.37,17.658987897189185,2196199.17,107913.66,20.35144735152157,2,197,196,4.219387755102041,33,1150274.37,0.0399032648125755,0.4992265808441334,0.0,2082,250,90,0,0,9.244444444444444,0.0505841980673432,0.6007655765437641,0.798885789744579,0.08
278,154.85,0,57,120,0.475,5,6,11,0.9378531073446328,0.3220338983050847,0.3220338983050847,0.6779661016949152,280477.41000000003,1584.6181355932206,18051.43612750033,240414.07,11.391663216540532,261895.41,18582.0,14.094037778495318,4,198,195,0.9076923076923076,7,240414.07,0.03954802259887,0.8571601898348961,0.0,90,56,36,0,0,2.727272727272727,0.1037058316575696,0.4596380350474001,0.53738680753166,0.08
667,187.31,0,22,180,0.1222222222222222,2,9,11,0.9455445544554456,0.1089108910891089,0.1089108910891089,0.8910891089108911,1242696.57,6151.963217821783,81937.5871303853,1167194.75,13.31893319729516,1208982.57,33714.0,35.859956397935576,3,198,196,1.030612244897959,9,1167363.38,0.0445544554455445,0.9393792565147258,0.0,0,69,10,0,0,1.6363636363636365,0.0118615821978237,0.794039800019606,0.5462097170515531,0.08
180,326.75,0,56,28,2.0,4,1,5,0.9404761904761904,0.3333333333333333,0.6666666666666666,0.3333333333333333,5026545.9,59839.83214285715,390780.9468622632,3462084.25,6.530448580292504,5017396.9,9149.0,548.409323423325,0,196,197,0.4263959390862944,3,3462084.25,0.0357142857142857,0.6887600986593995,1.0,21,1,22,0,0,0.8,0.4444444444444445,0.1111111111111111,0.5037408519905119,0.08
25,220.14,0,199,25,7.96,3,3,5,0.9776785714285714,0.1116071428571428,0.8883928571428571,0.1116071428571428,12914021.61,57651.8821875,257568.94764651835,1712620.62,4.467658953593784,1632921.56,11281100.05,0.1447484334650502,0,199,200,1.12,2,1713187.4,0.0089285714285714,0.1326610293631063,1.0,47,39,18,1,1,0.8,0.7892418686224489,0.0124561543367347,0.6095017194337717,0.18
475,181.94,0,29,140,0.2071428571428571,4,7,11,0.9349112426035504,0.1715976331360946,0.1715976331360946,0.8284023668639053,3709452.11,21949.42076923077,155601.67154006977,1515568.12,7.089101492746268,3683980.51,25471.6,144.6309030449599,3,193,191,0.8848167539267016,8,1515568.12,0.0473372781065088,0.4085692644243357,0.0,91,46,18,0,0,2.5454545454545454,0.0294457476979097,0.6862504814257204,0.5568896721929106,0.18
664,104.12,1,74,160,0.4625,8,8,16,0.9316239316239316,0.3162393162393162,0.3162393162393162,0.6837606837606838,7435567.97,31775.931495726498,308352.95954931603,4578554.0,9.703978610061707,7418908.77,16659.2,445.33403584806,2,198,197,1.1878172588832487,10,4578554.0,0.0427350427350427,0.6157638553601978,0.0,224,20,73,0,0,4.0,0.1000073051355102,0.4675286726568778,0.6493491169248815,0.08
520,391.83,0,90,14,6.428571428571429,5,6,11,0.8942307692307693,0.1346153846153846,0.8653846153846154,0.1346153846153846,10878938.42,104605.17711538462,532472.9097915873,4200924.5,5.090311249167368,14832.83,10864105.59,0.0013653061337744,0,193,194,0.5360824742268041,3,4200924.5,0.0288461538461538,0.3861520617008879,1.0,10,26,23,0,0,2.727272727272727,0.7488905325443788,0.0181213017751479,0.5044175208877452,0.18
117,102.67,0,26,92,0.2826086956521739,3,4,7,0.940677966101695,0.2203389830508474,0.2203389830508474,0.7796610169491526,6809652.07,57708.91584745764,490503.8586612215,5254030.5,8.499620057978106,6807291.35,2360.72,2883.5657553627707,4,194,191,0.6178010471204188,5,5254030.5,0.0423728813559322,0.7715563799722883,0.0,56,24,30,0,0,1.7142857142857142,0.0485492674518816,0.6078713013501867,0.528917922458617,0.08
959,406.85,0,292,180,1.6222222222222222,16,1,17,0.9639830508474576,0.3813559322033898,0.6186440677966102,0.3813559322033898,5480907.0,11612.091101694918,197445.2935789064,4103266.75,17.00342271256268,5407674.0,73233.0,73.84203842530007,0,199,200,2.36,5,4103312.04,0.010593220338983,0.7486556586346019,0.0,542,1,137,0,0,0.9411764705882352,0.3827204826199368,0.1454323470267164,0.7973730449026679,0.2
700,163.81,0,42,210,0.2,3,10,13,0.9484126984126984,0.1666666666666666,0.1666666666666666,0.8333333333333334,541785.8,2149.943650793651,32323.114779752188,513834.12,15.034400909912277,538346.0,3439.8,156.50502936217222,2,192,191,1.3193717277486912,12,513834.12,0.0476190476190476,0.9484082454726572,0.0,120,68,32,0,0,2.3076923076923075,0.0277777777777777,0.6944444444444445,0.5843374907895601,0.08
668,169.97,0,64,180,0.3555555555555555,5,9,14,0.9426229508196722,0.2622950819672131,0.2622950819672131,0.7377049180327869,3819227.71,15652.572581967215,183458.9155219253,2796206.25,11.720687737508523,3788633.11,30594.6,123.83339249410028,3,196,194,1.2577319587628866,10,2796206.25,0.040983606557377,0.7321391816148087,0.0,225,52,31,0,0,3.2142857142857144,0.068798710024187,0.5442085460897608,0.6351020149983859,0.08
121,278.24,0,17,21,0.8095238095238095,2,4,6,0.8421052631578947,0.4473684210526316,0.4473684210526316,0.5526315789473685,4191142.86,110293.23315789476,229964.30091407488,1033699.0,2.085026382215672,1049876.53,3141266.33,0.3342207949620114,6,194,189,0.201058201058201,2,1033699.0,0.0526315789473684,0.2466389322744298,5.0,3,30,15,0,0,1.3333333333333333,0.2001385041551246,0.3054016620498614,0.4661366137113943,0.08
228,219.56,0,36,21,1.7142857142857142,2,5,7,0.8771929824561404,0.3684210526315789,0.631578947368421,0.3684210526315789,3837471.83,67324.06719298246,182664.72879525603,1133819.75,2.713215888630925,690.48,3836781.35,0.0001799633434936,4,198,195,0.2923076923076923,2,1133819.75,0.0350877192982456,0.2954600841981946,2.0,5,24,11,0,0,1.4285714285714286,0.3988919667590027,0.1357340720221606,0.4726396779698416,0.08
958,547.99,1,176,181,0.9723756906077348,11,2,12,0.9663865546218487,0.4929971988795518,0.4929971988795518,0.5070028011204482,2619163.08,7336.5912605042,97859.25038298614,1809420.5,13.338517426996589,2520523.36,98639.72,25.552823548160923,1,199,199,1.7939698492462313,5,1809420.5,0.0140056022408963,0.690839189746062,1.0,340,19,71,1,1,0.8333333333333334,0.2430462381030844,0.2570518403439807,0.7436154431176394,0.2
867,144.12,0,115,300,0.3833333333333333,9,15,24,0.9421686746987952,0.2771084337349397,0.2771084337349397,0.7228915662650602,4387014.46,10571.119180722892,125486.16284790623,2354188.5,11.870660116739412,4343781.46,43233.00000000001,100.47374598107923,1,197,197,2.1065989847715736,19,2356470.55,0.0457831325301204,0.5371467478591351,0.0,630,104,67,0,0,5.625,0.0767890840470315,0.522572216577152,0.7460758901250161,0.2
256,549.83,0,0,180,0.0,0,1,1,0.9944444444444444,0.0,0.0,1.0,98969.4,549.83,0.0,549.83,0.0,0.0,98969.4,0.0,0,199,200,0.9,1,549.83,0.0055555555555555,0.0055555555555555,1.0,0,2,0,0,0,0.0,0.0,1.0,0.4500405606844377,0.0
719,121.54,0,76,190,0.4,7,10,17,0.9360902255639098,0.2857142857142857,0.2857142857142857,0.7142857142857143,2502118.8200000003,9406.461729323308,94768.99579338136,1422684.12,10.07488240747873,2499810.3200000003,2308.5,1082.8721334199695,0,196,197,1.350253807106599,11,1422873.84,0.0413533834586466,0.5686675743080818,0.0,80,39,42,0,0,4.117647058823529,0.0816326530612244,0.5102040816326531,0.6442428340676383,0.08
888,243.3,1,153,15,10.2,11,2,12,0.9285714285714286,0.0892857142857142,0.9107142857142856,0.0892857142857142,3913973.72,23297.46261904762,179976.7218547153,1890002.5,7.725164100384447,3910547.67,3426.05,1141.4158199676012,0,197,198,0.8484848484848485,4,1890380.78,0.0238095238095238,0.4829824917679825,1.0,14,11,71,1,1,0.8333333333333334,0.8294005102040816,0.0079719387755102,0.5351289226369701,0.18
407,185.99,0,14,112,0.125,2,7,9,0.9285714285714286,0.1111111111111111,0.1111111111111111,0.8888888888888888,271871.31,2157.70880952381,23841.530519181837,268714.12,11.049466180954918,268895.47,2975.84,90.35951865691702,7,197,191,0.6596858638743456,7,268728.07,0.0555555555555555,0.98843850055381,0.0,0,67,14,0,0,1.5555555555555556,0.0123456790123456,0.7901234567901234,0.448680615802095,0.08
621,282.97,0,112,16,7.0,7,9,16,0.875,0.125,0.875,0.125,2270133.15,17735.415234375,81749.80989231738,650310.75,4.609410538856113,878524.04,1391609.11,0.6313008686756872,0,199,200,0.64,2,650310.75,0.015625,0.2864637036818743,1.0,4,101,24,0,0,3.9375,0.765625,0.015625,0.4915520787564152,0.18
375,184.4,0,77,120,0.6416666666666667,5,6,11,0.9441624365482232,0.3908629441624365,0.3908629441624365,0.6091370558375635,378546.71,1921.5569035533,25058.830220397293,352743.62,13.040899373866612,356419.91,22126.8,16.108063976716018,1,196,196,1.0051020408163265,8,352759.51,0.0406091370558375,0.9318784199709462,0.0,72,35,28,0,0,2.727272727272727,0.1527738411193279,0.3710479527944549,0.5737772891270801,0.08
704,170.49,0,79,160,0.49375,5,10,15,0.9372384937238494,0.3305439330543933,0.3305439330543933,0.6694560669456067,507381.33,2122.9344351464424,30909.623359124205,478641.06,14.55985773625271,504654.93,2726.4,185.0993727992958,0,199,200,1.195,10,478793.98,0.0418410041841004,0.9436570714968956,0.0,40,42,43,0,0,3.333333333333333,0.1092592916790672,0.4481714255702806,0.5975969483051635,0.08
53,464.01,0,40,180,0.2222222222222222,2,1,2,0.990909090909091,0.1818181818181818,0.1818181818181818,0.8181818181818182,88677.2,403.0781818181819,129.69666925128044,464.01,0.3217655410328888,5155.4,83521.8,0.0617252022825178,0,199,200,1.1,2,617.95,0.009090909090909,0.0069685330614859,1.0,80,14,12,1,1,0.0,0.0330578512396694,0.6694214876033058,0.5170945465646972,0.08
169,101.24,0,20,100,0.2,1,5,5,0.9583333333333334,0.1666666666666666,0.1666666666666666,0.8333333333333334,12147.6,101.23,0.0,101.23,0.0,2024.6,10123.0,0.2,5,195,191,0.6282722513089005,6,607.38,0.05,0.0499999999999999,0.0,100,39,0,1,1,0.0,0.0277777777777777,0.6944444444444445,0.3890223161988773,0.08
346,575.53,0,14,180,0.0777777777777777,1,1,2,0.9896907216494846,0.0721649484536082,0.0721649484536082,0.9278350515463918,103974.94,535.9532989690721,141.90961600571677,575.53,0.2647798162240733,379.54,103595.4,0.0036636761863943,1,199,199,0.9748743718592964,2,602.64,0.0103092783505154,0.0057960120005839,1.0,22,2,2,0,0,0.5,0.0052077797853119,0.8608778828780955,0.4782289057198426,0.08
679,143.53,1,59,201,0.2935323383084577,4,10,14,0.946153846153846,0.2269230769230769,0.2269230769230769,0.7730769230769231,5166259.19,19870.227653846152,216190.5976830464,2745049.0,10.880126863629556,5137550.84,28708.35,178.9566742776927,4,195,192,1.3541666666666667,11,2745049.0,0.0423076923076923,0.5313417114869917,0.0,90,62,15,0,0,2.857142857142857,0.0514940828402366,0.5976479289940829,0.6480721800308563,0.08
581,296.66,0,77,25,3.08,4,1,5,0.9509803921568628,0.2450980392156862,0.7549019607843137,0.2450980392156862,14497.55,142.13284313725492,109.69513357552316,296.66,0.7717789298676921,7081.05,7416.500000000001,0.9547697701071932,4,199,196,0.5204081632653061,3,476.62000000000006,0.0294117647058823,0.0328758997209873,2.0,20,1,30,0,0,0.8,0.5698769703960015,0.060073048827374,0.3857990859059063,0.08
961,158.2,1,475,622,0.7636655948553055,21,31,49,0.9553327256153143,0.4329990884229717,0.4329990884229717,0.5670009115770283,10262995.69,9355.511112123975,188411.48247917983,5973380.5,20.139090234740245,10164895.16,98100.53,103.6171278585345,0,199,200,5.485,35,5973386.4,0.031905195989061,0.5820314633689572,0.0,3017,237,123,3,3,10.285714285714286,0.1874882105751245,0.321490033729181,0.8714921472799219,0.2
245,469.41,0,45,180,0.25,3,1,3,0.9866666666666668,0.2,0.2,0.8,4182691.5,18589.74,205461.86781475684,2961051.25,11.052433644298244,4098197.7,84493.8,48.50293986067617,0,199,200,1.125,2,2961520.66,0.0088888888888888,0.7080418577368185,1.0,87,5,34,1,1,0.0,0.0399999999999999,0.6400000000000001,0.6045703500070235,0.18
918,116.88,1,367,361,1.0166204986149583,10,20,27,0.962912087912088,0.4958791208791209,0.5041208791208791,0.4958791208791209,136446.81,187.4269368131868,237.7886604198584,580.15,1.2687005638728888,134340.47,2106.34,63.77910024022712,0,198,199,3.658291457286432,24,1324.14,0.0329670329670329,0.0097044408733337,0.0,1304,91,75,3,3,4.407407407407407,0.254137860765608,0.2458961025238498,0.7944466366657714,0.2
554,488.96,0,67,180,0.3722222222222222,6,1,6,0.9757085020242916,0.2712550607287449,0.2712550607287449,0.728744939271255,4916221.38,19903.730283400808,223954.67926603285,3322867.0,11.251894799479132,4828210.38,88011.0,54.85916964924839,1,199,199,1.2412060301507537,3,3323355.95,0.0121457489878542,0.6759980263541346,1.0,114,4,32,1,1,0.0,0.0735793079709551,0.5310691865134652,0.6397116755360105,0.08
75,108.98,0,25,80,0.3125,3,4,7,0.9333333333333332,0.238095238095238,0.238095238095238,0.7619047619047619,4349878.94,41427.41847619048,380035.4017314888,3899392.25,9.173523615764422,4341160.54,8718.4,497.9308749311801,8,199,192,0.546875,5,3899392.25,0.0476190476190476,0.8964369592317895,0.0,84,34,15,0,0,1.7142857142857142,0.0566893424036281,0.5804988662131518,0.5084041908948451,0.08
100,163.01,0,39,80,0.4875,2,4,6,0.9495798319327732,0.3277310924369748,0.3277310924369748,0.6722689075630253,3731.62,31.358151260504208,13.511690298901271,40.75,0.4308828727387169,471.62,3260.0,0.1446687116564417,4,195,192,0.6197916666666666,5,172.92000000000002,0.042016806722689,0.0463391234906019,0.0,8,39,8,0,0,1.3333333333333333,0.1074076689499329,0.4519454840759834,0.3950349860713844,0.08
878,162.78,1,102,321,0.3177570093457944,6,16,22,0.9479905437352246,0.2411347517730496,0.2411347517730496,0.7588652482269503,188578.8,445.8127659574469,5187.653924970434,105990.22,11.636396086211668,136489.08,52089.72,2.620269028130694,1,199,199,2.1256281407035176,17,106167.8,0.0401891252955082,0.5629890528521764,0.0,96,106,49,0,0,4.363636363636363,0.0581459685126502,0.575876464966551,0.6756137945461873,0.08
398,317.28,0,40,20,2.0,3,1,4,0.9333333333333332,0.3333333333333333,0.6666666666666666,0.3333333333333333,2413967.0,40232.78333333333,306439.7405129248,2394025.75,7.616667680533946,2407621.6,6345.4,379.42786900747,0,178,179,0.3351955307262569,2,2394025.75,0.0333333333333333,0.991739220130184,2.0,8,1,20,0,0,0.75,0.4444444444444445,0.1111111111111111,0.4667609617569836,0.08
123,396.1,0,48,22,2.1818181818181817,2,4,6,0.9142857142857144,0.3142857142857143,0.6857142857142857,0.3142857142857143,18360516.06,262293.08657142863,1016431.1109299264,7086905.5,3.875173090592032,861.1600000000001,18359654.9,4.69050210742251e-05,7,195,189,0.3703703703703703,2,7086905.5,0.0285714285714285,0.3859861823513473,2.0,11,36,12,0,0,1.3333333333333333,0.4702040816326531,0.0987755102040816,0.5136052477869745,0.08
307,108.47,0,77,78,0.9871794871794872,4,6,10,0.935483870967742,0.4967741935483871,0.4967741935483871,0.5032258064516129,9293.75,59.95967741935484,73.18859454084144,192.33,1.2206302250254657,7884.29,1409.46,5.593837356150583,2,199,198,0.7828282828282829,7,300.75,0.0451612903225806,0.0323604572965702,1.0,36,44,17,0,0,2.4,0.2467845993756504,0.2532362122788761,0.4793604445896499,0.08
796,256.91,0,60,23,2.608695652173913,4,1,5,0.9397590361445785,0.2771084337349397,0.7228915662650602,0.2771084337349397,30574.56,368.3681927710844,2294.909251467305,21130.96,6.22993324750336,24665.63,5908.93,4.174297207785504,2,194,193,0.4300518134715025,2,21387.87,0.0240963855421686,0.6995315713455892,2.0,14,2,30,0,0,0.8,0.522572216577152,0.0767890840470315,0.3874972004748337,0.08
537,263.18,0,60,16,3.75,3,8,11,0.8552631578947368,0.2105263157894736,0.7894736842105263,0.2105263157894736,18095180.79,238094.48407894737,1103581.7676091983,7575834.0,4.635058102577768,10009.0,18085171.79,0.0005534368219567,4,199,196,0.3877551020408163,3,7575834.0,0.0394736842105263,0.418665836385932,2.0,14,64,45,0,0,2.1818181818181817,0.6232686980609419,0.0443213296398891,0.4967040228352736,0.08
773,103.94,0,298,220,1.3545454545454545,8,11,18,0.9652509652509652,0.4247104247104247,0.5752895752895753,0.4247104247104247,8576341.8,16556.644401544403,265318.45263879234,5384829.5,16.02489285896866,8553475.0,22866.8,374.0564923819686,0,199,200,2.59,14,5386453.600000004,0.027027027027027,0.6280595766367432,0.0,440,108,40,1,1,3.888888888888889,0.3309580954368599,0.1803789448577093,0.837142231410126,0.2
982,349.48,0,193,23,8.391304347826088,15,1,16,0.925925925925926,0.1064814814814814,0.8935185185185185,0.1064814814814814,9839183.28,45551.77444444444,353687.3730158566,4330056.5,7.764513618393034,9831145.24,8038.040000000001,1223.07742185906,1,198,198,1.0909090909090908,5,5453153.85,0.0231481481481481,0.5542283027783989,1.0,54,12,94,0,0,0.9375,0.798375342935528,0.011338305898491,0.5982839807365491,0.18
714,192.98,0,100,250,0.4,5,10,15,0.9571428571428572,0.2857142857142857,0.2857142857142857,0.7142857142857143,19184.5,54.81285714285714,56.994638523357295,176.53,1.0398041900062578,14362.0,4822.5,2.978123379989632,1,199,199,1.7587939698492463,11,328.80999999999995,0.0314285714285714,0.0171393572936485,0.0,140,33,32,0,0,3.333333333333333,0.0816326530612244,0.5102040816326531,0.5959983532145161,0.08
24,294.43,0,15,19,0.7894736842105263,2,3,5,0.8529411764705882,0.4411764705882353,0.4411764705882353,0.5588235294117647,2503915.2,73644.56470588234,264673.43384675874,1565282.5,3.593930317923626,1594233.87,909681.33,1.752519060713272,1,188,188,0.1808510638297872,2,1565282.5,0.0588235294117647,0.6251339901606892,3.0,6,13,8,0,0,1.2,0.194636678200692,0.3122837370242214,0.4486233816534261,0.08
85,255.13,0,60,26,2.3076923076923075,3,1,4,0.9534883720930232,0.3023255813953488,0.6976744186046512,0.3023255813953488,10460.38,121.63232558139534,109.95694281700196,255.13,0.9040108564184256,3827.0,6633.38,0.5769306145584905,3,198,196,0.4387755102040816,3,440.82,0.0348837209302325,0.0421418724749961,2.0,25,8,27,0,0,0.75,0.486749594375338,0.0914007571660356,0.3722958322472703,0.08
744,437.56,0,64,180,0.3555555555555555,6,1,7,0.971311475409836,0.2622950819672131,0.2622950819672131,0.7377049180327869,548334.6900000001,2247.273319672131,19677.97137388717,260170.26,8.756376539351304,469575.69,78759.0,5.962184512246219,0,198,199,1.2261306532663316,3,260607.81,0.0122950819672131,0.4752714259241923,1.0,120,1,34,0,0,0.8571428571428571,0.068798710024187,0.5442085460897608,0.5901963905688992,0.08
476,188.88,0,87,120,0.725,6,6,11,0.9468599033816424,0.4202898550724637,0.4202898550724637,0.5797101449275363,1482563.57,7162.142850241544,91516.27638617922,1314998.87,12.777778703910217,1459897.9700000002,22665.6,64.4102944550332,2,198,197,1.0507614213197969,6,1315044.9900000002,0.0289855072463768,0.8870074893314693,0.0,120,109,40,1,1,2.272727272727273,0.1766435622768326,0.3360638521319051,0.6153990954485489,0.08
896,281.86,0,146,27,5.407407407407407,10,1,11,0.9364161849710982,0.1560693641618497,0.8439306358381503,0.1560693641618497,2628414.25,15193.145953757225,150628.26580587917,1927316.0,9.91422489222051,2620804.3,7609.950000000001,344.3917896963843,3,197,195,0.8871794871794871,3,1927316.0,0.0173410404624277,0.7332618897496846,1.0,37,21,83,0,0,0.9090909090909092,0.7122189181061847,0.024357646429884,0.5470503129152874,0.18
505,107.05,0,67,154,0.435064935064935,4,7,11,0.9502262443438914,0.3031674208144796,0.3031674208144796,0.6968325791855203,5966.429999999999,26.99742081447964,32.35873874219777,128.97,1.1985863006899784,3611.77,2354.66,1.5338817493820764,7,199,193,1.145077720207254,9,265.89,0.0407239819004524,0.0445643374681342,0.0,140,30,28,0,0,2.5454545454545454,0.0919104850433037,0.4855756434143444,0.4923786896583884,0.08
286,280.63,0,246,21,11.714285714285714,4,1,5,0.9812734082397004,0.0786516853932584,0.9213483146067416,0.0786516853932584,108554.1,406.5696629213484,235.9787564779405,564.34,0.5804140790592903,102660.87,5893.23,17.420136325919746,0,199,200,1.335,4,874.71,0.0149812734082397,0.0080578255450508,1.0,53,2,30,0,0,0.8,0.8488827168286833,0.0061860876152,0.5355982792269168,0.08
254,581.97,0,226,177,1.2768361581920904,5,1,5,0.9875930521091812,0.4392059553349876,0.5607940446650124,0.4392059553349876,2776270.91,6889.00970223325,79941.74610388436,1346394.25,11.604243506576742,2673263.99,103006.92,25.9522757306014,4,199,196,2.056122448979592,4,1347533.92,0.009925558312655,0.4853755140199916,0.0,429,4,18,1,1,0.0,0.3144899605317439,0.1929018712017191,0.7636079633892748,0.2
617,153.02,1,56,208,0.2692307692307692,8,9,16,0.9393939393939394,0.2121212121212121,0.2121212121212121,0.7878787878787878,4444144.76,16833.881666666668,127173.54531864192,1522154.0,7.55461799226393,4440612.62,3532.14,1257.2017587071862,3,198,196,1.346938775510204,10,1522274.7,0.0378787878787878,0.3425349042860611,0.0,36,79,63,1,1,3.5,0.0449954086317722,0.620752984389348,0.6409756424293105,0.08
184,282.88,0,35,15,2.333333333333333,3,1,4,0.92,0.3,0.7,0.3,459064.18,9181.2836,59864.57373828637,427610.75,6.5202836930433525,454820.98,4243.2,107.18820230015083,1,193,193,0.2590673575129533,2,427610.75,0.04,0.931483589070269,3.0,8,4,25,0,0,0.75,0.4899999999999999,0.09,0.4063243518668396,0.08
891,235.39,0,351,21,16.714285714285715,12,1,13,0.9650537634408602,0.0564516129032258,0.9435483870967742,0.0564516129032258,822688.9299999999,2211.52938172043,34166.4785129368,658797.12,15.449253713444875,817745.95,4942.98,165.43582009233296,0,199,200,1.86,4,659452.39,0.010752688172043,0.8015816986865255,1.0,64,2,82,0,0,0.9230769230769232,0.8902835587929241,0.0031867845993756,0.6399784625036151,0.08
646,463.65,0,25,180,0.1388888888888889,3,1,4,0.9804878048780488,0.1219512195121951,0.1219512195121951,0.8780487804878049,6698747.19,32676.81556097561,319385.0554902705,3952614.0,9.774056927129005,6615291.99,83455.2,79.26758296666955,0,199,200,1.025,2,3953077.64,0.0097560975609756,0.5901219329341492,1.0,48,1,27,0,0,0.75,0.0148720999405115,0.7709696609161214,0.5828521990465234,0.18
624,314.8,0,66,24,2.75,5,9,14,0.8444444444444444,0.2666666666666666,0.7333333333333333,0.2666666666666666,17269846.0,191887.17777777775,554770.0844365469,3266466.75,2.891126394484885,5320352.66,11949493.34,0.4452366731056733,1,196,196,0.4591836734693877,2,3266642.41,0.0222222222222222,0.189152955388253,1.0,11,87,36,0,0,3.2142857142857144,0.5377777777777778,0.0711111111111111,0.5234965343604271,0.08
612,159.54,0,101,104,0.971153846153846,6,8,14,0.9317073170731708,0.4926829268292683,0.4926829268292683,0.5073170731707317,7727.69,37.69604878048781,52.851440781501374,196.85,1.402041924586491,5653.93,2073.76,2.7264148213872383,0,194,195,1.051282051282051,9,278.29,0.0439024390243902,0.0360120553490111,0.0,40,35,36,0,0,3.4285714285714284,0.2427364663890541,0.2573706127305175,0.5209186234088491,0.08
887,378.49,0,77,13,5.923076923076923,5,1,6,0.9333333333333332,0.1444444444444444,0.8555555555555555,0.1444444444444444,395454.35,4393.937222222222,39923.91763150653,381034.15,9.08613746905449,390534.11,4920.24,79.3729797733444,1,197,197,0.4568527918781725,3,381297.58,0.0333333333333333,0.9642012535707344,2.0,5,3,56,0,0,0.8333333333333334,0.7319753086419754,0.0208641975308642,0.4201820305469759,0.08
829,353.01,0,99,14,7.071428571428571,7,13,20,0.8230088495575221,0.1238938053097345,0.8761061946902655,0.1238938053097345,16075931.83,142264.88345132745,550367.2487000072,3776996.25,3.868609282545136,4799880.63,11276051.2,0.425670347257735,0,196,197,0.5736040609137056,3,3777004.37,0.0265486725663716,0.2349477722312536,1.0,21,95,74,0,0,4.55,0.7675620643746575,0.0153496749941263,0.5183232807583882,0.18
843,566.79,0,121,179,0.6759776536312849,11,1,11,0.9633333333333334,0.4033333333333333,0.4033333333333333,0.5966666666666667,6918110.28,23060.3676,148768.56908888227,1711549.62,6.451266157998377,6816656.66,101453.62,67.18988105106551,0,199,200,1.5,4,1712116.4,0.0133333333333333,0.2474832476940509,1.0,226,2,69,1,1,0.0,0.1626777777777777,0.3560111111111111,0.7092099967450863,0.08
682,304.83,1,340,19,17.894736842105264,10,2,11,0.9693593314763232,0.0529247910863509,0.947075208913649,0.0529247910863509,120451.46,335.5193871866296,624.6470417747555,11925.12,1.8617315887838737,114951.44,5500.02,20.90018581750612,1,199,199,1.8040201005025125,5,12334.37,0.0139275766016713,0.1024011664117645,1.0,72,3,72,1,1,0.8181818181818182,0.896951451338832,0.0028010335115338,0.5929055968511406,0.08
301,191.97,0,57,144,0.3958333333333333,5,6,11,0.945273631840796,0.2835820895522388,0.2835820895522388,0.7164179104477612,680638.61,3386.2617412935324,35280.156141852785,455909.03,10.418614636792952,676032.05,4606.56,146.75420487305064,3,194,192,1.046875,7,455909.03,0.0348258706467661,0.6698254011772856,0.0,108,61,36,0,0,2.727272727272727,0.080418801514814,0.5132546224103364,0.5712835698848844,0.08
425,397.34,0,61,29,2.103448275862069,4,6,10,0.8888888888888888,0.3222222222222222,0.6777777777777778,0.3222222222222222,15424801.67,171386.6852222222,568788.3692023356,3049828.0,3.3187430427564264,69788.18,15355013.49,0.0045449767950676,0,199,200,0.45,2,3050020.44,0.0222222222222222,0.1977348237761814,2.0,12,34,46,0,0,2.4,0.4593827160493827,0.1038271604938271,0.5301841372843253,0.08
840,525.8,0,163,180,0.9055555555555556,9,1,10,0.9708454810495628,0.4752186588921283,0.4752186588921283,0.5247813411078717,142299.32,414.8668221574344,1310.441075105524,24355.04,3.158702998448585,47657.12,94642.2,0.5035504246520052,0,199,200,1.715,4,24895.95,0.0116618075801749,0.1749548065303474,1.0,284,1,61,0,0,0.9,0.225832773759233,0.2753954559749763,0.6701946905283314,0.08
997,385.88,1,685,107,6.401869158878505,53,7,59,0.9255050505050504,0.1351010101010101,0.86489898989899,0.1351010101010101,21572150.8,27237.564141414143,267701.52096115105,5403973.5,9.828394329657272,21531975.41,40175.39,535.9493812007798,0,199,200,3.96,12,6815312.41,0.0151515151515151,0.3159310572777935,0.0,962,30,317,1,1,5.288135593220339,0.748050262728293,0.0182522829303132,0.8270202020202021,0.18
949,554.58,0,152,180,0.8444444444444444,13,1,13,0.960843373493976,0.4578313253012048,0.4578313253012048,0.5421686746987951,4364104.94,13144.894397590362,89013.74102478346,888667.5,6.77173496662711,4264280.54,99824.4,42.7178178882117,0,199,200,1.66,4,889387.85,0.0120481927710843,0.2037961649015708,1.0,272,3,80,1,1,0.0,0.2096095224270576,0.293946871824648,0.7309871071800289,0.08
577,193.71,0,67,160,0.41875,4,8,12,0.947136563876652,0.2951541850220264,0.2951541850220264,0.7048458149779736,361859.61,1594.0951982378865,21226.78964693147,320640.62,13.315885820618224,330866.01,30993.6,10.675301029890042,2,198,197,1.1522842639593909,10,320640.62,0.0440528634361233,0.8860912108980608,0.0,152,66,45,0,0,2.6666666666666665,0.0871159929360166,0.4968076228919637,0.5770337971433266,0.08
