ACCOUNT_ID,INIT_BALANCE,IS_MULE,in_tx_count,out_tx_count,in_out_ratio,unique_in_counterparties,unique_out_counterparties,unique_total_counterparties,counterparty_reuse_ratio,pass_through_ratio,fan_in_score,fan_out_score,amount_sum,amount_mean,amount_std,amount_max,amount_cv,amount_in_sum,amount_out_sum,amount_in_out_ratio,first_tx_step,last_tx_step,active_span_steps,tx_per_active_step,max_step_tx_count,max_step_amount,burst_tx_ratio,burst_amount_ratio,median_inter_tx_gap_steps,rapid_in_out_count,two_hop_out_count,two_hop_in_count,cycle_count_2hop,shared_counterparty_count,chain_middle_score,sink_score,source_score,simple_anomaly_score,simple_rule_score
0,184.44,0,20,19,1.0526315789473684,1,1,2,0.9487179487179487,0.48717948717948717,0.5128205128205128,0.48717948717948717,3856.36,98.88102564102564,83.39257274297066,184.44,0.8433627402462051,352.0,3504.36,0.1004463011791026,7,187,181,0.2154696132596685,2,202.04,0.05128205128205128,0.05239137424929208,3.5,1,8,3,0,0,0.5,0.2629848783694937,0.23734385272846814,0.33301177858796144,0.08
1,175.8,0,4,19,0.21052631578947367,1,1,2,0.9130434782608696,0.17391304347826086,0.17391304347826086,0.8260869565217391,5059232.13,219966.61434782608,979689.6096983568,4811472.5,4.453810468479573,5055891.93,3340.2000000000003,1513.649461110113,8,195,188,0.12234042553191489,1,4811472.5,0.043478260869565216,0.9510282146314564,7.5,1,17,4,0,0,0.5,0.030245746691871453,0.6824196597353497,0.3930209653370853,0.1
2,142.06,0,0,21,0.0,0,1,1,0.9523809523809523,0.0,0.0,1.0,2983.05,142.05000000000004,2.842170943040401e-14,142.05,2.000824317522281e-16,0.0,2983.05,0.0,7,198,192,0.109375,1,142.05,0.047619047619047616,0.04761904761904762,8.5,0,11,0,0,0,0.0,0.0,1.0,0.20016490610660037,0.0
3,125.89,0,3,23,0.13043478260869565,1,1,2,0.9230769230769231,0.11538461538461539,0.11538461538461539,0.8846153846153846,3011290.41,115818.86192307691,532716.830538567,2769719.75,4.5995688585886825,3008395.17,2895.24,1039.083174451859,0,192,193,0.13471502590673576,1,2769719.75,0.038461538461538464,0.9197783584081483,6.0,0,1,7,0,0,0.5,0.013313609467455627,0.7825443786982248,0.3741644076646168,0.1
4,151.13,0,0,40,0.0,0,2,2,0.95,0.0,0.0,1.0,3022.4,75.56,0.0,75.56,0.0,0.0,3022.4,0.0,7,197,191,0.2094240837696335,2,151.12,0.05,0.05,0.0,0,15,0,0,0,0.0,0.0,1.0,0.22888012227802734,0.0
5,140.49,0,0,40,0.0,0,2,2,0.95,0.0,0.0,1.0,2809.6,70.24,0.0,70.24,0.0,0.0,2809.6,0.0,14,165,152,0.2631578947368421,2,140.48,0.05,0.049999999999999996,0.0,0,15,0,0,0,0.0,0.0,1.0,0.24168564585219648,0.0
6,178.38,0,1,44,0.022727272727272728,1,2,3,0.9333333333333333,0.022222222222222223,0.022222222222222223,0.9777777777777777,312957.54,6954.612000000001,45540.05760290269,309033.18,6.548180919784265,309033.18,3924.3599999999997,78.74740849463352,28,199,172,0.2616279069767442,2,309033.18,0.044444444444444446,0.9874604075683877,0.5,0,7,12,0,0,0.6666666666666666,0.0004938271604938279,0.9560493827160493,0.3434905536131953,0.0
7,130.33,0,40,42,0.9523809523809523,2,2,4,0.9512195121951219,0.4878048780487805,0.4878048780487805,0.5121951219512195,7816.320000000001,95.32097560975609,33.13821887590971,144.11,0.3476487589843553,5079.6,2736.72,1.8560905024993426,0,197,198,0.41414141414141414,3,274.43,0.036585365853658534,0.03510987267665602,2.0,16,22,15,0,0,1.0,0.23795359904818558,0.26234384295062463,0.39765915151423525,0.08
8,147.66,0,20,42,0.47619047619047616,1,2,3,0.9516129032258065,0.3225806451612903,0.3225806451612903,0.6774193548387096,5761.860000000001,92.93322580645162,27.683204222881894,133.05,0.29788274304108003,2661.0,3100.86,0.8581490296240397,7,199,193,0.32124352331606215,2,147.66,0.03225806451612903,0.025627141235642654,2.0,0,11,2,0,0,0.6666666666666666,0.10405827263267431,0.4588969823100937,0.33590635467988555,0.08
9,158.34,0,0,44,0.0,0,2,2,0.9545454545454546,0.0,0.0,1.0,3483.04,79.15999999999998,1.4210854715202004e-14,79.16,1.7952065077314309e-16,0.0,3483.04,0.0,7,169,163,0.26993865030674846,2,158.32,0.045454545454545456,0.045454545454545456,0.0,0,2,0,0,0,0.0,0.0,1.0,0.2479049039618049,0.0
10,190.81,0,20,48,0.4166666666666667,1,2,3,0.9558823529411765,0.29411764705882354,0.29411764705882354,0.7058823529411765,8381.400000000001,123.25588235294117,43.1541473787417,190.11,0.3501183599105681,3802.2000000000003,4579.200000000001,0.8303197064989517,1,193,193,0.35233160621761656,2,190.8,0.029411764705882353,0.022764693249337817,2.0,0,9,5,0,0,0.6666666666666666,0.08650519031141868,0.4982698961937716,0.34564751155700574,0.08
11,150.47,0,25,40,0.625,2,2,4,0.9384615384615385,0.38461538461538464,0.38461538461538464,0.6153846153846154,1727065.03,26570.231230769226,206258.72774267304,1676022.37,7.7627750376450795,1724055.83,3009.2000000000003,572.9282965572245,9,198,190,0.34210526315789475,3,1676022.37,0.046153846153846156,0.9704454325034884,2.0,2,34,7,0,0,1.0,0.14792899408284024,0.37869822485207105,0.4717715960286158,0.08
12,128.18,0,41,32,1.28125,2,2,4,0.9452054794520548,0.4383561643835616,0.5616438356164384,0.4383561643835616,9670.14,132.4676712328767,71.39576835087959,235.38,0.5389674906065693,7619.58,2050.56,3.715853230337079,0,198,199,0.36683417085427134,3,369.21000000000004,0.0410958904109589,0.03818041931140605,2.0,4,45,15,0,0,1.0,0.31544379808594486,0.1921561268530681,0.3809756456431166,0.08
13,175.58,0,242,44,5.5,4,2,5,0.9825174825174825,0.15384615384615385,0.8461538461538461,0.15384615384615385,82075.56,286.9774825174825,159.67757802438078,410.48,0.5564115226868133,78212.8,3862.76,20.24790564259752,1,199,199,1.4371859296482412,4,753.2199999999999,0.013986013986013986,0.009177153345039619,1.0,110,2,36,1,1,0.6,0.7159763313609467,0.02366863905325444,0.5589462510676636,0.08
14,161.84,0,26,32,0.8125,2,2,4,0.9310344827586207,0.4482758620689655,0.4482758620689655,0.5517241379310345,1129261.79,19470.030862068965,145619.55075349586,1118848.5,7.479163838265315,1126672.67,2589.12,435.15660533308613,6,199,194,0.29896907216494845,3,1118848.5,0.05172413793103448,0.9907786749784565,2.0,10,11,13,0,0,1.0,0.2009512485136742,0.30439952437574314,0.46492917146232055,0.08
15,125.05,0,221,40,5.525,3,2,4,0.9846743295019157,0.1532567049808429,0.8467432950191571,0.1532567049808429,104970.99,402.1877011494254,217.2192687735507,547.09,0.5400942598511905,102470.19,2500.8,40.97496401151631,0,199,200,1.305,4,771.52,0.01532567049808429,0.007349840179653445,1.0,82,13,17,1,1,0.5,0.7169742076598994,0.023487617621585112,0.5455633935055992,0.08
16,190.97,0,39,40,0.975,2,2,4,0.9493670886075949,0.4936708860759494,0.4936708860759494,0.5063291139240507,8070.93,102.16367088607595,61.9700449110006,194.47,0.6065761378142355,4251.73,3819.2000000000003,1.1132514662756596,4,199,196,0.4030612244897959,3,385.43,0.0379746835443038,0.04775533922360868,1.5,14,13,7,0,0,1.0,0.24371094375901298,0.25636917160711425,0.39690605681410956,0.08
17,198.28,0,2,32,0.0625,1,2,3,0.9117647058823529,0.058823529411764705,0.058823529411764705,0.9411764705882353,979935.8,28821.641176470588,164686.65828010126,974872.87,5.713993081509465,976763.64,3172.16,307.91751992333303,5,188,184,0.18478260869565216,3,975071.13,0.08823529411764706,0.9950357258097928,0.0,2,9,7,0,0,0.6666666666666666,0.003460207612456748,0.8858131487889274,0.3537872745050982,0.0
18,181.02,0,0,38,0.0,0,2,2,0.9473684210526316,0.0,0.0,1.0,3439.38,90.51000000000003,2.842170943040401e-14,90.51,3.140173398564136e-16,0.0,3439.38,0.0,5,173,169,0.22485207100591717,2,181.02,0.05263157894736842,0.052631578947368425,0.0,0,18,0,0,0,0.0,0.0,1.0,0.2357357399122581,0.0
19,190.22,0,34,34,1.0,2,2,4,0.9411764705882353,0.5,0.5,0.5,6781.62,99.72970588235295,54.523077547104876,168.63,0.5467084963774336,3547.88,3233.74,1.097144482858857,4,198,195,0.3487179487179487,3,202.74,0.04411764705882353,0.02989551169189663,2.0,4,12,15,0,0,1.0,0.25,0.25,0.38154959908557706,0.08
20,262.03,0,37,29,1.2758620689655173,2,2,4,0.9393939393939394,0.4393939393939394,0.5606060606060606,0.4393939393939394,38854701.12,588707.5927272728,1426328.142003937,8031165.5,2.4228125467114605,4558.47,38850142.65,0.00011733470430384638,1,197,197,0.3350253807106599,2,8031165.5,0.030303030303030304,0.20669739487112032,2.0,9,4,6,0,0,1.0,0.31427915518824606,0.1930670339761249,0.5330610080365504,0.08
21,345.97,0,37,15,2.466666666666667,2,3,5,0.9038461538461539,0.28846153846153844,0.7115384615384616,0.28846153846153844,13272282.48,255236.20153846152,759105.1110169864,3462084.25,2.974127911485146,3788.81,13268493.67,0.00028554936937314,7,199,193,0.2694300518134715,3,3462262.19,0.057692307692307696,0.26086411250041447,2.0,13,35,11,0,0,1.2,0.5062869822485208,0.08321005917159761,0.47650455527595914,0.08
22,379.77,0,17,22,0.7727272727272727,2,3,5,0.8717948717948718,0.4358974358974359,0.4358974358974359,0.5641025641025641,287085.21,7361.159230769228,14389.237694522908,41148.95,1.9547515878174067,3102.8900000000003,283982.32,0.010926349217796377,9,199,191,0.20418848167539266,2,41148.95,0.05128205128205128,0.14333357681505082,3.5,4,18,12,0,0,1.2,0.19000657462195925,0.31821170282708744,0.40908626298254613,0.08
23,336.8,0,40,21,1.9047619047619047,2,3,5,0.9180327868852459,0.3442622950819672,0.6557377049180327,0.3442622950819672,12728068.25,208656.85655737706,564992.2975867153,2330416.25,2.7077581197594247,6259.6,12721808.65,0.0004920369557672918,3,199,197,0.3096446700507614,2,2330416.25,0.03278688524590164,0.1830926896546143,3.5,12,24,21,0,0,1.2,0.42999193765116905,0.11851652781510348,0.497069680469284,0.08
24,294.43,0,15,19,0.7894736842105263,2,3,5,0.8529411764705882,0.4411764705882353,0.4411764705882353,0.5588235294117647,2503915.2,73644.56470588234,264673.43384675874,1565282.5,3.593930317923626,1594233.87,909681.33,1.7525190607132721,1,188,188,0.18085106382978725,2,1565282.5,0.058823529411764705,0.6251339901606892,3.0,6,13,8,0,0,1.2,0.19463667820069203,0.31228373702422146,0.44862338165342613,0.08
25,220.14,0,199,25,7.96,3,3,5,0.9776785714285714,0.11160714285714286,0.8883928571428571,0.11160714285714286,12914021.610000001,57651.8821875,257568.94764651835,1712620.62,4.467658953593784,1632921.56,11281100.05,0.14474843346505023,0,199,200,1.12,2,1713187.4000000001,0.008928571428571428,0.13266102936310636,1.0,47,39,18,1,1,0.8,0.7892418686224489,0.0124561543367347,0.6095017194337717,0.18
26,286.83,0,223,18,12.38888888888889,3,3,5,0.979253112033195,0.07468879668049792,0.9253112033195021,0.07468879668049792,8429070.44,34975.39601659751,238547.04076854323,3242925.25,6.820424296420867,99974.69,8329095.75,0.012003066479335408,0,199,200,1.205,3,3243461.45,0.012448132780082987,0.3847946784983802,1.0,42,9,24,1,1,0.8,0.856200822988585,0.005578416349580754,0.6062175484721617,0.18
27,322.18,0,20,22,0.9090909090909091,1,3,4,0.9047619047619048,0.47619047619047616,0.47619047619047616,0.5238095238095238,11841311.370000001,281935.98500000004,703287.3156296425,2790792.25,2.4944929099052127,3838.2,11837473.17,0.0003242414951974079,3,193,191,0.2198952879581152,1,2790792.25,0.023809523809523808,0.23568270124797838,5.0,0,18,9,0,0,0.75,0.22675736961451246,0.2743764172335601,0.4985724144240556,0.08
28,382.6,0,40,19,2.1052631578947367,2,3,5,0.9152542372881356,0.3220338983050847,0.6779661016949152,0.3220338983050847,9609610.83,162874.75983050847,641931.5055165837,4578554.0,3.9412583397488574,3723.4,9605887.43,0.0003876164515910843,6,196,191,0.3089005235602094,2,4578554.0,0.03389830508474576,0.4764557151166131,3.0,0,17,26,0,0,1.2,0.45963803504740014,0.10370583165756966,0.4866067603665477,0.08
29,393.32,0,20,19,1.0526315789473684,1,3,4,0.8974358974358975,0.48717948717948717,0.5128205128205128,0.48717948717948717,19037391.28,488138.23794871796,1144487.7872789968,4611325.0,2.3445976944736557,2049.0,19035342.28,0.00010764187845221136,0,194,195,0.2,2,4611427.45,0.05128205128205128,0.2422300084174138,5.0,8,34,8,0,0,0.75,0.2629848783694937,0.23734385272846814,0.5052030970256756,0.08
30,295.4,0,42,13,3.230769230769231,3,3,6,0.8909090909090909,0.23636363636363636,0.7636363636363637,0.23636363636363636,7039869.26,127997.6229090909,697694.6527120791,4986449.5,5.450840701999678,6700009.94,339859.32,19.71406857402057,6,198,193,0.2849740932642487,2,4986449.5,0.03636363636363636,0.708315639941302,2.0,7,24,13,0,0,1.5,0.5831404958677686,0.05586776859504131,0.4569405063813372,0.08
31,373.06,0,4,24,0.16666666666666666,2,3,5,0.8214285714285714,0.14285714285714285,0.14285714285714285,0.8571428571428571,17871773.44,638277.6228571429,1117687.3470004147,5328285.5,1.751099062500851,1717789.1600000001,16153984.280000001,0.10633841968800034,15,195,181,0.15469613259668508,1,5328285.5,0.03571428571428571,0.2981397183602614,7.0,1,9,10,0,0,1.2,0.020408163265306128,0.7346938775510204,0.4223509661070177,0.1
32,252.1,0,60,18,3.3333333333333335,3,3,6,0.9230769230769231,0.23076923076923078,0.7692307692307693,0.23076923076923078,4020192.31,51540.92705128206,190118.60409930267,1422858.37,3.6886919769630637,9367.0,4010825.31,0.0023354295627500167,2,198,197,0.39593908629441626,2,1422858.37,0.02564102564102564,0.35392793684538937,2.0,12,25,19,0,0,1.5,0.591715976331361,0.05325443786982248,0.471483976502633,0.08
33,361.01,0,48,25,1.92,2,3,5,0.9315068493150684,0.3424657534246575,0.6575342465753424,0.3424657534246575,27318029.23,374219.57849315077,1186078.6718954812,5004488.5,3.169472523782423,10921.92,27307107.31,0.0003999662020590639,0,198,199,0.36683417085427134,2,5004488.5,0.0273972602739726,0.18319361392673933,2.0,12,17,10,0,0,1.2,0.4323512854194032,0.11728279226871834,0.5214318944476695,0.08
34,309.74,0,202,29,6.9655172413793105,4,3,5,0.9783549783549783,0.12554112554112554,0.8744588744588745,0.12554112554112554,45305230.05,196126.5370129871,1056268.4900762264,11475748.0,5.385647991155233,90224.97,45215005.08,0.0019954652186893,1,199,199,1.1608040201005025,2,11476246.45,0.008658008658008658,0.2533095282230004,1.0,58,2,30,2,2,0.4,0.7646783231198816,0.01576057420213264,0.6289097704279365,0.18
35,202.81,0,206,21,9.80952380952381,4,3,6,0.973568281938326,0.09251101321585903,0.9074889867841409,0.09251101321585903,16924463.44,74557.10766519823,469624.94321930595,4984061.5,6.298862146425746,2483057.67,14441405.77,0.17194016355098926,3,199,197,1.1522842639593909,3,4984559.53,0.013215859030837005,0.2945180240231001,1.0,43,42,22,1,1,1.0,0.8235362611345067,0.00855828756622485,0.6162711713784323,0.18
36,343.94,0,40,19,2.1052631578947367,2,3,5,0.9152542372881356,0.3220338983050847,0.6779661016949152,0.3220338983050847,6714525.970000001,113805.52491525424,311948.81268850097,1442595.5,2.7410691433548147,4435.6,6710090.37,0.0006610343162934183,2,194,193,0.30569948186528495,2,1442709.76,0.03389830508474576,0.21486397795554282,2.0,8,8,12,0,0,1.2,0.45963803504740014,0.10370583165756966,0.4783636507704841,0.08
37,279.76,0,1,16,0.0625,1,3,4,0.7647058823529411,0.058823529411764705,0.058823529411764705,0.9411764705882353,9875672.94,580921.9376470589,842739.1672891229,2414923.0,1.4506926192226743,7662.58,9868010.36,0.0007765070891149734,13,193,181,0.09392265193370165,1,2414923.0,0.058823529411764705,0.244532500688505,9.5,0,14,7,0,0,0.75,0.003460207612456748,0.8858131487889274,0.3754298632470651,0.1
38,364.97,0,20,20,1.0,1,3,4,0.9,0.5,0.5,0.5,8432558.25,210813.95625,552803.995309878,3148946.0,2.62223623683775,2049.0,8430509.25,0.0002430458160045314,0,192,193,0.20725388601036268,2,3148946.0,0.05,0.3734271269338697,4.0,7,22,8,0,0,0.75,0.25,0.25,0.49286049882200833,0.08
39,333.63,0,0,16,0.0,0,3,3,0.8125,0.0,0.0,1.0,1937625.31,121101.58187499999,281899.24057363096,1190401.12,2.3277915631573247,0.0,1937625.31,0.0,3,183,181,0.08839779005524862,1,1190401.12,0.0625,0.6143608435833242,8.0,0,17,0,0,0,0.0,0.0,1.0,0.328213362251431,0.1
40,400.23,0,38,180,0.2111111111111111,2,1,2,0.9908256880733946,0.1743119266055046,0.1743119266055046,0.8256880733944955,72846.88,334.16,143.91376247377383,400.23,0.4306732178410756,805.48,72041.40000000001,0.011180793266094217,1,199,199,1.0954773869346734,3,447.07,0.013761467889908258,0.006137119393445539,1.0,65,4,8,1,1,0.0,0.030384647756922813,0.6817607945459137,0.5108039972240752,0.08
41,498.72,0,61,180,0.3388888888888889,3,1,3,0.9875518672199171,0.25311203319502074,0.25311203319502074,0.7468879668049793,95109.87000000001,394.64676348547727,181.6113944351926,498.72,0.4601872135760611,5340.27,89769.6,0.059488624211314296,0,199,200,1.205,3,663.0,0.012448132780082987,0.006970885356062414,1.0,115,33,31,1,1,0.0,0.06406570134811727,0.5578416349580758,0.5488778184054516,0.08
42,573.52,0,38,180,0.2111111111111111,3,1,3,0.9862385321100917,0.1743119266055046,0.1743119266055046,0.8256880733944955,4533130.97,20794.178761467887,299003.3274781256,4425387.5,14.379184237474476,4429897.37,103233.59999999999,42.911390961857386,0,199,200,1.09,3,4426157.18,0.013761467889908258,0.9764017870412423,1.0,72,16,14,1,1,0.0,0.030384647756922813,0.6817607945459137,0.5956310516051861,0.18
43,448.78,0,60,179,0.33519553072625696,3,1,3,0.9874476987447699,0.2510460251046025,0.2510460251046025,0.7489539748953975,88723.62999999999,371.2285774058578,134.36193523396878,448.77,0.3619385559508615,8393.8,80329.83,0.10449169380789178,1,199,199,1.2010050251256281,2,577.71,0.008368200836820083,0.006511343144999817,1.0,100,5,27,1,1,0.0,0.0630241067208207,0.5609320565116157,0.5464254355155925,0.08
44,465.04,0,219,177,1.2372881355932204,3,1,3,0.9924242424242424,0.44696969696969696,0.553030303030303,0.44696969696969696,167118.49,422.01638888888886,90.76308994744704,465.04,0.21507005968752488,84806.41,82312.08,1.0303033285029366,3,199,197,2.010152284263959,3,1105.6200000000001,0.007575757575757576,0.006615785003801795,0.0,374,1,48,1,1,0.0,0.30584251606978874,0.19978191000918274,0.7018742653217136,0.2
45,574.09,0,217,177,1.2259887005649717,4,1,4,0.9898477157360406,0.44923857868020306,0.550761421319797,0.44923857868020306,209173.66,530.8976142131979,204.53449129134813,3859.29,0.38526165086364683,107559.73,101613.93000000001,1.058513630955913,0,199,200,1.97,4,4970.74,0.01015228426395939,0.023763699502126603,1.0,377,0,34,1,1,0.0,0.3033381432142029,0.20181530057460897,0.7025607395119309,0.2
46,438.21,0,40,180,0.2222222222222222,2,1,2,0.990909090909091,0.18181818181818182,0.18181818181818182,0.8181818181818182,83499.2,379.5418181818181,124.56371416910828,438.2,0.32819496614582927,4623.2,78876.0,0.058613519955372985,0,199,200,1.1,2,567.17,0.00909090909090909,0.006792520167857896,1.0,60,29,23,1,1,0.0,0.033057851239669415,0.6694214876033058,0.5158464824015844,0.08
47,513.5,0,0,180,0.0,0,1,1,0.9944444444444445,0.0,0.0,1.0,92430.0,513.5,0.0,513.5,0.0,0.0,92430.0,0.0,0,199,200,0.9,1,513.5,0.005555555555555556,0.005555555555555556,1.0,0,1,0,0,0,0.0,0.0,1.0,0.4486225339468044,0.0
48,447.72,0,200,178,1.1235955056179776,3,1,4,0.9894179894179894,0.4708994708994709,0.5291005291005291,0.4708994708994709,450417.29,1191.580132275132,14984.27435765533,292119.18,12.575129403211221,370723.13,79694.16,4.65182304449912,3,199,197,1.9187817258883249,3,292119.18,0.007936507936507936,0.6485523235575615,0.0,379,9,26,0,0,0.75,0.2799473698944598,0.22174631169340164,0.7170734711788849,0.2
49,593.51,0,17,180,0.09444444444444444,1,1,1,0.9949238578680203,0.08629441624365482,0.08629441624365482,0.9137055837563451,112274.18,569.9196954314723,76.76183355198448,593.51,0.13468885909245507,5442.38,106831.8,0.0509434456781595,0,199,200,0.985,2,913.65,0.01015228426395939,0.0081376679838588,1.0,31,3,35,1,1,0.0,0.00744672627483316,0.8348578937875234,0.48433242827384,0.08
50,560.64,0,19,180,0.10555555555555556,1,1,1,0.9949748743718593,0.09547738693467336,0.09547738693467336,0.9045226130653267,101112.42,508.1026130653267,161.70666501028884,560.64,0.3182559208556919,197.22000000000003,100915.2,0.0019543141171993916,0,198,199,1.0,2,571.02,0.010050251256281407,0.0056473774438392434,1.0,32,17,15,1,1,0.0,0.009115931415873333,0.8181611575465266,0.48647678142371825,0.08
51,489.59,0,18,180,0.1,1,1,2,0.98989898989899,0.09090909090909091,0.09090909090909091,0.9090909090909091,88410.42,446.51727272727277,136.17630044046905,489.58,0.30497431736228453,286.02,88124.4,0.003245639119245067,0,199,200,0.99,2,505.46999999999997,0.010101010101010102,0.005717312506828946,1.0,33,3,4,0,0,0.5,0.008264462809917359,0.8264462809917354,0.48112724601559115,0.08
52,416.09,0,43,178,0.24157303370786518,2,1,2,0.9909502262443439,0.19457013574660634,0.19457013574660634,0.8054298642533937,76410.66,345.74959276018103,143.52164726854198,416.08,0.4151028671437699,2348.42,74062.23999999999,0.031708735787629436,3,199,197,1.1218274111675126,3,524.14,0.013574660633484163,0.006859514104445636,1.0,84,4,3,1,1,0.0,0.037857537724452814,0.6487172662312402,0.5199627809357952,0.08
53,464.01,0,40,180,0.2222222222222222,2,1,2,0.990909090909091,0.18181818181818182,0.18181818181818182,0.8181818181818182,88677.2,403.0781818181819,129.69666925128044,464.01,0.32176554103288885,5155.4,83521.8,0.06172520228251785,0,199,200,1.1,2,617.95,0.00909090909090909,0.00696853306148593,1.0,80,14,12,1,1,0.0,0.033057851239669415,0.6694214876033058,0.5170945465646972,0.08
54,501.59,0,24,178,0.1348314606741573,2,1,2,0.9900990099009901,0.1188118811881188,0.1188118811881188,0.8811881188118812,265656.3,1315.1301980198014,11825.120286493644,168871.59,8.991596652786766,176375.06,89281.23999999999,1.975499668239375,3,199,197,1.0253807106598984,2,169373.16999999998,0.009900990099009901,0.6375650417475512,1.0,45,7,4,1,1,0.0,0.01411626311145966,0.776492500735222,0.5153356338754812,0.08
55,586.57,0,26,180,0.14444444444444443,2,1,2,0.9902912621359223,0.1262135922330097,0.1262135922330097,0.8737864077669902,9576156.06,46486.19446601942,514342.0010734199,7199816.0,11.06440324878378,9470573.46,105582.6,89.69824061919294,0,199,200,1.03,2,7199816.0,0.009708737864077669,0.7518482316797164,1.0,50,5,21,1,1,0.0,0.015929870864360457,0.7635026863983411,0.5919300090103488,0.18
56,421.81,0,222,180,1.2333333333333334,3,1,3,0.9925373134328358,0.44776119402985076,0.5522388059701493,0.44776119402985076,177081.75,440.5018656716418,122.01849409106231,530.54,0.27699881339893606,101157.75,75924.0,1.332355381697487,0,199,200,2.01,3,1200.22,0.007462686567164179,0.006777773542445791,0.0,387,0,11,1,1,0.0,0.3049676988193362,0.20049008687903763,0.70321714474603,0.2
57,510.25,0,3,176,0.017045454545454544,1,1,2,0.9888268156424581,0.01675977653631285,0.01675977653631285,0.9832402234636871,3881243.09,21682.922290502793,267864.8526016805,3590217.0,12.353724696924564,3791439.09,89804.0,42.21904469734088,5,199,195,0.9179487179487179,2,3590727.25,0.0111731843575419,0.925148764644886,1.0,6,1,6,0,0,0.5,0.00028089010954714333,0.9667613370369214,0.5326013329317201,0.1
58,541.31,0,254,180,1.4111111111111112,5,1,5,0.988479262672811,0.4147465437788018,0.5852534562211982,0.4147465437788018,2685496.27,6187.779423963133,113573.10690264676,2366573.5,18.354420725279464,2588062.27,97433.99999999999,26.562208982490716,0,199,200,2.17,5,2367965.5999999996,0.01152073732718894,0.8817608970277958,0.0,457,11,31,1,1,0.0,0.34252160801885795,0.17201469557646157,0.7700777220200647,0.2
59,509.49,0,239,180,1.3277777777777777,4,1,4,0.9904534606205251,0.4295942720763723,0.5704057279236276,0.4295942720763723,205421.1,490.265155131265,137.34219698341553,580.1,0.280138605703363,113714.7,91706.40000000001,1.2399865222056474,0,199,200,2.095,3,1276.46,0.007159904534606206,0.006213869948121201,0.0,436,13,31,1,1,0.0,0.3253626944480835,0.1845512386008282,0.7118364685002003,0.2
60,181.45,0,57,80,0.7125,3,4,7,0.948905109489051,0.41605839416058393,0.41605839416058393,0.583941605839416,21540.19,157.22766423357663,57.07430081501041,196.85,0.36300418945498747,7024.99,14515.2,0.48397472993827156,2,197,196,0.6989795918367347,4,725.76,0.029197080291970802,0.03369329611298694,0.0,0,11,33,0,0,1.7142857142857142,0.17310458735148385,0.3409877990303159,0.4647843932162815,0.08
61,154.03,0,20,80,0.25,1,4,5,0.95,0.2,0.2,0.8,15778.0,157.78,7.5199999999999925,172.82,0.0476613005450627,3456.3999999999996,12321.6,0.2805155174652642,6,198,193,0.5181347150259067,4,616.08,0.04,0.03904677398909875,0.0,0,13,6,0,0,0.8,0.039999999999999994,0.6400000000000001,0.37804214310390816,0.08
62,196.38,0,39,80,0.4875,3,4,7,0.9411764705882353,0.3277310924369748,0.3277310924369748,0.6722689075630253,589051.3,4950.010924369749,45356.08856953599,491344.78,9.162825953825722,573340.9,15710.4,36.49435405845809,0,199,200,0.595,4,491344.78,0.03361344537815126,0.8341290138906408,0.0,24,44,14,0,0,1.7142857142857142,0.1074076689499329,0.4519454840759834,0.49494806903441524,0.08
63,160.32,1,38,101,0.37623762376237624,3,6,9,0.935251798561151,0.2733812949640288,0.2733812949640288,0.7266187050359713,20205.11,145.3605035971223,51.20301985422767,190.27,0.35224850345965186,4157.3,16047.81,0.25905715483919617,2,193,192,0.7239583333333334,6,821.3699999999999,0.04316546762589928,0.04065159754141402,0.0,135,45,16,0,0,2.0,0.07473733243620931,0.5279747425081517,0.4397294834178364,0.08
64,158.76,0,36,80,0.45,2,4,6,0.9482758620689655,0.3103448275862069,0.3103448275862069,0.6896551724137931,15526.16,133.84620689655173,50.73277335715954,158.75,0.37903781163085437,2826.1600000000003,12700.0,0.22253228346456697,3,196,194,0.5979381443298969,5,644.11,0.04310344827586207,0.04148546710841573,0.0,28,30,25,0,0,1.3333333333333333,0.09631391200951248,0.47562425683709875,0.4166534352262989,0.08
65,144.5,0,20,80,0.25,1,4,5,0.95,0.2,0.2,0.8,14872.2,148.722,8.444000000000006,165.61,0.05677707400384614,3312.2000000000003,11560.0,0.286522491349481,2,194,193,0.5181347150259067,4,578.0,0.04,0.038864458519923074,0.0,0,42,4,0,0,0.8,0.039999999999999994,0.6400000000000001,0.3768157782760171,0.08
66,159.63,0,204,80,2.55,2,4,5,0.9823943661971831,0.28169014084507044,0.7183098591549296,0.28169014084507044,104361.98,367.4717605633803,145.70262793215858,478.51,0.39650020374022255,91591.58,12770.4,7.172177848775293,1,199,199,1.4271356783919598,5,1117.03,0.017605633802816902,0.010703419003740635,1.0,160,25,18,1,1,0.6,0.5159690537591748,0.0793493354493156,0.5881370381614247,0.08
67,138.49,0,1,80,0.0125,1,4,5,0.9382716049382716,0.012345679012345678,0.012345679012345678,0.9876543209876543,14597.82,180.22,373.2444668042648,3518.62,2.0710490889150193,3518.62,11079.2,0.3175879124846559,6,196,191,0.42408376963350786,4,3518.62,0.04938271604938271,0.2410373603729872,0.0,0,57,10,0,0,0.8,0.00015241579027587326,0.9754610577655844,0.3178318396913135,0.0
68,157.57,0,205,80,2.5625,4,4,7,0.9754385964912281,0.2807017543859649,0.7192982456140351,0.2807017543859649,3779830.84,13262.56435087719,160132.81374625652,2571109.0,12.07404612786405,3767225.24,12605.599999999999,298.8533064669671,0,199,200,1.425,5,2571739.2799999993,0.017543859649122806,0.6803847549960726,1.0,88,70,44,1,1,1.2857142857142858,0.5173899661434288,0.07879347491535857,0.662111220420166,0.08
69,129.03,0,184,80,2.3,3,4,6,0.9772727272727273,0.30303030303030304,0.696969696969697,0.30303030303030304,806693.67,3055.657840909091,39560.0564493854,642875.56,12.946494178685876,796372.0700000001,10321.6,77.15587408928849,0,199,200,1.32,5,643389.65,0.01893939393939394,0.7975637765944041,1.0,164,18,26,1,1,1.0,0.4857667584940313,0.09182736455463728,0.619957056560337,0.08
70,118.94,1,47,101,0.46534653465346537,3,6,8,0.9459459459459459,0.31756756756756754,0.31756756756756754,0.6824324324324325,14358.199999999999,97.01486486486486,39.62706600439747,118.94,0.4084638581891063,2444.35,11913.85,0.2051687741578079,0,197,198,0.7474747474747475,6,614.55,0.04054054054054054,0.04280132607151314,0.0,30,41,72,1,1,1.25,0.10084915997078157,0.4657140248356465,0.4459437559078363,0.08
71,118.67,0,40,80,0.5,2,4,6,0.95,0.3333333333333333,0.3333333333333333,0.6666666666666666,14761.4,123.01166666666668,6.194692396631887,132.94,0.050358576259421625,5268.6,9492.8,0.5550101129276926,3,195,193,0.6217616580310881,4,474.64,0.03333333333333333,0.03215413172192339,0.0,0,40,22,0,0,1.3333333333333333,0.11111111111111112,0.4444444444444445,0.4250782594318989,0.08
72,161.28,0,5,80,0.0625,2,4,6,0.9294117647058824,0.058823529411764705,0.058823529411764705,0.9411764705882353,1505285.1400000001,17709.236941176474,108608.12236103199,837972.93,6.132851614204945,1492383.54,12901.6,115.67429931171327,1,191,191,0.44502617801047123,4,837972.93,0.047058823529411764,0.5566871735676604,0.0,4,10,17,0,0,1.3333333333333333,0.003460207612456748,0.8858131487889274,0.4281013524539755,0.08
73,165.67,1,22,101,0.21782178217821782,2,5,7,0.943089430894309,0.17886178861788618,0.17886178861788618,0.8211382113821138,3941625.84,32045.73853658537,352445.72940977017,3924936.0,10.998208982058461,3925055.07,16570.77,236.8661848544153,6,199,194,0.634020618556701,6,3925764.3,0.04878048780487805,0.9959758889747892,0.0,5,43,15,0,0,1.4285714285714286,0.031991539427589394,0.6742679621918171,0.5125668352091362,0.18
74,147.65,0,18,80,0.225,1,4,5,0.9489795918367347,0.1836734693877551,0.1836734693877551,0.8163265306122449,12092.179999999998,123.38959183673467,51.12434932310585,147.64,0.41433275337154873,280.98,11811.199999999999,0.02378928474668112,7,197,191,0.5130890052356021,4,590.56,0.04081632653061224,0.04883817475426267,0.0,0,31,3,0,0,0.8,0.03373594335693461,0.6663890045814245,0.368161489832725,0.08
75,108.98,0,25,80,0.3125,3,4,7,0.9333333333333333,0.23809523809523808,0.23809523809523808,0.7619047619047619,4349878.94,41427.41847619048,380035.40173148876,3899392.25,9.173523615764422,4341160.54,8718.4,497.9308749311801,8,199,192,0.546875,5,3899392.25,0.047619047619047616,0.8964369592317895,0.0,84,34,15,0,0,1.7142857142857142,0.05668934240362813,0.5804988662131518,0.5084041908948451,0.08
76,175.76,0,5,80,0.0625,1,4,5,0.9411764705882353,0.058823529411764705,0.058823529411764705,0.9411764705882353,683184.53,8037.46505882353,57100.21291071734,521296.56,7.104256440658827,669124.53,14060.0,47.59064935988621,6,196,191,0.44502617801047123,4,521296.56,0.047058823529411764,0.7630391747892769,0.0,0,34,2,0,0,0.8,0.003460207612456748,0.8858131487889274,0.4117141748198292,0.08
77,187.68,0,232,80,2.9,4,4,7,0.9775641025641025,0.2564102564102564,0.7435897435897436,0.2564102564102564,411293.72000000003,1318.249102564103,15822.472618030864,280285.34,12.002642434768099,396280.12000000005,15013.599999999999,26.394743432621095,0,199,200,1.56,6,280839.92000000004,0.019230769230769232,0.6828208317890193,1.0,212,28,36,1,1,1.2857142857142858,0.5529257067718607,0.06574621959237342,0.6290859946887033,0.08
78,192.34,0,203,80,2.5375,4,4,7,0.9752650176678446,0.2826855123674912,0.7173144876325088,0.2826855123674912,553895.42,1957.2276325088337,26923.481253149654,453993.12,13.755927417925486,538509.02,15386.400000000001,34.9990264129361,0,199,200,1.415,4,454406.41,0.014134275618374558,0.820383042705065,1.0,80,31,26,1,1,1.2857142857142858,0.5145400741674887,0.079911098902471,0.6213088173248185,0.08
79,184.25,0,62,80,0.775,4,4,8,0.9436619718309859,0.43661971830985913,0.43661971830985913,0.5633802816901409,1057870.34,7449.791126760564,86482.39654376659,1034370.75,11.608700844391624,1043130.34,14740.0,70.76867978290366,0,198,199,0.7135678391959799,5,1034370.75,0.035211267605633804,0.9777859449202441,0.0,28,46,20,0,0,2.0,0.19063677841698073,0.3173973417972625,0.5524911514604615,0.08
80,379.63,0,43,17,2.5294117647058822,2,1,3,0.95,0.2833333333333333,0.7166666666666667,0.2833333333333333,9120.49,152.00816666666663,146.8780877745403,379.63,0.9662512942256852,2666.7799999999997,6453.71,0.4132165839493872,4,196,193,0.31088082901554404,2,483.46,0.03333333333333333,0.05300811688845665,1.0,11,1,10,0,0,0.6666666666666666,0.5136111111111111,0.08027777777777777,0.3349887551806169,0.08
81,384.62,0,0,18,0.0,0,1,1,0.9444444444444444,0.0,0.0,1.0,6922.9800000000005,384.60999999999996,5.684341886080802e-14,384.61,1.477949581675152e-16,0.0,6922.9800000000005,0.0,3,192,190,0.09473684210526316,1,384.61,0.05555555555555555,0.05555555555555555,9.0,0,1,0,0,0,0.0,0.0,1.0,0.2132498850835885,0.0
82,308.12,0,15,19,0.7894736842105263,2,1,3,0.9117647058823529,0.4411764705882353,0.4411764705882353,0.5588235294117647,3336879.63,98143.51852941175,562706.4714791017,3330646.0,5.733506194914637,3331025.54,5854.09,569.0082557664812,3,193,191,0.17801047120418848,2,3330646.0,0.058823529411764705,0.9981318984526871,7.0,4,1,12,0,0,0.6666666666666666,0.19463667820069203,0.31228373702422146,0.45378729517148064,0.08
83,278.26,0,80,19,4.2105263157894735,4,1,5,0.9494949494949495,0.1919191919191919,0.8080808080808081,0.1919191919191919,18520.14,187.07212121212117,52.095491715854074,278.26,0.27847811516919174,13233.2,5286.94,2.502997953447552,1,199,199,0.49748743718592964,2,389.6,0.020202020202020204,0.02103655803897811,1.0,2,2,34,0,0,0.8,0.6529945923885317,0.03683297622691562,0.37523903364923517,0.08
84,341.06,0,20,20,1.0,1,1,2,0.95,0.5,0.5,0.5,8903.4,222.58499999999998,118.465,341.05,0.5322236448997013,2082.4,6821.0,0.3052924791086351,8,198,191,0.2094240837696335,1,341.05,0.025,0.03830559112249254,5.0,6,5,6,0,0,0.5,0.25,0.25,0.35128703707061704,0.08
85,255.13,0,60,26,2.3076923076923075,3,1,4,0.9534883720930233,0.3023255813953488,0.6976744186046512,0.3023255813953488,10460.38,121.63232558139534,109.95694281700196,255.13,0.9040108564184255,3827.0,6633.38,0.5769306145584905,3,198,196,0.4387755102040816,3,440.81999999999994,0.03488372093023256,0.04214187247499612,2.0,25,8,27,0,0,0.75,0.48674959437533805,0.09140075716603568,0.37229583224727036,0.08
86,362.33,0,51,22,2.3181818181818183,3,1,4,0.9452054794520548,0.3013698630136986,0.6986301369863014,0.3013698630136986,10982.54,150.44575342465754,147.20570793651274,362.32,0.9784636959542538,3011.5,7971.04,0.37780515465986875,0,198,199,0.36683417085427134,2,492.81,0.0273972602739726,0.04487213340447656,2.0,14,7,31,0,0,0.75,0.4880840683054982,0.09082379433289546,0.3562180928129891,0.08
87,369.9,0,0,19,0.0,0,1,1,0.9473684210526316,0.0,0.0,1.0,7027.91,369.89000000000004,5.684341886080802e-14,369.89,1.536765494087648e-16,0.0,7027.91,0.0,3,184,182,0.1043956043956044,1,369.89,0.05263157894736842,0.05263157894736842,8.5,0,4,0,0,0,0.0,0.0,1.0,0.21645547386524755,0.0
88,379.01,0,39,22,1.7727272727272727,3,1,4,0.9344262295081968,0.36065573770491804,0.639344262295082,0.36065573770491804,1428349.84,23415.571147540984,178985.65799967002,1409830.75,7.643873253053937,1420011.62,8338.22,170.3015295830525,3,195,193,0.3160621761658031,2,1409830.75,0.03278688524590164,0.9870346259148949,1.5,17,33,41,0,0,0.75,0.40876108572964265,0.13007256113947863,0.4565854496294759,0.08
89,317.96,0,235,17,13.823529411764707,5,1,6,0.9761904761904762,0.06746031746031746,0.9325396825396826,0.06746031746031746,879143.71,3488.6655158730173,47396.59939822299,754166.37,13.5858823904367,873738.56,5405.15,161.64927152807974,5,199,195,1.2923076923076924,3,755052.26,0.011904761904761904,0.8588496413174588,1.0,46,1,94,0,0,0.8333333333333334,0.869630259511212,0.0045508944318468116,0.5706715650526553,0.08
90,389.95,0,23,21,1.0952380952380953,3,1,4,0.9090909090909091,0.4772727272727273,0.5227272727272727,0.4772727272727273,1255223.25,28527.801136363632,143811.72723308756,931286.68,5.041108024613035,1247034.3,8188.95,152.2825636986427,9,196,188,0.23404255319148937,2,931286.68,0.045454545454545456,0.741929118983416,2.0,7,1,19,0,0,0.75,0.2732438016528925,0.22778925619834714,0.45603169728457615,0.08
91,315.94,0,21,25,0.84,2,1,3,0.9347826086956522,0.45652173913043476,0.45652173913043476,0.5434782608695652,87216.28,1896.006086956522,11198.57003988795,77015.38,5.906399835384468,79317.78,7898.5,10.042132050389315,1,199,199,0.23115577889447236,1,77015.38,0.021739130434782608,0.8830390381245337,4.0,0,18,14,0,0,0.6666666666666666,0.20841209829867674,0.2953686200378072,0.3957926727464135,0.08
92,290.11,0,16,21,0.7619047619047619,2,1,3,0.9189189189189189,0.43243243243243246,0.43243243243243246,0.5675675675675675,921941.27,24917.331621621623,148431.3965964961,915505.37,5.956953932727576,915849.17,6092.1,150.33390292345825,2,184,183,0.20218579234972678,2,915505.37,0.05405405405405406,0.9930191865692268,2.0,5,1,13,0,0,0.6666666666666666,0.18699780861943027,0.32213294375456536,0.43204699776447053,0.08
93,332.05,1,21,24,0.875,2,2,4,0.9111111111111111,0.4666666666666667,0.4666666666666667,0.5333333333333333,231329.83000000002,5140.662888888889,32557.49986806362,221101.57,6.333327154837155,223688.17,7641.660000000001,29.272196093518946,3,196,194,0.23195876288659795,2,221101.57,0.044444444444444446,0.9557849499997471,3.0,6,7,14,0,0,1.0,0.2177777777777778,0.28444444444444444,0.41827109609267427,0.08
94,399.25,0,0,22,0.0,0,1,1,0.9545454545454546,0.0,0.0,1.0,8783.5,399.25,0.0,399.25,0.0,0.0,8783.5,0.0,15,196,182,0.12087912087912088,1,399.25,0.045454545454545456,0.045454545454545456,8.0,0,1,0,0,0,0.0,0.0,1.0,0.2259606891128891,0.0
95,383.39,0,24,15,1.6,2,1,3,0.9230769230769231,0.38461538461538464,0.6153846153846154,0.38461538461538464,431365.32,11060.649230769232,67188.88925348177,425239.34,6.0745881956523275,425614.47000000003,5750.849999999999,74.00896737004096,5,194,190,0.20526315789473684,2,425239.34,0.05128205128205128,0.9857986265562564,4.0,4,6,10,0,0,0.6666666666666666,0.37869822485207105,0.14792899408284024,0.40757014180440665,0.08
96,358.67,0,24,26,0.9230769230769231,3,1,4,0.92,0.48,0.48,0.52,4041813.79,80836.2758,399155.22643336444,2561584.75,4.937823056333385,4032488.37,9325.42,432.41895485672495,1,196,196,0.25510204081632654,2,2561618.06,0.04,0.633779335984699,3.0,1,1,8,0,0,0.75,0.2304,0.27040000000000003,0.4864088125464231,0.08
97,216.47,0,59,16,3.6875,3,1,4,0.9466666666666667,0.21333333333333335,0.7866666666666666,0.21333333333333335,6898.83,91.9844,88.87769083768997,216.47,0.9662256952014686,3435.31,3463.52,0.9918551069432254,2,192,191,0.39267015706806285,2,370.40999999999997,0.02666666666666667,0.0536917129426294,2.0,8,2,36,0,0,0.75,0.6188444444444444,0.04551111111111112,0.3351352334815965,0.08
98,322.56,0,34,18,1.8888888888888888,2,1,3,0.9423076923076923,0.34615384615384615,0.6538461538461539,0.34615384615384615,6157.8,118.41923076923078,148.5271765063443,322.55,1.2542487866331973,351.9,5805.900000000001,0.06061075802201208,3,196,194,0.26804123711340205,2,333.22,0.038461538461538464,0.05411348208775862,2.0,10,7,20,0,0,0.6666666666666666,0.4275147928994083,0.11982248520710058,0.3284607776141435,0.08
99,297.29,0,42,22,1.9090909090909092,3,1,4,0.9375,0.34375,0.65625,0.34375,415689.32,6495.145625,49882.08328744839,402421.53,7.67990221734996,409148.94,6540.38,62.55736516838471,2,195,194,0.32989690721649484,2,402590.14,0.03125,0.9684880525677205,3.0,13,2,24,0,0,0.75,0.4306640625,0.1181640625,0.4310439709189281,0.08
100,163.01,0,39,80,0.4875,2,4,6,0.9495798319327731,0.3277310924369748,0.3277310924369748,0.6722689075630253,3731.62,31.358151260504208,13.511690298901271,40.75,0.43088287273871695,471.62,3260.0,0.1446687116564417,4,195,192,0.6197916666666666,5,172.92000000000002,0.04201680672268908,0.046339123490601944,0.0,8,39,8,0,0,1.3333333333333333,0.1074076689499329,0.4519454840759834,0.39503498607138443,0.08
101,184.51,0,23,80,0.2875,2,4,5,0.9514563106796117,0.22330097087378642,0.22330097087378642,0.7766990291262136,2975873.2,28891.97281553399,269205.6819813602,2738539.0,9.31766354967009,2972183.6,3689.6,805.5571335646141,5,198,194,0.5309278350515464,4,2738539.0,0.038834951456310676,0.9202472067694282,0.0,24,12,9,1,1,0.6,0.049863323593175614,0.6032613818456027,0.49415712485574426,0.08
102,124.3,0,0,88,0.0,0,4,4,0.9545454545454546,0.0,0.0,1.0,2734.16,31.069999999999997,3.552713678800501e-15,31.07,1.143454676150789e-16,0.0,2734.16,0.0,9,192,184,0.4782608695652174,4,124.28,0.045454545454545456,0.045454545454545456,0.0,0,42,0,0,0,0.0,0.0,1.0,0.2929209552222424,0.0
103,173.15,0,29,104,0.27884615384615385,2,4,6,0.9548872180451128,0.21804511278195488,0.21804511278195488,0.7819548872180451,549637.64,4132.613834586468,43534.059091161515,503376.59,10.53426737500088,545136.52,4501.12,121.11130563059861,8,199,192,0.6927083333333334,5,503549.71000000014,0.03759398496240601,0.9161485192316889,0.0,48,31,9,0,0,1.3333333333333333,0.04754367120809543,0.6114534456441856,0.4911595097014305,0.08
104,111.71,0,47,88,0.5340909090909091,3,4,7,0.9481481481481482,0.34814814814814815,0.34814814814814815,0.6518518518518519,416179.73,3082.8128148148144,27604.315299124723,310501.87,8.95426253792283,413722.77,2456.96,168.3880771359729,0,199,200,0.675,5,310501.87,0.037037037037037035,0.7460763886794776,0.0,40,23,18,0,0,1.7142857142857142,0.1212071330589849,0.4249108367626887,0.5079460948677287,0.08
105,122.05,0,217,104,2.0865384615384617,3,4,6,0.9813084112149533,0.32398753894080995,0.67601246105919,0.32398753894080995,92302.36,287.546292834891,234.9201380378603,498.05,0.8169819743520442,89129.32,3173.04,28.089567102841443,3,199,197,1.6294416243654823,7,644.63,0.021806853582554516,0.006983895103007117,1.0,256,15,15,1,1,1.0,0.45699284750730285,0.10496792538892286,0.6204214804743385,0.08
106,179.46,0,3,92,0.03260869565217391,1,4,5,0.9473684210526316,0.031578947368421054,0.031578947368421054,0.968421052631579,815529.05,8584.516315789473,79017.55209444837,773851.37,9.204659783698197,811401.93,4127.12,196.60245643451125,10,175,166,0.572289156626506,4,773851.37,0.042105263157894736,0.9488949167414698,0.0,4,24,3,0,0,0.8,0.0009972299168975066,0.9378393351800555,0.437742084541302,0.0
107,133.25,0,40,76,0.5263157894736842,2,4,6,0.9482758620689655,0.3448275862068966,0.3448275862068966,0.6551724137931034,5700.96,49.146206896551725,42.91685404913127,142.16,0.8732485528225469,3169.4,2531.5600000000004,1.2519553160896837,4,197,194,0.5979381443298969,5,275.4,0.04310344827586207,0.04830765344784036,0.0,48,6,11,0,0,1.3333333333333333,0.11890606420927469,0.42925089179548154,0.4027690438763228,0.08
108,181.59,0,64,80,0.8,3,4,7,0.9513888888888888,0.4444444444444444,0.4444444444444444,0.5555555555555556,7905.14,54.89680555555555,53.858351277174506,184.25,0.9810835208374715,4273.94,3631.2,1.1770048468825731,1,198,198,0.7272727272727273,5,365.81,0.034722222222222224,0.04627495528225939,1.0,72,27,14,0,0,1.7142857142857142,0.19753086419753085,0.308641975308642,0.455109767403175,0.08
109,110.06,0,44,80,0.55,2,4,6,0.9516129032258065,0.3548387096774194,0.3548387096774194,0.6451612903225806,5161.96,41.62870967741936,39.28339817949329,130.49,0.9436612012214677,2961.1600000000003,2200.8,1.3454925481643039,3,193,191,0.6492146596858639,6,255.17000000000002,0.04838709677419355,0.04943277359762571,0.0,72,19,18,0,0,1.3333333333333333,0.12591050988553593,0.4162330905306972,0.41311573120921136,0.08
110,114.64,0,62,76,0.8157894736842105,3,4,7,0.9492753623188406,0.4492753623188406,0.4492753623188406,0.5507246376811594,5549.849999999999,40.21630434782608,42.55337936947482,142.0,1.0581126252038389,3372.45,2177.4,1.5488426563791677,8,198,191,0.7225130890052356,5,150.28,0.036231884057971016,0.027078209320972643,1.0,24,22,16,0,0,1.7142857142857142,0.20184835118672548,0.3032976265490443,0.44783007364645055,0.08
111,169.77,0,48,92,0.5217391304347826,3,4,7,0.95,0.34285714285714286,0.34285714285714286,0.6571428571428571,308520.35000000003,2203.716785714286,20285.58314967903,234023.92,9.205167960411895,304615.87,3904.4799999999996,78.01701378928821,4,196,193,0.7253886010362695,5,234193.68000000002,0.03571428571428571,0.759086653441175,0.0,4,49,29,0,0,1.7142857142857142,0.11755102040816327,0.43183673469387757,0.5104419566977679,0.08
112,104.52,0,46,84,0.5476190476190477,3,4,7,0.9461538461538461,0.35384615384615387,0.35384615384615387,0.6461538461538462,31156.62,239.66630769230767,2177.8196379823908,24966.94,9.08688275357567,28962.539999999997,2194.08,13.200311747976372,3,194,192,0.6770833333333334,6,24966.94,0.046153846153846156,0.8013366019805742,0.0,36,34,37,0,0,1.7142857142857142,0.12520710059171597,0.41751479289940824,0.45572543574304936,0.08
113,157.39,0,50,92,0.5434782608695652,2,4,6,0.9577464788732395,0.352112676056338,0.352112676056338,0.647887323943662,4260.780000000001,30.005492957746483,13.229474113522917,39.34,0.4409017419627988,641.5,3619.28,0.17724519793992174,6,199,194,0.7319587628865979,6,183.02,0.04225352112676056,0.042954576392115994,0.0,16,57,17,0,0,1.3333333333333333,0.12398333663955563,0.4197579845268796,0.4247170602893702,0.08
114,191.0,0,23,72,0.3194444444444444,2,4,6,0.9368421052631579,0.24210526315789474,0.24210526315789474,0.7578947368421053,1828543.21,19247.823263157894,179758.64066345693,1761198.0,9.33916725053952,1825105.21,3438.0,530.8624810936591,2,198,197,0.48223350253807107,4,1761198.0,0.042105263157894736,0.9631700199198465,0.0,0,34,6,0,0,1.3333333333333333,0.05861495844875346,0.574404432132964,0.47716756931573223,0.08
115,153.42,0,7,100,0.07,3,4,7,0.9345794392523364,0.06542056074766354,0.06542056074766354,0.9345794392523364,3491674.3000000003,32632.470093457945,212967.91662833322,1591675.12,6.526257927101521,3487839.3000000003,3835.0,909.4756975228163,5,198,194,0.5515463917525774,5,1591675.12,0.04672897196261682,0.45584867981529664,0.0,8,10,17,0,0,1.7142857142857142,0.004279849768538737,0.8734387282732117,0.4703036899883734,0.18
116,168.06,0,3,88,0.03409090909090909,2,4,6,0.9340659340659341,0.03296703296703297,0.03296703296703297,0.967032967032967,2965737.3200000003,32590.519999999997,212235.2969156499,1515627.5,6.5121789071070335,2962040.44,3696.8799999999997,801.2270996083184,6,197,192,0.4739583333333333,4,1515627.5,0.04395604395604396,0.5110457658468552,0.0,0,35,18,0,0,1.3333333333333333,0.0010868252626494383,0.9351527593285835,0.4435276446491956,0.1
117,102.67,0,26,92,0.2826086956521739,3,4,7,0.940677966101695,0.22033898305084745,0.22033898305084745,0.7796610169491526,6809652.07,57708.91584745764,490503.8586612215,5254030.5,8.499620057978106,6807291.35,2360.72,2883.5657553627707,4,194,191,0.6178010471204188,5,5254030.5,0.0423728813559322,0.7715563799722883,0.0,56,24,30,0,0,1.7142857142857142,0.048549267451881636,0.6078713013501867,0.528917922458617,0.08
118,163.5,0,45,64,0.703125,4,4,8,0.926605504587156,0.41284403669724773,0.41284403669724773,0.5871559633027523,540066.43,4954.737889908258,30853.7287724741,267097.21,6.2271162386443395,537450.75,2615.68,205.4726686750673,5,198,194,0.5618556701030928,6,267449.57,0.05504587155963303,0.4952160607353432,0.0,60,29,22,0,0,2.0,0.1704401986364784,0.344752125241983,0.5032523985923907,0.08
119,160.63,0,47,64,0.734375,3,4,7,0.9369369369369369,0.42342342342342343,0.42342342342342343,0.5765765765765766,263197.13,2371.1453153153166,24293.31669254739,257161.01,10.24539345422482,260627.53,2569.6,101.42727661892901,5,199,195,0.5692307692307692,5,257161.01,0.04504504504504504,0.9770661632974493,0.5,44,44,23,0,0,1.7142857142857142,0.17928739550361172,0.33244054865676487,0.4920095602791152,0.08
120,315.19,0,22,29,0.7586206896551724,2,4,6,0.8823529411764706,0.43137254901960786,0.43137254901960786,0.5686274509803921,6382846.42,125153.85137254902,467120.4535488425,3277063.25,3.7323697866744174,3406504.2,2976342.22,1.1445270564350627,1,196,196,0.2602040816326531,2,3277063.25,0.0392156862745098,0.5134172177058273,2.0,15,24,11,0,0,1.3333333333333333,0.186082276047674,0.32333717800845824,0.4874980206420511,0.08
121,278.24,0,17,21,0.8095238095238095,2,4,6,0.8421052631578947,0.4473684210526316,0.4473684210526316,0.5526315789473685,4191142.86,110293.23315789476,229964.30091407488,1033699.0,2.0850263822156716,1049876.53,3141266.33,0.3342207949620114,6,194,189,0.20105820105820105,2,1033699.0,0.05263157894736842,0.24663893227442982,5.0,3,30,15,0,0,1.3333333333333333,0.20013850415512463,0.30540166204986147,0.4661366137113943,0.08
122,274.03,0,24,23,1.0434782608695652,3,4,7,0.851063829787234,0.48936170212765956,0.5106382978723404,0.48936170212765956,8724788.39,185633.79553191486,474088.1562061721,2011316.62,2.5538892573290357,2135450.29,6589338.100000001,0.32407660034928243,0,195,196,0.23979591836734693,1,2011316.62,0.02127659574468085,0.2305289859299384,4.0,0,43,17,0,0,1.7142857142857142,0.2607514712539611,0.23947487550928023,0.5002012817482362,0.08
123,396.1,0,48,22,2.1818181818181817,2,4,6,0.9142857142857143,0.3142857142857143,0.6857142857142857,0.3142857142857143,18360516.06,262293.08657142863,1016431.1109299264,7086905.5,3.8751730905920314,861.1600000000001,18359654.9,4.69050210742251e-05,7,195,189,0.37037037037037035,2,7086905.5,0.02857142857142857,0.3859861823513473,2.0,11,36,12,0,0,1.3333333333333333,0.4702040816326531,0.09877551020408162,0.5136052477869745,0.08
124,207.28,0,26,20,1.3,2,4,6,0.8695652173913043,0.43478260869565216,0.5652173913043478,0.43478260869565216,7910742.3,171972.65869565218,386301.38324417715,1312457.0,2.2462953481915533,916354.09,6994388.21,0.1310127580121836,8,199,192,0.23958333333333334,2,1312457.0,0.043478260869565216,0.16590819802081028,2.0,6,58,13,0,0,1.3333333333333333,0.31947069943289225,0.1890359168241966,0.487197171391937,0.08
125,204.33,1,203,14,14.5,3,6,8,0.9631336405529954,0.06451612903225806,0.9354838709677419,0.06451612903225806,10877347.64,50126.02599078341,289790.3254532737,2272511.5,5.781234792212672,289174.21,10588173.43,0.027311057182031823,0,199,200,1.085,2,2273042.57,0.009216589861751152,0.2089702972847156,1.0,28,16,11,1,1,1.25,0.8751300728407908,0.004162330905306975,0.5910394847292761,0.18
126,392.21,0,0,23,0.0,0,4,4,0.8260869565217391,0.0,0.0,1.0,35610086.86,1548264.6460869566,2172853.156519944,7291760.0,1.4034119825777562,0.0,35610086.86,0.0,5,193,189,0.12169312169312169,1,7291760.0,0.043478260869565216,0.20476670075721348,8.5,0,42,0,0,0,0.0,0.0,1.0,0.3878288430953569,0.1
127,236.99,1,44,23,1.9130434782608696,3,5,8,0.8805970149253731,0.34328358208955223,0.6567164179104478,0.34328358208955223,4221921.09,63013.74761194032,227936.78971255675,1624603.5,3.617254938021899,293748.12000000005,3928172.97,0.07477983333305205,4,194,191,0.3507853403141361,2,1624603.5,0.029850746268656716,0.38480195753729735,2.0,12,32,28,0,0,1.875,0.4312764535531299,0.11784361773223434,0.48417118593784053,0.08
128,224.78,0,204,26,7.846153846153846,4,4,7,0.9695652173913043,0.11304347826086956,0.8869565217391304,0.11304347826086956,20493207.4,89100.90173913042,512760.4948511715,4750988.5,5.754829466849072,7116036.93,13377170.47,0.53195381982749,4,199,196,1.1734693877551021,3,4751560.77,0.013043478260869565,0.2318602782500508,1.0,47,4,13,1,1,1.2857142857142858,0.7866918714555765,0.012778827977315691,0.6275732115635357,0.18
129,242.12,0,33,19,1.736842105263158,2,4,6,0.8846153846153846,0.36538461538461536,0.6346153846153846,0.36538461538461536,4981524.29,95798.54403846154,239765.75585657713,1074611.75,2.5028121070432463,271.0,4981253.29,5.440397912389635e-05,5,199,195,0.26666666666666666,2,1074611.75,0.038461538461538464,0.21571946405183542,2.0,12,9,24,0,0,1.3333333333333333,0.4027366863905325,0.13350591715976332,0.47084339778042783,0.08
130,360.15,1,25,18,1.3888888888888888,3,5,7,0.8372093023255813,0.4186046511627907,0.5813953488372093,0.4186046511627907,22960844.15,533973.1197674419,1560773.664225544,9090946.0,2.9229442577658187,81941.70999999999,22878902.44,0.0035815402515436395,1,199,199,0.21608040201005024,1,9090946.0,0.023255813953488372,0.3959325685332001,4.0,6,18,17,1,1,1.1428571428571428,0.33802055164954026,0.17522985397512167,0.4981637554262059,0.08
131,387.39,1,25,23,1.0869565217391304,4,5,8,0.8333333333333334,0.4791666666666667,0.5208333333333334,0.4791666666666667,8330030.94,173542.31125,617527.295323229,3265626.5,3.5583673564980773,7347002.97,983027.97,7.47384936564928,5,198,194,0.24742268041237114,2,3290375.37,0.041666666666666664,0.39500157846952727,2.0,6,48,11,1,1,1.5,0.2712673611111111,0.22960069444444445,0.49922198674114,0.08
132,204.56,0,256,25,10.24,6,5,10,0.9644128113879004,0.08896797153024912,0.9110320284697508,0.08896797153024912,12168847.1,43305.505693950174,252479.08646942372,2535886.5,5.830184463235476,2860721.02,9308126.08,0.3073358692623124,0,199,200,1.405,4,2536474.99,0.014234875444839857,0.20844004112764308,1.0,58,42,32,1,1,2.0,0.829979356897709,0.00791529995820722,0.6452903232708322,0.18
133,285.12,1,53,28,1.8928571428571428,3,6,9,0.8888888888888888,0.345679012345679,0.654320987654321,0.345679012345679,4484403.24,55363.002962962964,225841.7120449589,1435366.12,4.0792894163642766,2657.77,4481745.47,0.0005930211828830163,5,198,194,0.4175257731958763,3,1435396.01,0.037037037037037035,0.32008629313183706,1.0,30,60,20,0,0,2.0,0.4281359548849261,0.11949397957628409,0.5017876838400361,0.08
134,220.3,0,81,22,3.6818181818181817,5,5,10,0.9029126213592233,0.21359223300970873,0.7864077669902912,0.21359223300970873,5535264.21,53740.42922330097,263612.4979054683,2149448.0,4.905292006695961,8997.41,5526266.8,0.0016281171947760467,3,198,196,0.5255102040816326,3,2149467.34,0.02912621359223301,0.3883224464907701,1.0,18,28,37,0,0,2.5,0.6184371759826562,0.04562164200207371,0.5039213702730683,0.08
135,251.98,0,50,19,2.6315789473684212,3,5,8,0.8840579710144928,0.2753623188405797,0.7246376811594203,0.2753623188405797,24292489.04,352065.05855072464,931283.1221849334,5449206.0,2.645201787472347,1824985.34,22467503.7,0.08122777520673113,0,199,200,0.345,2,5449206.0,0.028985507246376812,0.22431649515318666,2.0,6,26,10,0,0,1.875,0.5250997689561017,0.07582440663726107,0.5027066931428211,0.08
136,244.17,0,20,20,1.0,1,5,6,0.85,0.5,0.5,0.5,46576535.24,1164413.381,2526341.984272827,9838572.0,2.16962637624724,2658.8,46573876.44,5.708779692034585e-05,3,194,192,0.20833333333333334,2,9838572.0,0.05,0.2112345186112216,3.0,8,20,14,0,0,0.8333333333333334,0.25,0.25,0.5123376181241625,0.08
137,329.39,1,63,20,3.15,3,6,9,0.891566265060241,0.24096385542168675,0.7590361445783133,0.24096385542168675,11754711.73,141623.03289156628,566756.5417442411,4667506.0,4.001866999827482,6069.8,11748641.93,0.0005166384366946146,4,198,195,0.4256410256410256,2,4667506.0,0.024096385542168676,0.397075326661371,2.0,15,41,17,0,0,2.0,0.5761358687763101,0.05806357961968355,0.502715039036297,0.08
138,270.06,0,81,19,4.2631578947368425,5,5,10,0.9,0.19,0.81,0.19,9530407.73,95304.0773,339023.784820819,1835496.0,3.5572852119813656,1282159.6,8248248.13,0.15544629353918335,1,198,198,0.5050505050505051,3,1835496.0,0.03,0.19259364887634245,2.0,0,40,26,0,0,2.5,0.6561000000000001,0.03609999999999999,0.5060263358761873,0.18
139,236.06,0,66,19,3.473684210526316,4,5,9,0.8941176470588236,0.2235294117647059,0.7764705882352941,0.2235294117647059,2481329.12,29192.107294117654,92879.68016336019,408876.37,3.181670964263545,268248.97000000003,2213080.15,0.12121068909320797,3,199,197,0.43147208121827413,2,408991.49,0.023529411764705882,0.16482758643480555,1.0,15,75,16,0,0,2.2222222222222223,0.6029065743944637,0.04996539792387543,0.4683062632365178,0.08
140,500.73,0,60,180,0.3333333333333333,3,1,4,0.9833333333333333,0.25,0.25,0.75,97527.8,406.3658333333333,168.44379415986873,500.73,0.4145126886730604,7396.400000000001,90131.40000000001,0.08206241110201327,0,199,200,1.2,3,698.58,0.0125,0.007162880737594819,1.0,110,4,23,0,0,0.75,0.0625,0.5625,0.5480283760907185,0.08
141,407.88,1,67,178,0.37640449438202245,6,2,7,0.9714285714285714,0.27346938775510204,0.27346938775510204,0.726530612244898,4126763.57,16843.932938775506,239449.88554604945,3753475.5,14.21579428132398,4054553.0,72210.56999999999,56.14902361247115,0,199,200,1.225,3,3753883.38,0.012244897959183673,0.9096434327591004,1.0,90,16,45,1,1,0.7142857142857143,0.07478550603915034,0.5278467305289464,0.6341327957166727,0.08
142,420.18,0,74,176,0.42045454545454547,4,1,4,0.984,0.296,0.296,0.704,16863087.57,67452.35028,467807.5334134092,5410646.0,6.935377810728661,16789137.65,73949.92,227.0338852293552,0,199,200,1.25,4,5411076.55,0.016,0.3208829063798783,1.0,139,17,44,1,1,0.0,0.08761600000000001,0.49561599999999995,0.6715194318648631,0.08
143,597.65,0,200,176,1.1363636363636365,2,1,2,0.9946808510638298,0.46808510638297873,0.5319148936170213,0.46808510638297873,187012.4,497.37340425531903,109.72814125900304,597.65,0.22061521649572516,81826.0,105186.4,0.7779142550748006,0,199,200,1.88,2,1032.6,0.005319148936170213,0.0055215589982268555,1.0,332,7,8,1,1,0.0,0.282933454051607,0.21910366681756452,0.6938705418863165,0.2
144,439.87,1,280,181,1.5469613259668509,6,2,7,0.9848156182212582,0.3926247288503254,0.6073752711496746,0.3926247288503254,197851.32,429.178568329718,156.6829821767736,572.0,0.3650764361010714,118672.6,79178.72,1.4987941204404416,0,199,200,2.305,4,1180.68,0.008676789587852495,0.005967511361561803,0.0,502,16,44,1,1,0.7142857142857143,0.36890472000414076,0.15415417770479153,0.7252887958709241,0.2
145,471.71,0,23,180,0.12777777777777777,2,1,3,0.9852216748768473,0.11330049261083744,0.11330049261083744,0.8866995073891626,2604348.48,12829.302857142864,157672.96194915104,2238515.0,12.290064682771503,2519442.48,84906.0,29.673314960073494,1,199,199,1.020100502512563,2,2238986.7,0.009852216748768473,0.8597108709507263,1.0,46,2,10,0,0,0.6666666666666666,0.012837001625858427,0.7862360164041836,0.5607264439521252,0.18
146,546.32,0,35,179,0.19553072625698323,3,1,3,0.985981308411215,0.16355140186915887,0.16355140186915887,0.8364485981308412,241264.82,1127.4057009345795,9524.001288191146,140104.46,8.44771432350935,143473.53999999998,97791.28000000001,1.467140423972362,2,199,198,1.0808080808080809,2,140650.78,0.009345794392523364,0.5829726024705963,1.0,69,21,25,1,1,0.0,0.0267490610533671,0.6996462573150494,0.5311792631978833,0.08
147,567.67,0,63,179,0.35195530726256985,4,1,4,0.9834710743801653,0.2603305785123967,0.2603305785123967,0.7396694214876033,2382159.4,9843.633884297522,144788.2922731816,2257484.25,14.70882541701867,2280548.26,101611.14,22.443880267458862,0,199,200,1.21,3,2258051.91,0.012396694214876033,0.9479012655492325,1.0,118,17,42,1,1,0.0,0.06777201010859915,0.5471108530838057,0.6178782569755625,0.08
148,583.7,0,23,180,0.12777777777777777,3,1,3,0.9852216748768473,0.11330049261083744,0.11330049261083744,0.8866995073891626,747993.5700000001,3684.69738916256,39917.93348118595,568346.5,10.833436036997954,642927.57,105066.00000000001,6.119273313916965,0,199,200,1.015,2,568346.5,0.009852216748768473,0.7598280557411743,1.0,45,14,23,1,1,0.0,0.012837001625858427,0.7862360164041836,0.534014656094508,0.08
149,433.88,0,35,180,0.19444444444444445,2,1,3,0.986046511627907,0.16279069767441862,0.16279069767441862,0.8372093023255814,80728.3,375.480465116279,134.00055615909383,433.88,0.3568775704951693,2629.9,78098.4,0.033674185386640444,0,199,200,1.075,2,450.62,0.009302325581395349,0.005581933473143866,1.0,47,3,6,0,0,0.6666666666666666,0.026500811249323953,0.7009194159004867,0.5073958886718904,0.08
150,534.53,0,41,178,0.2303370786516854,2,1,3,0.9863013698630136,0.1872146118721461,0.1872146118721461,0.8127853881278538,104373.04999999999,476.58926940639265,140.12089586139703,534.53,0.2940076599624707,9226.710000000001,95146.34,0.09697388254766291,3,199,197,1.1116751269035532,3,910.64,0.0136986301369863,0.008724857614106324,1.0,65,1,48,0,0,0.6666666666666666,0.035049310898438324,0.6606200871541461,0.5233807136675106,0.08
151,593.31,1,81,181,0.44751381215469616,7,3,9,0.9656488549618321,0.30916030534351147,0.30916030534351147,0.6908396946564885,22853803.1,87228.25610687025,616999.2118088404,8031165.5,7.073386988877845,22747573.76,106229.34,214.13645006172496,0,199,200,1.31,4,8031766.109999999,0.015267175572519083,0.35144111791179294,1.0,152,15,44,1,1,1.3333333333333333,0.09558009440009324,0.4772594837130703,0.6876271623647908,0.08
152,411.61,0,20,177,0.11299435028248588,1,1,1,0.9949238578680203,0.10152284263959391,0.10152284263959391,0.8984771573604061,75040.0,380.9137055837563,91.28850248116366,411.6,0.23965664963738328,2186.8,72853.2,0.030016526384565128,3,199,197,1.0,1,411.6,0.005076142131979695,0.005485074626865672,1.0,20,6,4,1,1,0.0,0.010306887577623745,0.807261202298436,0.48149984031131016,0.08
153,535.24,0,78,180,0.43333333333333335,4,1,5,0.9806201550387597,0.3023255813953488,0.3023255813953488,0.6976744186046512,104550.16,405.23317829457363,203.63840451968974,535.23,0.5025215491404313,8208.76,96341.40000000001,0.08520490671715378,0,199,200,1.29,3,745.37,0.011627906976744186,0.0071293052062282826,1.0,151,2,35,0,0,0.8,0.09140075716603568,0.48674959437533805,0.5731431883876463,0.08
154,569.08,0,21,179,0.11731843575418995,2,1,2,0.99,0.105,0.105,0.895,820160.29,4100.801449999999,41371.118582477415,576856.56,10.088544663013964,718294.9700000001,101865.32,7.051418186287542,2,199,198,1.0101010101010102,2,577425.64,0.01,0.7040399871103245,1.0,34,3,40,1,1,0.0,0.011024999999999998,0.801025,0.5334633410116353,0.08
155,468.46,0,44,180,0.24444444444444444,3,1,3,0.9866071428571429,0.19642857142857142,0.19642857142857142,0.8035714285714286,334529.52,1493.4353571428578,16385.50256358801,246168.45,10.971685172189623,250208.52000000002,84321.0,2.967333404489985,1,199,199,1.1256281407035176,2,246636.90000000002,0.008928571428571428,0.7372649803820004,1.0,84,18,42,1,1,0.0,0.03858418367346938,0.6457270408163266,0.5515544366149491,0.08
156,450.14,0,43,180,0.2388888888888889,4,1,4,0.9820627802690582,0.19282511210762332,0.19282511210762332,0.8071748878923767,1535509.55,6885.69304932735,96003.57271478939,1437276.37,13.942470572975626,1454484.35,81025.2,17.951012154243372,0,199,200,1.115,2,1437726.51,0.008968609865470852,0.9363188330544736,1.0,65,10,32,1,1,0.0,0.0371815238593175,0.6515312996440709,0.5807941591998855,0.08
157,519.36,0,16,177,0.0903954802259887,1,1,2,0.9896373056994818,0.08290155440414508,0.08290155440414508,0.917098445595855,92350.07,478.49777202072545,135.87588591341847,519.35,0.28396346620300084,425.12,91924.95,0.004624642167333244,4,199,196,0.9846938775510204,2,545.9200000000001,0.010362694300518135,0.005911419449925702,1.0,26,2,2,0,0,0.5,0.006872667722623424,0.8410695589143333,0.4795505959355,0.08
158,488.46,0,61,177,0.3446327683615819,3,1,4,0.9831932773109243,0.25630252100840334,0.25630252100840334,0.7436974789915967,95525.9,401.3693277310923,157.17124273621283,488.45,0.39158757751791573,9070.25,86455.65,0.1049121717319805,4,199,196,1.2142857142857142,3,755.86,0.012605042016806723,0.007912618462636835,1.0,115,3,23,0,0,0.75,0.06569098227526303,0.5530859402584564,0.5509907439415839,0.08
159,434.96,0,40,180,0.2222222222222222,2,1,3,0.9863636363636363,0.18181818181818182,0.18181818181818182,0.8181818181818182,84310.4,383.2290909090908,110.09949471063521,434.95,0.28729419901150693,6019.4,78291.0,0.0768849548479391,0,199,200,1.1,2,563.92,0.00909090909090909,0.0066886172998823394,1.0,60,1,34,0,0,0.6666666666666666,0.033057851239669415,0.6694214876033058,0.5160470366668759,0.08
160,147.16,0,24,100,0.24,3,5,8,0.935483870967742,0.1935483870967742,0.1935483870967742,0.8064516129032258,1007829.64,8127.658387096776,73607.66055687526,805291.56,9.056441234505199,993113.64,14716.0,67.48529763522697,0,193,194,0.6391752577319587,5,805291.56,0.04032258064516129,0.7990354004670869,0.0,5,41,35,0,0,1.875,0.03746097814776275,0.6503642039542142,0.48825112374428126,0.08
161,140.99,0,20,100,0.2,1,5,6,0.95,0.16666666666666666,0.16666666666666666,0.8333333333333334,16942.2,141.18500000000003,0.4360332556124544,142.16,0.0030883823041573414,2843.2,14099.0,0.20165969217675012,5,196,192,0.625,5,704.95,0.041666666666666664,0.04160911806022831,0.0,0,37,5,0,0,0.8333333333333334,0.02777777777777777,0.6944444444444445,0.3952602059830955,0.08
162,156.91,0,25,100,0.25,3,5,8,0.9359999999999999,0.2,0.2,0.8,1882580.36,15060.64288,165731.30002977318,1860558.12,11.004264648613272,1866889.36,15691.0,118.9783544707157,1,199,199,0.628140703517588,6,1860558.12,0.048,0.9883020982966166,0.0,55,39,22,0,0,1.875,0.039999999999999994,0.6400000000000001,0.5002782173818329,0.18
163,150.86,0,4,100,0.04,3,5,8,0.9230769230769231,0.038461538461538464,0.038461538461538464,0.9615384615384616,247880.62,2383.4674999999993,17571.29846924375,174643.06,7.372157778213361,232794.62,15086.000000000002,15.431169296036058,3,193,191,0.5445026178010471,6,175397.36,0.057692307692307696,0.7075880316904161,0.0,5,27,20,0,0,1.875,0.0014792899408284015,0.9245562130177515,0.408541287772748,0.0
164,131.14,0,68,100,0.68,4,5,9,0.9464285714285714,0.40476190476190477,0.40476190476190477,0.5952380952380952,424290.22,2525.537023809524,31059.339657871613,403900.12,12.298112981539926,411177.22,13113.0,31.35645695111721,0,192,193,0.8704663212435233,6,404053.04,0.03571428571428571,0.9523034492758282,0.0,150,39,51,0,0,2.2222222222222223,0.16383219954648526,0.3543083900226757,0.5560273695309179,0.08
165,135.72,0,223,100,2.23,4,5,8,0.9752321981424149,0.30959752321981426,0.6904024767801857,0.30959752321981426,2483999.03,7690.399473684211,122547.8176040133,2199824.5,15.935169300809385,2470427.03,13572.0,182.02380120837014,0,199,200,1.615,7,2199824.5,0.021671826625386997,0.8855979706240064,1.0,270,27,24,1,1,1.5,0.4766555799442149,0.09585062638384344,0.684029857127102,0.08
166,183.77,0,203,100,2.03,3,5,7,0.976897689768977,0.33003300330033003,0.66996699669967,0.33003300330033003,2016854.55,6656.285643564359,101981.11010176818,1774864.37,15.321023700412976,1998477.55,18377.0,108.74884638406704,0,199,200,1.515,6,1775369.7300000002,0.019801980198019802,0.8802666161523647,1.0,195,42,18,1,1,1.1428571428571428,0.4488557766667756,0.10892178326743565,0.6709513431470564,0.08
167,125.09,1,76,101,0.7524752475247525,4,5,9,0.9491525423728814,0.4293785310734463,0.4293785310734463,0.5706214689265536,8675365.57,49013.3648022599,407185.49431252957,4610323.5,8.307642128943474,8662853.290000001,12512.28,692.3481004261414,1,194,194,0.9123711340206185,7,4610331.62,0.03954802259887006,0.5314279361255781,0.0,121,78,44,0,0,2.2222222222222223,0.18436592294679052,0.3256088607998978,0.6308508023334087,0.08
168,156.06,0,22,100,0.22,2,5,7,0.9426229508196722,0.18032786885245902,0.18032786885245902,0.819672131147541,738061.77,6049.686639344265,64873.21886131763,719655.0,10.72340151296652,722456.77,15605.000000000002,46.296492790772184,0,194,195,0.6256410256410256,5,719655.0,0.040983606557377046,0.9750606646378662,0.0,0,43,10,0,0,1.4285714285714286,0.03251814028486966,0.6718624025799517,0.4764135973595579,0.08
169,101.24,0,20,100,0.2,1,5,5,0.9583333333333334,0.16666666666666666,0.16666666666666666,0.8333333333333334,12147.6,101.23,0.0,101.23,0.0,2024.6000000000001,10123.0,0.2,5,195,191,0.6282722513089005,6,607.38,0.05,0.049999999999999996,0.0,100,39,0,1,1,0.0,0.02777777777777777,0.6944444444444445,0.38902231619887734,0.08
170,174.16,0,78,100,0.78,4,5,9,0.949438202247191,0.43820224719101125,0.43820224719101125,0.5617977528089888,28601.64,160.68337078651686,40.52910162494894,177.58,0.2522295955490983,11185.64,17416.0,0.6422622875516766,3,196,194,0.9175257731958762,5,870.8,0.028089887640449437,0.030445806604096827,0.0,35,35,33,0,0,2.2222222222222223,0.1920212094432521,0.3156167150612297,0.5149555785966136,0.08
171,133.59,0,26,100,0.26,3,5,8,0.9365079365079365,0.20634920634920634,0.20634920634920634,0.7936507936507936,3503557.5500000003,27806.012301587307,185207.98548106424,1608140.5,6.660717238857426,3490199.5500000003,13358.000000000002,261.28159529869737,1,199,199,0.6331658291457286,5,1608140.5,0.03968253968253968,0.45900216481387607,0.0,0,20,10,0,0,1.875,0.042579994960947345,0.6298815822625347,0.5154480128009886,0.08
172,104.57,0,71,100,0.71,3,5,8,0.9532163742690059,0.4152046783625731,0.4152046783625731,0.5847953216374269,14498.81,84.7883625730994,52.10260664823839,172.0,0.614501861659596,4042.81,10456.0,0.38664977046671767,6,196,191,0.8952879581151832,8,718.23,0.04678362573099415,0.049537168912483165,0.0,155,51,37,0,0,1.875,0.17239492493416778,0.34198556820902154,0.4924208448870074,0.08
173,128.09,0,22,100,0.22,2,5,7,0.9426229508196722,0.18032786885245902,0.18032786885245902,0.819672131147541,1928277.53,15805.553524590166,172002.39330537216,1907825.12,10.882402380769017,1915469.53,12808.000000000002,149.55258666458462,2,194,193,0.6321243523316062,6,1908465.5200000005,0.04918032786885246,0.9897255401819677,0.0,5,43,26,0,0,1.4285714285714286,0.03251814028486966,0.6718624025799517,0.49764630118013636,0.18
174,124.01,0,44,100,0.44,4,5,9,0.9375,0.3055555555555556,0.3055555555555556,0.6944444444444444,3430502.07,23822.93104166667,272264.0873106377,3277626.25,11.428656147912431,3418101.07,12401.0,275.6310837835658,6,197,192,0.75,5,3277640.83,0.034722222222222224,0.9554405632525971,0.0,100,36,30,0,0,2.2222222222222223,0.09336419753086421,0.48225308641975306,0.5576126702318865,0.08
175,195.31,1,11,121,0.09090909090909091,3,6,9,0.9318181818181819,0.08333333333333333,0.08333333333333333,0.9166666666666666,5788131.930000001,43849.484318181814,248557.07167678556,1934196.62,5.668414932162007,5764682.67,23449.260000000002,245.83644302634707,6,196,191,0.6910994764397905,7,1934196.62,0.05303030303030303,0.3341659525718516,0.0,42,37,12,0,0,2.0,0.0069444444444444475,0.8402777777777777,0.5127416045806245,0.18
176,135.22,0,232,100,2.32,5,5,9,0.9728915662650602,0.30120481927710846,0.6987951807228916,0.30120481927710846,123119.19,370.84093373493965,545.6271874773923,9841.56,1.4713240579514397,109597.19,13522.0,8.105102055908889,1,199,199,1.6683417085427135,6,9841.56,0.018072289156626505,0.07993522374538038,1.0,215,35,30,1,1,1.7777777777777777,0.48831470460153875,0.09072434315575555,0.626678444112778,0.08
177,128.79,0,20,100,0.2,1,5,6,0.95,0.16666666666666666,0.16666666666666666,0.8333333333333334,15590.6,129.92166666666665,2.5528442743122577,135.63,0.01964910349296826,2712.6,12878.0,0.21063829787234042,2,194,193,0.6217616580310881,5,643.9,0.041666666666666664,0.04130052724077329,0.0,0,47,15,0,0,0.8333333333333334,0.02777777777777777,0.6944444444444445,0.39287856303064694,0.08
178,135.92,0,21,100,0.21,2,5,7,0.9421487603305785,0.17355371900826447,0.17355371900826447,0.8264462809917356,21620.47,178.6815702479339,422.3431500510633,4804.07,2.3636637481136464,8029.47,13591.0,0.5907931719520271,1,198,198,0.6111111111111112,5,4804.07,0.04132231404958678,0.22220007243135784,0.0,0,62,16,0,0,1.4285714285714286,0.030120893381599616,0.6830134553650707,0.39886787965057646,0.08
179,194.69,1,208,101,2.0594059405940595,5,5,8,0.9741100323624595,0.3268608414239482,0.6731391585760518,0.3268608414239482,3044496.65,9852.739967637537,99522.51902130299,1442595.5,10.100999249771759,3025011.0100000002,19485.64,155.24309234903242,2,199,198,1.5606060606060606,6,1443188.8,0.019417475728155338,0.4740319881777502,1.0,203,17,25,2,2,1.125,0.45311632680847497,0.10683800965637143,0.6847790407173013,0.08
180,326.75,0,56,28,2.0,4,1,5,0.9404761904761905,0.3333333333333333,0.6666666666666666,0.3333333333333333,5026545.9,59839.83214285715,390780.9468622632,3462084.25,6.530448580292504,5017396.9,9149.0,548.409323423325,0,196,197,0.4263959390862944,3,3462084.25,0.03571428571428571,0.6887600986593995,1.0,21,1,22,0,0,0.8,0.4444444444444445,0.11111111111111112,0.5037408519905119,0.08
181,324.22,0,52,22,2.3636363636363638,4,1,5,0.9324324324324325,0.2972972972972973,0.7027027027027027,0.2972972972972973,1349675.13,18238.85310810811,103964.5483579084,655755.12,5.70016917959007,1342542.29,7132.84,188.2198801599363,4,199,196,0.37755102040816324,2,655755.12,0.02702702702702703,0.48586145319281393,2.0,9,3,23,0,0,0.8,0.493791088385683,0.08838568298027757,0.45778027196124554,0.08
182,343.12,0,61,16,3.8125,3,1,4,0.948051948051948,0.2077922077922078,0.7922077922077922,0.2077922077922078,11629.140000000001,151.0277922077922,113.32753419541945,343.11,0.7503753616387194,6139.38,5489.76,1.1183330418816122,4,199,196,0.39285714285714285,2,501.72,0.025974025974025976,0.04314334507968775,2.0,7,1,26,0,0,0.75,0.6275931860347445,0.04317760161916005,0.3449017437994075,0.08
183,277.6,0,64,20,3.2,5,1,6,0.9285714285714286,0.23809523809523808,0.7619047619047619,0.23809523809523808,2290444.23,27267.193214285708,132367.2568620272,915912.43,4.854451128203321,2284892.23,5552.0,411.54398955331413,3,199,197,0.4263959390862944,2,915912.43,0.023809523809523808,0.3998841875316039,2.0,15,6,30,0,0,0.8333333333333334,0.5804988662131518,0.05668934240362813,0.4683887159636708,0.08
184,282.88,0,35,15,2.3333333333333335,3,1,4,0.92,0.3,0.7,0.3,459064.18,9181.2836,59864.57373828637,427610.75,6.5202836930433525,454820.98,4243.2,107.18820230015083,1,193,193,0.25906735751295334,2,427610.75,0.04,0.931483589070269,3.0,8,4,25,0,0,0.75,0.48999999999999994,0.09000000000000001,0.40632435186683963,0.08
185,330.17,0,60,22,2.727272727272727,5,1,6,0.926829268292683,0.2682926829268293,0.7317073170731707,0.2682926829268293,2378767.87,29009.36426829268,176567.058669789,1503527.0,6.086553880905874,2371504.13,7263.740000000001,326.48527204993565,1,199,199,0.4120603015075377,2,1503527.0,0.024390243902439025,0.6320612527863007,2.0,7,28,35,0,0,0.8333333333333334,0.5353955978584176,0.07198096371207616,0.4718857220593728,0.08
186,200.3,0,39,21,1.8571428571428572,4,1,5,0.9166666666666666,0.35,0.65,0.35,6963683.84,116061.39733333334,593015.9366591583,4252382.0,5.109501955727716,6959477.54,4206.3,1654.5366569193827,4,198,195,0.3076923076923077,2,4252382.0,0.03333333333333333,0.6106512153199649,3.0,9,11,14,0,0,0.8,0.42250000000000004,0.12249999999999998,0.48521506125115893,0.08
187,238.46,0,66,21,3.142857142857143,3,1,4,0.9540229885057472,0.2413793103448276,0.7586206896551724,0.2413793103448276,11925.18,137.07103448275862,89.07324010906724,238.46,0.6498326976606517,6917.5199999999995,5007.66,1.381387714022118,1,198,198,0.4393939393939394,3,403.49,0.034482758620689655,0.03383512869407422,2.0,16,10,15,0,0,0.75,0.5755053507728893,0.058263971462544605,0.36296654698496583,0.08
188,266.88,0,195,20,9.75,2,1,3,0.986046511627907,0.09302325581395349,0.9069767441860465,0.09302325581395349,111333.34,517.8294883720929,167.7144292033159,589.78,0.3238796417920537,105995.73999999999,5337.6,19.85831459832134,2,199,198,1.0858585858585859,2,856.66,0.009302325581395349,0.00769455043745207,1.0,40,11,6,0,0,0.6666666666666666,0.8226068144943213,0.008653326122228236,0.5018295820878538,0.08
189,247.88,0,183,21,8.714285714285714,2,1,2,0.9901960784313726,0.10294117647058823,0.8970588235294118,0.10294117647058823,3268096.29,16020.079852941171,211849.74334626715,3030824.0,13.224012944440664,3262890.81,5205.48,626.8184317296389,0,199,200,1.02,3,3031493.6799999997,0.014705882352941176,0.9276023137004937,1.0,37,0,6,1,1,0.0,0.8047145328719724,0.010596885813148785,0.5633475996023802,0.18
190,327.48,0,62,16,3.875,4,1,5,0.9358974358974359,0.20512820512820512,0.7948717948717948,0.20512820512820512,2193855.11,28126.34756410256,244946.0224352798,2177518.5,8.708774641891381,2188615.43,5239.68,417.70020879137655,0,196,197,0.39593908629441626,3,2177869.61,0.038461538461538464,0.9927135115135293,3.0,6,8,32,0,0,0.8,0.6318211702827088,0.04207758053911901,0.4537917675941223,0.08
191,275.73,0,61,13,4.6923076923076925,4,1,5,0.9324324324324325,0.17567567567567569,0.8243243243243243,0.17567567567567569,5922647.37,80035.77527027027,673843.1648168118,5836846.5,8.419274537434443,5919062.88,3584.4900000000002,1651.298477607693,3,199,197,0.3756345177664975,2,5836872.35,0.02702702702702703,0.9855174528143483,2.0,6,9,35,0,0,0.8,0.6795105916727538,0.030861943024105186,0.4636760456099511,0.18
192,375.08,0,61,30,2.033333333333333,4,1,5,0.945054945054945,0.32967032967032966,0.6703296703296703,0.32967032967032966,5195617.5,57094.69780219782,448350.7916256279,4270306.0,7.852757066495393,5184365.4,11252.1,460.7464739915216,0,196,197,0.4619289340101523,3,4270906.23,0.03296703296703297,0.8220209108926899,1.0,16,1,66,0,0,0.8,0.4493418669242845,0.10868252626494386,0.5117998367666418,0.08
193,313.63,0,77,21,3.6666666666666665,4,1,5,0.9489795918367347,0.21428571428571427,0.7857142857142857,0.21428571428571427,22743.67,232.07826530612252,96.45977174635127,389.72,0.41563466367311963,16157.44,6586.23,2.4532152688260207,4,198,195,0.5025641025641026,2,703.35,0.02040816326530612,0.030925088167388995,1.0,24,3,92,0,0,0.8,0.6173469387755102,0.04591836734693878,0.3850883716443851,0.08
194,282.88,0,71,28,2.5357142857142856,4,1,5,0.9494949494949495,0.2828282828282828,0.7171717171717171,0.2828282828282828,29710.1,300.1020202020201,901.4717674722012,9131.51,3.003884368606903,21789.46,7920.639999999999,2.7509721436651584,1,194,194,0.5103092783505154,2,9147.550000000001,0.020202020202020204,0.3078936119366815,1.5,15,1,71,0,0,0.8,0.5143352719110295,0.07999183756759515,0.40603308537900196,0.08
195,280.45,0,58,9,6.444444444444445,3,1,4,0.9402985074626866,0.13432835820895522,0.8656716417910447,0.13432835820895522,3225.35,48.13955223880596,91.59311014029736,280.45,1.9026581237384854,701.3,2524.0499999999997,0.2778471107941602,5,199,195,0.3435897435897436,2,297.82,0.029850746268656716,0.09233726572309982,2.0,5,1,24,0,0,0.75,0.7493873914012029,0.018044107819113395,0.29174734307970923,0.08
196,340.37,0,277,19,14.578947368421053,6,1,7,0.9763513513513513,0.06418918918918919,0.9358108108108109,0.06418918918918919,100389.77,339.1546283783784,191.82536153201676,480.94,0.565598536718203,93922.93,6466.84,14.52377513592419,0,199,200,1.48,5,1021.49,0.016891891891891893,0.010175239967179922,1.0,56,9,63,0,0,0.8571428571428571,0.8757418736303872,0.004120252008765519,0.5509295237943329,0.08
197,283.65,0,81,28,2.892857142857143,5,1,6,0.944954128440367,0.25688073394495414,0.7431192660550459,0.25688073394495414,2431255.0,22305.091743119272,205569.17629512132,2145681.75,9.21624437427099,2423313.08,7941.92,305.1293742571066,0,199,200,0.545,4,2145681.75,0.03669724770642202,0.8825408071140214,1.0,39,3,101,0,0,0.8333333333333334,0.5522262435821901,0.06598771147209831,0.49969414551361224,0.08
198,332.44,0,247,26,9.5,5,1,6,0.978021978021978,0.09523809523809523,0.9047619047619048,0.09523809523809523,1265084.1400000001,4634.007838827839,44799.65397302148,522425.25,9.667582691088723,1256440.7,8643.44,145.3635011060411,0,198,199,1.3718592964824121,3,522862.8,0.01098901098901099,0.41330278632692363,1.0,57,34,45,0,0,0.8333333333333334,0.8185941043083901,0.009070294784580497,0.5950145576797918,0.08
199,209.36,0,66,27,2.4444444444444446,4,1,5,0.946236559139785,0.2903225806451613,0.7096774193548387,0.2903225806451613,150873.4,1622.294623655914,11202.126966009295,105399.43,6.905112550249841,145220.68,5652.72,25.690407449864843,5,197,193,0.48186528497409326,3,105399.43,0.03225806451612903,0.6985951797997526,1.0,44,1,38,0,0,0.8,0.5036420395421437,0.08428720083246617,0.4349764783004232,0.08
200,144.54,0,243,105,2.3142857142857145,4,5,8,0.9770114942528736,0.3017241379310345,0.6982758620689655,0.3017241379310345,84236.15,242.0579022988506,192.10028514498245,416.08,0.7936129468221647,81201.65,3034.5,26.75948261657604,3,199,197,1.766497461928934,8,765.09,0.022988505747126436,0.009082680060757764,1.0,290,40,34,1,1,1.5,0.48758917954815695,0.09103745541022591,0.630809221069437,0.08
201,125.92,1,25,86,0.29069767441860467,4,5,7,0.9369369369369369,0.22522522522522523,0.22522522522522523,0.7747747747747747,20622.02,185.783963963964,1343.4950868351,14254.27,7.231491126412256,18471.33,2150.69,8.588559950527506,1,199,199,0.5577889447236181,6,14403.27,0.05405405405405406,0.6984412778185648,0.0,50,14,28,2,2,0.8571428571428571,0.05072640207775344,0.600275951627303,0.39713471214727925,0.08
202,115.77,0,52,75,0.6933333333333334,3,5,7,0.9448818897637795,0.4094488188976378,0.4094488188976378,0.5905511811023622,4325.01,34.05519685039369,30.3660377232278,103.55,0.8916711847718114,2588.7599999999998,1736.25,1.4910064794816413,3,198,196,0.6479591836734694,6,138.9,0.047244094488188976,0.032115532680849296,0.0,115,38,15,1,1,1.1428571428571428,0.16764833529667061,0.34875069750139503,0.42011801830303125,0.08
203,152.76,0,74,90,0.8222222222222222,4,5,9,0.9451219512195121,0.45121951219512196,0.45121951219512196,0.5487804878048781,8207.18,50.04378048780488,41.52926172724903,129.02,0.8298586022566631,5457.68,2749.5,1.9849718130569196,3,197,195,0.841025641025641,7,305.91,0.042682926829268296,0.0372734605552699,0.0,105,66,18,0,0,2.2222222222222223,0.2035990481856038,0.30116002379535994,0.4782517882604083,0.08
204,148.73,0,11,100,0.11,3,5,8,0.9279279279279279,0.0990990990990991,0.0990990990990991,0.9009009009009009,16234916.08,146260.50522522524,927235.2563378757,8611293.0,6.339614750475766,16231942.08,2974.0,5457.949589778077,1,193,193,0.5751295336787565,6,8611293.0,0.05405405405405406,0.5304180790074031,0.0,20,42,10,0,0,1.875,0.009820631442253062,0.8116224332440549,0.5138876579902968,0.18
205,156.14,0,62,80,0.775,4,5,9,0.9366197183098591,0.43661971830985913,0.43661971830985913,0.5633802816901409,820847.02,5780.612816901407,64996.54368710354,776800.62,11.24388464438685,818349.42,2497.6,327.6543161434978,4,196,193,0.7357512953367875,5,776800.62,0.035211267605633804,0.9463403058952446,0.0,15,39,28,0,0,2.2222222222222223,0.19063677841698073,0.3173973417972625,0.5514659541799805,0.08
206,175.55,0,45,100,0.45,3,5,8,0.9448275862068966,0.3103448275862069,0.3103448275862069,0.6896551724137931,3250197.6,22415.155862068965,243268.331899731,2927842.75,10.852850339148917,3246686.6,3511.0,924.718484762176,1,199,199,0.7286432160804021,6,2927970.44,0.041379310344827586,0.9008592092985361,0.0,20,31,13,0,0,1.875,0.09631391200951248,0.47562425683709875,0.5534057665615613,0.08
207,188.39,0,43,105,0.4095238095238095,4,5,9,0.9391891891891891,0.2905405405405405,0.2905405405405405,0.7094594594594594,898310.7200000001,6069.667027027029,64903.33396169701,787885.31,10.69306333818565,894355.3700000001,3955.3500000000004,226.11282693061298,0,199,200,0.74,5,787885.31,0.033783783783783786,0.8770743713266608,0.0,5,40,33,0,0,2.2222222222222223,0.08441380569758948,0.5033327246165084,0.5249261195103662,0.08
208,149.46,1,84,65,1.2923076923076924,7,5,12,0.9194630872483222,0.436241610738255,0.5637583892617449,0.436241610738255,1458884.4200000002,9791.170604026844,66886.62242749253,596073.06,6.83132029177225,1456941.57,1942.8500000000001,749.8991533057107,4,199,196,0.7602040816326531,7,596073.06,0.04697986577181208,0.40858141455784414,1.0,70,29,56,0,0,2.9166666666666665,0.3178235214629972,0.19030674293950725,0.567928211539259,0.08
209,131.21,0,24,110,0.21818181818181817,2,5,7,0.9477611940298507,0.1791044776119403,0.1791044776119403,0.8208955223880597,5337725.03,39833.768880597025,374248.87706526223,4252301.0,9.395266568601254,5334838.63,2886.3999999999996,1848.2672637195124,1,193,193,0.694300518134715,6,4252301.0,0.04477611940298507,0.7966504411711893,0.0,30,8,10,0,0,1.4285714285714286,0.032078413900646016,0.6738694586767655,0.5308382977665287,0.18
210,146.69,0,41,110,0.37272727272727274,3,5,8,0.9470198675496688,0.271523178807947,0.271523178807947,0.7284768211920529,2025549.87,13414.23754966888,156981.37990108551,1934256.75,11.702594301005238,2022323.57,3226.2999999999997,626.8244025664075,2,198,197,0.766497461928934,6,1934256.75,0.039735099337748346,0.9549292163317608,0.0,10,36,28,0,0,1.875,0.07372483662997238,0.5306784790140783,0.5429677140048236,0.08
211,180.9,1,202,76,2.6578947368421053,4,5,8,0.9712230215827338,0.2733812949640288,0.7266187050359713,0.2733812949640288,1834525.26,6599.011726618706,75293.07404423253,1121972.62,11.409749999461246,1831807.7300000002,2717.53,674.0708400643232,0,199,200,1.39,8,1122443.4200000002,0.02877697841726619,0.6118440800319098,1.0,162,75,20,1,1,1.5,0.5279747425081517,0.07473733243620931,0.6408624596247858,0.08
212,187.5,0,222,80,2.775,4,5,8,0.9735099337748344,0.26490066225165565,0.7350993377483444,0.26490066225165565,107644.84,356.43986754966886,1430.5961258341356,24994.96,4.013569345283146,104644.84,3000.0,34.881613333333334,1,199,199,1.5175879396984924,7,24994.96,0.023178807947019868,0.23219840356490845,1.0,155,27,35,1,1,1.5,0.5403710363580544,0.07017236086136575,0.5974744326611384,0.08
213,181.24,0,46,70,0.6571428571428571,4,5,9,0.9224137931034483,0.39655172413793105,0.39655172413793105,0.603448275862069,4447792.65,38343.0400862069,347181.48929455684,3736615.5,9.054615609873043,4445255.85,2536.8,1752.308360927152,2,196,195,0.5948717948717949,6,3736764.5,0.05172413793103448,0.8401390968619006,0.0,30,27,24,0,0,2.2222222222222223,0.15725326991676578,0.36414982164090365,0.5506227981042128,0.08
214,118.8,0,42,80,0.525,4,5,9,0.9262295081967213,0.3442622950819672,0.3442622950819672,0.6557377049180327,3913573.7300000004,32078.473196721316,203418.9866083592,1710377.62,6.3412926594383645,3911672.93,1900.8000000000002,2057.908738425926,4,199,196,0.6224489795918368,6,1710377.62,0.04918032786885246,0.4370372805011648,0.0,40,41,16,0,0,2.2222222222222223,0.11851652781510348,0.42999193765116905,0.543157717012409,0.08
215,199.94,0,63,90,0.7,5,5,10,0.934640522875817,0.4117647058823529,0.4117647058823529,0.5882352941176471,3186810.15,20828.82450980392,208456.60462253736,2556423.5,10.008083006528713,3183211.95,3598.2,884.667875604469,1,196,196,0.7806122448979592,6,2556423.5,0.0392156862745098,0.8021888282237334,0.0,85,59,20,0,0,2.5,0.1695501730103806,0.34602076124567477,0.5830383561141117,0.08
216,163.31,0,51,105,0.4857142857142857,3,5,8,0.9487179487179487,0.3269230769230769,0.3269230769230769,0.6730769230769231,917813.3500000001,5883.4189102564105,52312.89203705272,607257.31,8.891580360843763,914384.05,3429.2999999999997,266.6386871956376,1,198,198,0.7878787878787878,6,607257.31,0.038461538461538464,0.6616348629054044,0.0,50,50,17,0,0,1.875,0.10687869822485206,0.4530325443786983,0.5415898404632167,0.08
217,108.35,0,21,105,0.2,2,5,7,0.9444444444444444,0.16666666666666666,0.16666666666666666,0.8333333333333334,313888.8,2491.1809523809516,27599.5249763115,311063.25,11.078892101327764,311613.45,2275.3500000000004,136.95187553563187,13,199,187,0.6737967914438503,6,311063.25,0.047619047619047616,0.9909982452384412,0.0,5,12,14,0,0,1.4285714285714286,0.02777777777777777,0.6944444444444445,0.465561670137304,0.08
218,172.56,0,40,85,0.47058823529411764,2,5,7,0.944,0.32,0.32,0.68,8172.35,65.3788,45.91159664572776,147.08,0.7022398184996935,5239.0,2933.35,1.7860125794739803,5,198,194,0.6443298969072165,6,319.63,0.048,0.03911114917985647,0.0,20,25,7,0,0,1.4285714285714286,0.10239999999999999,0.4624,0.41470002817101564,0.08
219,198.68,0,4,50,0.08,1,5,6,0.8888888888888888,0.07407407407407407,0.07407407407407407,0.9259259259259259,8235259.09,152504.79796296297,808290.9404600222,5384876.0,5.3001017099561825,8233272.59,1986.4999999999998,4144.612428895042,14,195,182,0.2967032967032967,5,5384876.0,0.09259259259259259,0.6538805811876406,0.0,0,52,2,0,0,0.8333333333333334,0.0054869684499314125,0.8573388203017833,0.4307291595297196,0.1
220,280.36,1,66,22,3.0,5,5,9,0.8977272727272727,0.25,0.75,0.25,5475462.36,62221.16318181818,238356.78625817483,1522154.0,3.8307992661864243,55172.770000000004,5420289.59,0.010178934000461774,0,198,199,0.44221105527638194,3,1522154.0,0.03409090909090909,0.2779955189026265,2.0,5,40,31,1,1,1.7777777777777777,0.5625,0.0625,0.4924808918922978,0.08
221,335.7,1,239,27,8.851851851851851,4,6,9,0.9661654135338346,0.10150375939849623,0.8984962406015038,0.10150375939849623,13746210.52,51677.48315789474,303151.25885469763,3062584.0,5.866215619062814,92273.84,13653936.68,0.006758039249966699,1,199,199,1.3366834170854272,4,3063078.52,0.015037593984962405,0.22283075874208277,1.0,82,59,27,1,1,1.6666666666666667,0.8072954943750353,0.01030301317202781,0.6408332184680904,0.18
222,263.24,0,71,21,3.380952380952381,4,5,9,0.9021739130434783,0.22826086956521738,0.7717391304347826,0.22826086956521738,10850793.530000001,117943.40793478262,362846.08786101436,2014281.62,3.0764422888445946,1860526.4700000002,8990267.06,0.20694896576298147,1,195,195,0.4717948717948718,2,2014281.62,0.021739130434782608,0.1856344989360423,1.0,7,47,46,0,0,2.2222222222222223,0.5955812854442344,0.052103024574669185,0.5090098575078135,0.08
223,242.7,0,18,23,0.782608695652174,2,5,7,0.8292682926829268,0.43902439024390244,0.43902439024390244,0.5609756097560976,16215427.08,395498.22146341467,609532.2859101777,1710377.62,1.5411757950637515,1262272.51,14953154.57,0.08441513154237394,9,199,191,0.21465968586387435,2,1710377.62,0.04878048780487805,0.10547841950518642,3.0,6,58,12,0,0,1.4285714285714286,0.19274241522903032,0.3146936347412255,0.49624365586382063,0.08
224,343.46,0,197,17,11.588235294117647,3,5,6,0.9719626168224299,0.0794392523364486,0.9205607476635514,0.0794392523364486,5413675.83,25297.550607476634,168422.52544200947,1544112.75,6.6576613702764,134879.5,5278796.33,0.025551184695924798,4,199,196,1.0918367346938775,3,1544694.71,0.014018691588785047,0.28533195531214506,1.0,37,31,26,2,2,0.5,0.8474320901388769,0.00631059481177395,0.5806282593349393,0.18
225,200.47,0,42,22,1.9090909090909092,3,5,8,0.875,0.34375,0.65625,0.34375,25028774.18,391074.5965625,1048424.6862800701,4751060.0,2.6808815900996907,268244.91000000003,24760529.27,0.010833569310047307,0,199,200,0.32,1,4751060.0,0.015625,0.18982391889557573,3.0,4,39,13,0,0,1.875,0.4306640625,0.1181640625,0.5102038062812143,0.08
226,364.55,0,24,17,1.411764705882353,3,5,8,0.8048780487804879,0.4146341463414634,0.5853658536585366,0.4146341463414634,12079077.7,294611.65121951216,639559.4000573665,2557363.0,2.1708557601506304,2659886.23,9419191.47,0.28239007970818963,7,197,191,0.21465968586387435,1,2557363.0,0.024390243902439025,0.21171839965894085,4.0,1,20,25,0,0,1.875,0.3426531826293873,0.1719214753123141,0.48525674271974684,0.08
227,305.67,0,40,20,2.0,2,5,7,0.8833333333333333,0.3333333333333333,0.6666666666666666,0.3333333333333333,21330200.38,355503.33966666664,965199.25273119,4252382.0,2.7150216187454026,4842.6,21325357.78,0.0002270817704423996,3,199,197,0.30456852791878175,2,4252382.0,0.03333333333333333,0.1993596836524421,3.0,0,28,14,0,0,1.4285714285714286,0.4444444444444445,0.11111111111111112,0.5042468520354461,0.08
228,219.56,0,36,21,1.7142857142857142,2,5,7,0.8771929824561404,0.3684210526315789,0.631578947368421,0.3684210526315789,3837471.83,67324.06719298246,182664.72879525603,1133819.75,2.713215888630925,690.48,3836781.35,0.0001799633434936291,4,198,195,0.2923076923076923,2,1133819.75,0.03508771929824561,0.29546008419819464,2.0,5,24,11,0,0,1.4285714285714286,0.39889196675900274,0.13573407202216067,0.4726396779698416,0.08
229,223.78,0,42,27,1.5555555555555556,2,5,7,0.8985507246376812,0.391304347826087,0.6086956521739131,0.391304347826087,42319512.71,613326.2711594204,1648904.273779858,7597657.5,2.688461837225398,2619.48,42316893.23,6.190151970189898e-05,2,193,192,0.359375,3,7597657.5,0.043478260869565216,0.1795308360959622,1.0,19,32,15,0,0,1.4285714285714286,0.37051039697542537,0.15311909262759923,0.5293970308894983,0.08
230,329.85,0,37,22,1.6818181818181819,2,5,7,0.8813559322033898,0.3728813559322034,0.6271186440677966,0.3728813559322034,37462006.82,634949.2681355933,1454209.315949256,5384876.0,2.2902763873077023,6886.12,37455120.7,0.00018384989478888527,0,197,198,0.29797979797979796,2,5384876.0,0.03389830508474576,0.14374232608182522,3.0,2,19,55,0,0,1.4285714285714286,0.39327779373743177,0.13904050560183856,0.510488570016199,0.08
231,374.73,0,64,19,3.3684210526315788,3,5,8,0.9036144578313253,0.2289156626506024,0.7710843373493976,0.2289156626506024,7493573.37,90284.0165060241,351424.03009321075,2505623.75,3.892427958937365,13800.300000000001,7479773.07,0.0018450158675736403,4,194,191,0.43455497382198954,3,2506171.09,0.03614457831325301,0.33444272395240454,1.0,13,61,18,0,0,1.875,0.5945710553055596,0.052402380606764394,0.49301951115654186,0.08
232,256.0,0,42,21,2.0,4,5,9,0.8571428571428572,0.3333333333333333,0.6666666666666666,0.3333333333333333,40105493.0,636595.126984127,1791751.1368478136,7860988.0,2.8145850649788113,2069186.25,38036306.75,0.054400293477494366,3,198,196,0.32142857142857145,2,7860988.0,0.031746031746031744,0.19600776382427215,2.0,3,62,16,0,0,2.2222222222222223,0.4444444444444445,0.11111111111111112,0.5084767811358994,0.08
233,395.7,0,45,13,3.4615384615384617,3,5,8,0.8620689655172413,0.22413793103448276,0.7758620689655172,0.22413793103448276,3459267.42,59642.54172413795,218495.11654180795,1123053.37,3.663410549342513,1116899.54,2342367.88,0.476824989591302,1,197,197,0.29441624365482233,2,1123053.37,0.034482758620689655,0.3246506365790015,3.0,3,32,21,0,0,1.875,0.6019619500594531,0.05023781212841855,0.4421677480470878,0.08
234,220.04,0,42,10,4.2,2,5,7,0.8653846153846154,0.19230769230769232,0.8076923076923077,0.19230769230769232,906659.4400000001,17435.758461538462,64571.58266591293,414590.43,3.703399700583796,3062.5400000000004,903596.9,0.0033892767892408663,3,199,197,0.2639593908629442,1,414590.43,0.019230769230769232,0.4572725013484666,4.0,1,53,23,0,0,1.4285714285714286,0.6523668639053255,0.03698224852071006,0.40018116788732583,0.08
235,370.79,0,41,21,1.9523809523809523,3,5,8,0.8709677419354839,0.3387096774193548,0.6612903225806451,0.3387096774193548,5033076.71,81178.65661290321,222308.71278987286,1413525.5,2.7385118461610176,12810.65,5020266.0600000005,0.0025517870660424716,1,199,199,0.31155778894472363,2,1413525.5,0.03225806451612903,0.2808471997240829,2.0,3,55,38,0,0,1.875,0.4373048907388138,0.11472424557752342,0.4771941701976117,0.08
236,279.34,0,2,22,0.09090909090909091,1,5,6,0.75,0.08333333333333333,0.08333333333333333,0.9166666666666666,43486602.88,1811941.7866666669,3540800.7036584215,10916437.0,1.9541470535718726,40644.86,43445958.02,0.0009355268442069907,7,199,193,0.12435233160621761,1,10916437.0,0.041666666666666664,0.25102988683948446,2.0,1,30,5,0,0,0.8333333333333334,0.0069444444444444475,0.8402777777777777,0.40527551398610023,0.1
237,216.27,0,87,18,4.833333333333333,5,5,10,0.9047619047619048,0.17142857142857143,0.8285714285714286,0.17142857142857143,15890963.290000001,151342.5075238095,600586.7330410199,4374698.0,3.968394226232405,4736972.06,11153991.23,0.42468852290822534,0,199,200,0.525,3,6573368.69,0.02857142857142857,0.4136545135773201,2.0,8,37,33,0,0,2.5,0.686530612244898,0.029387755102040808,0.5172553072600138,0.18
238,254.94,0,71,23,3.0869565217391304,5,5,10,0.8936170212765957,0.24468085106382978,0.7553191489361702,0.24468085106382978,9127594.05,97102.06436170211,361289.7411671033,2583795.0,3.7207215267979312,1844007.52,7283586.53,0.25317300925921726,5,199,195,0.48205128205128206,3,2583795.0,0.031914893617021274,0.2830751439915319,1.0,9,28,41,0,0,2.5,0.5705070167496605,0.059868718877320044,0.5109940247803859,0.08
239,290.6,0,62,26,2.3846153846153846,4,5,9,0.8977272727272727,0.29545454545454547,0.7045454545454546,0.29545454545454547,39720986.28,451374.8440909091,1261363.9662325666,8611412.0,2.794493274814672,10249635.6,29471350.68,0.34778302872136974,4,199,196,0.4489795918367347,2,13300025.0,0.022727272727272728,0.33483622250076717,2.0,14,31,13,0,0,2.2222222222222223,0.4963842975206612,0.08729338842975205,0.5312546087623756,0.08
240,558.47,0,31,177,0.1751412429378531,3,1,3,0.9855769230769231,0.14903846153846154,0.14903846153846154,0.8509615384615384,1055732.1,5075.6350961538465,46659.051244843744,596699.68,9.19275132292321,956884.68,98847.42000000001,9.680421400983453,4,199,196,1.0612244897959184,2,597258.14,0.009615384615384616,0.5657288814084558,1.0,61,6,18,1,1,0.0,0.022212463017751483,0.7241355399408284,0.555781814125922,0.08
241,572.27,0,66,177,0.3728813559322034,4,1,4,0.9835390946502057,0.2716049382716049,0.2716049382716049,0.7283950617283951,3130259.58,12881.726666666667,161160.1591737019,2459756.75,12.510757551681882,3028967.79,101291.79,29.90338891236891,1,199,199,1.221105527638191,3,2460329.02,0.012345679012345678,0.7859824264158949,1.0,124,3,31,1,1,0.0,0.07376924249352232,0.5305593659503125,0.6274496570822362,0.08
242,426.68,0,218,180,1.211111111111111,5,1,5,0.9874371859296482,0.45226130653266333,0.5477386934673367,0.45226130653266333,3672092.74,9226.363668341708,171724.12946411414,3430189.25,18.61233045184949,3595292.14,76800.6,46.813334010411374,1,199,199,2.0,3,3431109.36,0.007537688442211055,0.934374375305129,0.0,414,0,47,1,1,0.0,0.30001767632130505,0.20454028938663163,0.7659147150378434,0.2
243,504.17,0,63,180,0.35,3,1,3,0.9876543209876543,0.25925925925925924,0.25925925925925924,0.7407407407407407,103677.89,426.6579835390946,146.7603180984624,504.17,0.3439764958365411,12927.29,90750.6,0.14244853477552766,1,199,199,1.221105527638191,3,863.52,0.012345679012345678,0.00832887320527067,1.0,126,0,31,1,1,0.0,0.06721536351165981,0.5486968449931412,0.5542938176095109,0.08
244,530.16,1,55,179,0.30726256983240224,3,2,5,0.9786324786324786,0.23504273504273504,0.23504273504273504,0.7649572649572649,98852.76999999999,422.447735042735,196.41468172032688,530.15,0.46494433613298336,4483.5,94369.26999999999,0.047510169359156855,3,199,197,1.1878172588832487,3,740.9399999999999,0.01282051282051282,0.007495389355300818,1.0,104,11,13,0,0,1.2,0.05524508729636936,0.5851596172108992,0.5434876459004825,0.08
245,469.41,0,45,180,0.25,3,1,3,0.9866666666666667,0.2,0.2,0.8,4182691.5,18589.74,205461.86781475684,2961051.25,11.052433644298244,4098197.7,84493.8,48.50293986067617,0,199,200,1.125,2,2961520.66,0.008888888888888889,0.7080418577368185,1.0,87,5,34,1,1,0.0,0.039999999999999994,0.6400000000000001,0.6045703500070235,0.18
246,574.37,0,39,177,0.22033898305084745,3,1,4,0.9814814814814815,0.18055555555555555,0.18055555555555555,0.8194444444444444,2041656.8800000001,9452.115185185186,110042.57277153064,1585650.5,11.642110851971667,1939995.16,101661.72,19.082848096609027,4,199,196,1.1020408163265305,3,1586368.3800000001,0.013888888888888888,0.7770004820790455,1.0,76,1,15,0,0,0.75,0.032600308641975315,0.6714891975308641,0.5822256232957324,0.18
247,455.68,0,72,180,0.4,4,1,5,0.9801587301587301,0.2857142857142857,0.2857142857142857,0.7142857142857143,1696820.04,6733.412857142857,67504.11003866399,804859.06,10.025244474212672,1614799.4400000002,82020.6,19.68773015559506,0,199,200,1.26,3,805314.7300000001,0.011904761904761904,0.47460232141058406,1.0,135,4,20,0,0,0.8,0.08163265306122448,0.5102040816326531,0.6232871578553996,0.08
248,403.71,0,60,178,0.33707865168539325,4,1,5,0.9789915966386554,0.25210084033613445,0.25210084033613445,0.7478991596638656,2980612.97,12523.583907563036,172396.0138349204,2659461.5,13.765709169785643,2908754.37,71858.59999999999,40.47886223778365,1,199,199,1.1959798994974875,2,2659865.2,0.008403361344537815,0.8923886552100725,1.0,79,1,26,0,0,0.8,0.06355483369818515,0.5593531530259163,0.618785093145162,0.08
249,408.13,1,80,177,0.4519774011299435,6,2,6,0.9766536964980544,0.311284046692607,0.311284046692607,0.688715953307393,100933.12,392.73587548638136,1361.0164250066389,22030.43,3.4654751703574225,29086.53,71846.59,0.4048421783135428,2,199,198,1.297979797979798,4,22438.56,0.01556420233463035,0.222311170010399,1.0,146,27,45,2,2,0.0,0.09689775772532513,0.47432966434011115,0.5753503814928483,0.08
250,536.2,0,49,180,0.2722222222222222,5,1,5,0.9781659388646288,0.21397379912663755,0.21397379912663755,0.7860262008733624,10734762.370000001,46876.69157205238,441962.7496141259,5827134.5,9.428198424259564,10638246.37,96516.00000000001,110.22261977288737,1,199,199,1.150753768844221,3,5827670.7,0.013100436681222707,0.5428784074705139,1.0,96,2,29,1,1,0.0,0.04578478671268665,0.6178371884594115,0.6308852231883424,0.08
251,511.67,1,57,180,0.31666666666666665,6,1,6,0.9746835443037974,0.24050632911392406,0.24050632911392406,0.759493670886076,123525.39,521.2041772151898,1560.0606698017548,24348.83,2.9931852774803294,31424.79,92100.6,0.3412007087901707,1,199,199,1.1909547738693467,3,24860.5,0.012658227848101266,0.20125821905925576,1.0,93,14,80,1,1,0.0,0.05784329434385514,0.5768306361160072,0.5496744598181607,0.08
252,589.3,0,89,176,0.5056818181818182,4,1,4,0.9849056603773585,0.33584905660377357,0.33584905660377357,0.6641509433962264,107758.71999999999,406.636679245283,258.05602519153047,589.29,0.6346107922937055,4043.68,103715.04,0.038988366585984056,0,199,200,1.325,4,753.32,0.01509433962264151,0.006990803157275812,1.0,162,6,25,1,1,0.0,0.11279458882164473,0.4410964756140976,0.5854714375888312,0.08
253,587.69,1,178,180,0.9888888888888889,1,1,2,0.994413407821229,0.4972067039106145,0.4972067039106145,0.5027932960893855,194736.14,543.9556983240225,43.979313686477354,587.69,0.08085091087745135,88951.94,105784.20000000001,0.8408811523838153,0,199,200,1.79,2,1087.42,0.00558659217877095,0.005584068781480418,1.0,315,2,5,0,0,0.5,0.24721450641365747,0.2528010985924285,0.6900761391046712,0.2
254,581.97,0,226,177,1.2768361581920904,5,1,5,0.9875930521091811,0.4392059553349876,0.5607940446650124,0.4392059553349876,2776270.91,6889.00970223325,79941.74610388436,1346394.25,11.604243506576742,2673263.99,103006.92000000001,25.9522757306014,4,199,196,2.056122448979592,4,1347533.92,0.009925558312655087,0.4853755140199916,0.0,429,4,18,1,1,0.0,0.3144899605317439,0.19290187120171912,0.7636079633892748,0.2
255,408.4,0,204,178,1.146067415730337,4,1,4,0.9895287958115183,0.46596858638743455,0.5340314136125655,0.46596858638743455,1185634.55,3103.7553664921475,42610.88004492741,822383.12,13.728813973211448,1112941.13,72693.42,15.310066990932603,0,199,200,1.91,4,823315.91,0.010471204188481676,0.6944095126107788,1.0,364,14,29,1,1,0.0,0.28518955072503493,0.21712672349990406,0.7351719550065592,0.2
256,549.83,0,0,180,0.0,0,1,1,0.9944444444444445,0.0,0.0,1.0,98969.40000000001,549.83,0.0,549.83,0.0,0.0,98969.40000000001,0.0,0,199,200,0.9,1,549.83,0.005555555555555556,0.005555555555555556,1.0,0,2,0,0,0,0.0,0.0,1.0,0.45004056068443776,0.0
257,540.26,1,65,181,0.35911602209944754,4,2,5,0.9796747967479675,0.26422764227642276,0.26422764227642276,0.7357723577235772,4181928.48,16999.709268292674,208193.49855220612,3193309.75,12.2468858300137,4084664.68,97263.8,41.995734075781535,0,199,200,1.23,3,3193867.01,0.012195121951219513,0.7637306628448126,1.0,110,11,32,1,1,0.6,0.06981624694295725,0.5413609623901117,0.6332993166747617,0.08
258,531.07,1,26,181,0.143646408839779,4,1,4,0.9806763285024155,0.12560386473429952,0.12560386473429952,0.8743961352657005,2844602.8400000003,13742.042705314005,135799.7379718192,1641290.75,9.882063451840816,2748997.88,95604.96,28.753716125188483,0,198,199,1.0402010050251256,3,1641821.82,0.014492753623188406,0.5771708432942435,1.0,52,5,24,1,1,0.0,0.01577633083619221,0.7645686013675932,0.5682790685289674,0.18
259,542.47,0,8,180,0.044444444444444446,4,1,4,0.9787234042553191,0.0425531914893617,0.0425531914893617,0.9574468085106383,1892320.8,10065.536170212765,77191.55644968177,846913.62,7.668896633456745,1794678.0,97642.8,18.380034165345524,0,199,200,0.94,3,847456.08,0.015957446808510637,0.4478395417943934,1.0,16,9,24,1,1,0.0,0.001810774105930283,0.916704391127207,0.5266242286070156,0.18
260,190.27,1,82,101,0.8118811881188119,7,5,10,0.9453551912568307,0.44808743169398907,0.44808743169398907,0.5519125683060109,685356.47,3745.1173224043714,47929.738047307044,650310.75,12.79792698631296,666313.66,19042.81,34.99030132632736,2,196,195,0.9384615384615385,6,650483.46,0.03278688524590164,0.9491169755791464,1.0,0,25,81,2,2,1.5,0.20078234644211534,0.3046074830541371,0.586401737543154,0.08
261,164.01,0,37,120,0.30833333333333335,3,6,9,0.9426751592356688,0.2356687898089172,0.2356687898089172,0.7643312101910829,1135953.07,7235.369872611465,86914.67791835789,1092631.12,12.012471988109674,1116273.07,19680.0,56.72119258130082,4,199,196,0.8010204081632653,6,1092631.12,0.03821656050955414,0.9618629051286424,0.0,0,75,25,0,0,2.0,0.05553977848999958,0.5842021988721653,0.5301747059641366,0.08
262,137.24,0,68,120,0.5666666666666667,4,6,10,0.9468085106382979,0.3617021276595745,0.3617021276595745,0.6382978723404256,187336.23,996.469308510638,7578.7099823235985,86030.42,7.605562878450351,170867.43,16468.800000000003,10.375220416788107,1,196,196,0.9591836734693877,7,86030.42,0.03723404255319149,0.4592300165323066,0.0,30,49,39,0,0,2.4,0.1308284291534631,0.40742417383431423,0.545721746732103,0.08
263,153.79,0,62,120,0.5166666666666667,4,6,10,0.945054945054945,0.34065934065934067,0.34065934065934067,0.6593406593406593,349101.85,1918.1420329670348,20295.2548606854,269953.93,10.58068407441765,330648.25,18453.6,17.91781820349417,8,199,192,0.9479166666666666,8,269953.93,0.04395604395604396,0.7732812931240554,0.0,72,71,27,0,0,2.4,0.11604878637845671,0.4347301050597754,0.552525579093915,0.08
264,120.78,0,379,120,3.158333333333333,4,6,8,0.9839679358717435,0.24048096192384769,0.7595190380761523,0.24048096192384769,1918390.69,3844.470320641282,75721.87377900835,1693431.75,19.696308584423527,1903898.29,14492.4,131.3721874913748,2,199,198,2.5202020202020203,9,1694045.0899999999,0.018036072144288578,0.8830553123670548,0.0,492,26,13,2,2,1.0,0.5768691692001237,0.05783109304781909,0.7627642552334202,0.08
265,158.71,0,39,100,0.39,4,5,9,0.935251798561151,0.2805755395683453,0.2805755395683453,0.7194244604316546,955069.27,6871.001942446043,52858.132747022406,543874.5,7.692929384939916,939198.27,15871.0,59.17700648982421,0,199,200,0.695,6,543874.5,0.04316546762589928,0.5694607889540829,0.0,25,30,28,0,0,2.2222222222222223,0.07872263340406811,0.5175715542673774,0.515572816450561,0.08
266,100.89,1,197,121,1.628099173553719,5,6,9,0.9716981132075472,0.3805031446540881,0.6194968553459119,0.3805031446540881,5324793.58,16744.633899371063,205916.53691626125,3171374.25,12.297464259519915,5312668.13,12125.449999999999,438.141935350853,0,199,200,1.59,8,3172527.6999999993,0.025157232704402517,0.595802945660853,1.0,242,31,26,2,2,1.3333333333333333,0.38377635378347374,0.14478264309164987,0.7108640099613542,0.08
267,115.1,0,108,120,0.9,6,6,12,0.9473684210526316,0.47368421052631576,0.47368421052631576,0.5263157894736842,1145980.52,5026.2303508771965,74246.91269032424,1123668.12,14.771888176069446,1132169.7200000002,13810.800000000001,81.97712804471864,3,196,194,1.175257731958763,9,1123684.1600000001,0.039473684210526314,0.9805438577612123,0.0,216,64,51,0,0,3.0,0.22437673130193905,0.2770083102493075,0.6401500649409485,0.08
268,133.34,0,48,120,0.4,2,6,8,0.9523809523809523,0.2857142857142857,0.2857142857142857,0.7142857142857143,16979.52,101.06857142857146,51.36551481533986,133.33,0.5082244073434993,979.92,15999.600000000002,0.06124653116327907,4,199,196,0.8571428571428571,7,805.8200000000002,0.041666666666666664,0.04745834982378772,0.0,54,58,12,0,0,1.5,0.08163265306122448,0.5102040816326531,0.4631015318518713,0.08
269,178.96,1,41,121,0.33884297520661155,4,6,10,0.9382716049382716,0.25308641975308643,0.25308641975308643,0.7469135802469136,647954.9,3999.7216049382705,44622.874319119255,568437.25,11.156495058062408,626476.32,21478.58,29.16749245061824,3,199,197,0.8223350253807107,6,568437.25,0.037037037037037035,0.8772790359329021,0.0,12,42,44,0,0,2.4,0.06405273586343546,0.5578798963572625,0.5258879924993718,0.08
270,171.85,0,232,120,1.9333333333333333,4,6,9,0.9744318181818182,0.3409090909090909,0.6590909090909091,0.3409090909090909,101490.37,288.32491477272725,170.72608262544156,451.82,0.5921308699944186,80868.37,20622.0,3.9214610610028124,3,199,197,1.7868020304568528,7,1482.9199999999998,0.019886363636363636,0.01461143554802293,1.0,240,20,28,1,1,1.6666666666666667,0.43440082644628103,0.11621900826446281,0.6449204383811808,0.2
271,133.83,0,33,120,0.275,5,6,11,0.9281045751633987,0.21568627450980393,0.21568627450980393,0.7843137254901961,254209.52000000002,1661.500130718954,17754.934753028796,220349.04,10.68608688303021,238149.92,16059.600000000002,14.829131485217564,0,198,199,0.7688442211055276,7,220349.04,0.0457516339869281,0.8668008971497212,0.0,36,59,72,0,0,2.727272727272727,0.0465205690119185,0.6151480199923106,0.489184840290861,0.08
272,162.05,0,40,120,0.3333333333333333,3,6,9,0.94375,0.25,0.25,0.75,251073.49000000002,1569.2093124999997,18001.06713707934,228553.2,11.47142512709205,231627.49000000002,19446.0,11.911318008845008,7,197,191,0.837696335078534,8,228553.2,0.05,0.9103039910744858,0.0,168,38,27,0,0,2.0,0.0625,0.5625,0.5083689663855943,0.08
273,104.12,1,66,141,0.46808510638297873,6,8,13,0.9371980676328502,0.3188405797101449,0.3188405797101449,0.6811594202898551,2451732.16,11844.116714975851,117463.9979678198,1384686.25,9.917497504841103,2437143.33,14588.83,167.0554341917755,0,199,200,1.035,8,1384686.25,0.03864734299516908,0.564778760335713,0.0,35,51,35,1,1,2.6923076923076925,0.10165931526990127,0.46397815584961144,0.6030024426123449,0.08
274,116.39,0,62,120,0.5166666666666667,4,6,10,0.945054945054945,0.34065934065934067,0.34065934065934067,0.6593406593406593,2384694.73,13102.718296703297,159657.6450497555,2150925.0,12.185078045211892,2370729.13,13965.599999999999,169.75490705734092,2,199,198,0.9191919191919192,7,2150925.0,0.038461538461538464,0.9019707943917836,0.0,6,35,40,0,0,2.4,0.11604878637845671,0.4347301050597754,0.5874906198230089,0.08
275,198.19,0,246,120,2.05,4,6,9,0.9754098360655737,0.32786885245901637,0.6721311475409836,0.32786885245901637,117629.42,321.3918579234973,182.52071071297928,499.07,0.5679070773361835,93846.62,23782.8,3.9459870158265637,0,199,200,1.83,7,1688.2100000000003,0.01912568306010929,0.01435193678588231,0.0,234,30,21,1,1,1.6666666666666667,0.4517602794947595,0.10749798441279226,0.6504406005605071,0.2
276,128.95,0,225,120,1.875,5,6,10,0.9710144927536232,0.34782608695652173,0.6521739130434783,0.34782608695652173,2557443.24,7412.8789565217385,91764.30085172398,1369097.75,12.379036726478738,2541970.44,15472.8,164.286389018148,1,199,199,1.7336683417085428,8,1369546.52,0.02318840579710145,0.5355139455607233,1.0,246,38,41,1,1,2.0,0.42533081285444235,0.12098298676748581,0.7068991982088881,0.08
277,139.48,0,37,120,0.30833333333333335,3,6,9,0.9426751592356688,0.2356687898089172,0.2356687898089172,0.7643312101910829,1716331.65,10932.048726114648,134794.130301744,1694509.5,12.330180159163184,1699595.25,16736.4,101.55082634258262,6,197,192,0.8177083333333334,6,1694509.5,0.03821656050955414,0.9872855866755124,0.0,120,42,28,0,0,2.0,0.05553977848999958,0.5842021988721653,0.5417742773635082,0.08
278,154.85,0,57,120,0.475,5,6,11,0.9378531073446328,0.3220338983050847,0.3220338983050847,0.6779661016949152,280477.41000000003,1584.6181355932206,18051.43612750033,240414.07,11.391663216540532,261895.41,18582.0,14.094037778495318,4,198,195,0.9076923076923077,7,240414.07,0.03954802259887006,0.8571601898348961,0.0,90,56,36,0,0,2.727272727272727,0.10370583165756966,0.45963803504740014,0.53738680753166,0.08
279,129.34,0,65,120,0.5416666666666666,4,6,10,0.9459459459459459,0.35135135135135137,0.35135135135135137,0.6486486486486487,155792.06000000003,842.1192432432431,9690.694689048674,132225.92,11.507508903046824,140272.46000000002,15519.600000000002,9.038406917704064,5,199,195,0.9487179487179487,6,132225.92,0.032432432432432434,0.8487333693385913,0.0,144,35,36,0,0,2.4,0.12344777209642074,0.4207450693937181,0.5380624065513631,0.08
280,295.61,0,23,22,1.0454545454545454,2,1,3,0.9333333333333333,0.4888888888888889,0.5111111111111111,0.4888888888888889,2180224.25,48449.42777777779,280523.1464158756,1890778.87,5.790019805859144,2173721.0500000003,6503.200000000001,334.2540672284414,4,197,194,0.23195876288659795,1,1890778.87,0.022222222222222223,0.8672405464713091,4.0,4,5,12,0,0,0.6666666666666666,0.2612345679012345,0.23901234567901236,0.46925128009202044,0.08
281,247.94,0,60,23,2.608695652173913,3,1,4,0.9518072289156626,0.27710843373493976,0.7228915662650602,0.27710843373493976,15822.42,190.63156626506023,42.10430509087364,247.94,0.22086743510427054,10119.8,5702.62,1.7745878210366461,4,199,196,0.42346938775510207,2,423.69,0.024096385542168676,0.02677782538954218,2.0,17,6,19,0,0,0.75,0.522572216577152,0.0767890840470315,0.37231318448455075,0.08
282,209.65,0,41,26,1.5769230769230769,3,1,4,0.9402985074626866,0.3880597014925373,0.6119402985074627,0.3880597014925373,14770.109999999999,220.44940298507464,174.70605475142457,1638.07,0.7924995594714898,9319.47,5450.639999999999,1.7097937122980054,1,197,197,0.3401015228426396,2,1638.07,0.029850746268656716,0.11090438730652649,2.5,11,7,53,0,0,0.75,0.3744709289374025,0.15059033192247717,0.37319559831480803,0.08
283,235.92,0,67,17,3.9411764705882355,4,1,5,0.9404761904761905,0.20238095238095238,0.7976190476190477,0.20238095238095238,1111437.17,13231.39488095238,116377.08835414861,1073112.25,8.79552680584588,1107426.7,4010.47,276.1338945310649,1,198,198,0.42424242424242425,2,1073112.25,0.023809523809523808,0.9655176909370415,2.0,10,8,23,0,0,0.8,0.6361961451247167,0.04095804988662131,0.44574834794107876,0.08
284,304.61,0,70,16,4.375,5,1,6,0.9302325581395349,0.18604651162790697,0.813953488372093,0.18604651162790697,1067286.7,12410.310465116285,111602.16236625826,1041274.56,8.992697054594801,1062413.1,4873.6,217.99349556795798,3,194,192,0.4479166666666667,3,1041274.56,0.03488372093023256,0.9756277858611,1.0,2,3,54,0,0,0.8333333333333334,0.662520281233099,0.03461330448891292,0.4470711206935463,0.08
285,214.17,0,6,13,0.46153846153846156,3,1,4,0.7894736842105263,0.3157894736842105,0.3157894736842105,0.6842105263157895,7980307.2,420016.16842105263,1262573.3111404944,5518245.5,3.006011211156056,7977523.12,2784.08,2865.407287146921,15,199,185,0.10270270270270271,1,5518245.5,0.05263157894736842,0.6914828416630378,8.5,0,4,20,0,0,0.75,0.09972299168975068,0.46814404432132967,0.4250358909423152,0.08
286,280.63,0,246,21,11.714285714285714,4,1,5,0.9812734082397003,0.07865168539325842,0.9213483146067416,0.07865168539325842,108554.1,406.56966292134837,235.9787564779405,564.34,0.5804140790592903,102660.87000000001,5893.23,17.420136325919746,0,199,200,1.335,4,874.71,0.0149812734082397,0.00805782554505081,1.0,53,2,30,0,0,0.8,0.8488827168286833,0.006186087615200098,0.5355982792269168,0.08
287,265.7,0,400,21,19.047619047619047,7,1,7,0.9833729216152018,0.0498812351543943,0.9501187648456056,0.0498812351543943,5295686.3100000005,12578.82733966746,141293.9001461974,2335543.25,11.232676650280878,5290106.61,5579.7,948.0987526211087,0,199,200,2.105,4,2336419.02,0.009501187648456057,0.44119286589692275,0.0,77,0,26,1,1,0.0,0.9027256673117394,0.0024881376205279845,0.7043657854267815,0.18
288,282.94,0,16,25,0.64,2,1,3,0.926829268292683,0.3902439024390244,0.3902439024390244,0.6097560975609756,2366771.73,57726.139756097546,330997.2434550877,2140411.5,5.733923052080143,2359698.23,7073.5,333.596978864777,7,199,193,0.21243523316062177,2,2140411.5,0.04878048780487805,0.9043590781777675,4.0,2,31,7,0,0,0.6666666666666666,0.1522903033908388,0.37180249851279,0.44596324775409524,0.08
289,219.88,1,44,14,3.142857142857143,5,2,6,0.896551724137931,0.2413793103448276,0.7586206896551724,0.2413793103448276,937556.17,16164.76155172414,91814.00783340492,657474.81,5.679886309465048,934681.0900000001,2875.08,325.09741989788114,1,196,196,0.29591836734693877,3,657474.81,0.05172413793103448,0.7012644479743545,5.0,6,9,26,1,1,0.6666666666666666,0.5755053507728893,0.058263971462544605,0.41891605246052444,0.08
290,381.73,0,42,27,1.5555555555555556,3,1,4,0.9420289855072463,0.391304347826087,0.6086956521739131,0.391304347826087,227677.63,3299.67579710145,22835.807788659928,190455.53,6.920621658867121,217370.91999999998,10306.710000000001,21.090233449859358,1,199,199,0.34673366834170855,2,190455.53,0.028985507246376812,0.8365140220407249,2.0,7,5,14,0,0,0.75,0.37051039697542537,0.15311909262759923,0.43221101703664594,0.08
291,294.8,0,28,20,1.4,3,1,4,0.9166666666666666,0.4166666666666667,0.5833333333333334,0.4166666666666667,1117996.33,23291.59020833334,158287.44984978586,1108452.87,6.7959056652625325,1112100.53,5895.8,188.62589131245971,4,198,195,0.24615384615384617,2,1108452.87,0.041666666666666664,0.9914637823542767,2.0,8,1,28,0,0,0.75,0.34027777777777773,0.1736111111111111,0.4447259873961418,0.08
292,368.17,0,15,10,1.5,2,1,3,0.88,0.4,0.6,0.4,3778495.4,151139.816,739513.818748654,3774002.75,4.892911995795033,3774813.7,3681.7000000000003,1025.290952549094,1,199,199,0.12562814070351758,2,3774002.75,0.08,0.9988109949796419,5.0,2,2,17,0,0,0.6666666666666666,0.36,0.16000000000000003,0.433146949087857,0.08
293,395.25,0,49,23,2.130434782608696,3,1,4,0.9444444444444444,0.3194444444444444,0.6805555555555556,0.3194444444444444,17421.46,241.96472222222226,141.49393469501933,395.25,0.5847709260900861,8330.710000000001,9090.75,0.9163941368973958,1,196,196,0.3673469387755102,2,708.22,0.027777777777777776,0.04065216118511308,2.0,4,2,46,0,0,0.75,0.4631558641975309,0.10204475308641973,0.3695270656062491,0.08
294,268.73,0,6,20,0.3,3,1,4,0.8461538461538461,0.23076923076923078,0.23076923076923078,0.7692307692307693,10826892.08,416418.92615384614,1659971.2416708732,8521733.0,3.9863011439052514,10821517.48,5374.6,2013.4554162170207,5,198,194,0.13402061855670103,2,8522001.73,0.07692307692307693,0.7871143137874521,5.0,1,9,21,0,0,0.75,0.05325443786982248,0.591715976331361,0.42358503893665694,0.08
295,295.82,0,241,18,13.38888888888889,4,1,4,0.9845559845559846,0.0694980694980695,0.9305019305019305,0.0694980694980695,105592.28,407.6922007722007,186.97982710596736,525.79,0.45862988487837897,100267.51999999999,5324.76,18.83042991609011,0,199,200,1.295,3,821.6099999999999,0.011583011583011582,0.007780966563085861,1.0,36,32,38,1,1,0.0,0.8658338426678196,0.004829981663958496,0.5275018743917366,0.08
296,339.92,0,25,17,1.4705882352941178,4,1,5,0.8809523809523809,0.40476190476190477,0.5952380952380952,0.40476190476190477,3946789.29,93971.17357142858,521399.15153792093,3411978.0,5.548501010701962,3941010.65,5778.64,681.996222294519,7,197,191,0.2198952879581152,1,3411978.0,0.023809523809523808,0.8644945927680877,4.0,0,22,33,0,0,0.8,0.3543083900226757,0.16383219954648526,0.4614954344283674,0.08
297,285.31,0,89,16,5.5625,4,1,5,0.9523809523809523,0.1523809523809524,0.8476190476190476,0.1523809523809524,25438.36,242.27009523809525,133.4792416641218,389.95,0.5509521987554539,20873.56,4564.8,4.572721696459867,2,197,196,0.5357142857142857,3,697.02,0.02857142857142857,0.027400351280507076,1.5,7,7,17,0,0,0.8,0.7184580498866213,0.02321995464852608,0.382218557747456,0.08
298,260.38,1,68,24,2.8333333333333335,4,2,6,0.9347826086956522,0.2608695652173913,0.7391304347826086,0.2608695652173913,645013.45,7011.0157608695645,61188.43922124695,589134.0,8.727471354829452,639021.11,5992.34,106.63966163468695,0,198,199,0.4623115577889447,3,589271.24,0.03260869565217391,0.9135797710884944,2.0,19,9,31,0,0,1.3333333333333333,0.546313799621928,0.06805293005671079,0.45484771049832173,0.08
299,346.95,0,224,16,14.0,4,1,5,0.9791666666666666,0.06666666666666667,0.9333333333333333,0.06666666666666667,1001258.3200000001,4171.909666666667,56917.36110840652,884087.93,13.642999407003742,995707.12,5551.2,179.36790603833407,2,199,198,1.2121212121212122,3,884675.68,0.0125,0.8835638739061864,1.0,41,11,31,0,0,0.8,0.8711111111111112,0.004444444444444444,0.5614816463668286,0.08
300,189.44,0,60,84,0.7142857142857143,3,6,9,0.9375,0.4166666666666667,0.4166666666666667,0.5833333333333334,12588.68,87.42138888888888,71.84989666553993,196.85,0.8218800636633666,9936.8,2651.88,3.747077544986952,1,194,194,0.7422680412371134,7,386.27,0.04861111111111111,0.03068391602614412,0.0,102,39,30,0,0,2.0,0.1736111111111111,0.34027777777777773,0.46205250819590826,0.08
301,191.97,0,57,144,0.3958333333333333,5,6,11,0.945273631840796,0.2835820895522388,0.2835820895522388,0.7164179104477612,680638.61,3386.2617412935324,35280.156141852785,455909.03,10.418614636792952,676032.05,4606.5599999999995,146.75420487305064,3,194,192,1.046875,7,455909.03,0.03482587064676617,0.6698254011772856,0.0,108,61,36,0,0,2.727272727272727,0.080418801514814,0.5132546224103364,0.5712835698848844,0.08
302,162.67,0,11,84,0.13095238095238096,2,6,8,0.9157894736842105,0.11578947368421053,0.11578947368421053,0.8842105263157894,10178575.32,107142.89810526319,595110.4410258316,5328285.5,5.554361992720803,10176298.08,2277.24,4468.698108236286,12,195,184,0.5163043478260869,7,5328285.5,0.07368421052631578,0.5234804805669012,0.0,12,12,5,0,0,1.5,0.013407202216066484,0.7818282548476454,0.4950030742095472,0.18
303,137.56,0,99,90,1.1,6,6,12,0.9365079365079365,0.47619047619047616,0.5238095238095238,0.47619047619047616,714919.4,3782.6423280423273,50804.55915076085,700379.06,13.43097093112007,712856.6000000001,2062.8,345.5771766530929,2,199,198,0.9545454545454546,6,700402.9700000001,0.031746031746031744,0.9796950117733553,0.0,18,41,26,0,0,3.0,0.2743764172335601,0.22675736961451246,0.5956202766354037,0.08
304,197.46,0,32,90,0.35555555555555557,3,6,9,0.9262295081967213,0.26229508196721313,0.26229508196721313,0.7377049180327869,276148.77,2263.514508196722,24575.83669614714,272597.71,10.857379799047992,273187.77,2961.0,92.2619959473151,0,199,200,0.61,7,272597.71,0.05737704918032787,0.9871407719831596,0.0,36,14,30,0,0,2.0,0.06879871002418704,0.5442085460897608,0.4692291937096398,0.08
305,163.89,0,45,120,0.375,2,6,8,0.9515151515151515,0.2727272727272727,0.2727272727272727,0.7272727272727273,4392.48,26.621090909090906,1.262542417256505,27.31,0.04742639667051946,1115.28,3277.2,0.3403149029659466,1,198,198,0.8333333333333334,7,189.54,0.04242424242424243,0.04315102174625724,0.0,54,43,8,0,0,1.5,0.07438016528925619,0.5289256198347108,0.42820890432978126,0.08
306,106.58,0,38,150,0.25333333333333335,3,6,9,0.9521276595744681,0.20212765957446807,0.20212765957446807,0.7978723404255319,235427.15000000002,1252.2720744680857,16668.140970136148,229184.76,13.31031914707201,232763.15000000002,2664.0000000000005,87.3735548048048,1,193,193,0.9740932642487047,7,229184.76,0.03723404255319149,0.9734848338435053,0.0,96,29,24,0,0,2.0,0.04085559076505206,0.6366002716161159,0.5210440925992933,0.08
307,108.47,0,77,78,0.9871794871794872,4,6,10,0.935483870967742,0.4967741935483871,0.4967741935483871,0.5032258064516129,9293.75,59.95967741935484,73.18859454084144,192.33,1.2206302250254657,7884.29,1409.46,5.5938373561505825,2,199,198,0.7828282828282829,7,300.75,0.04516129032258064,0.03236045729657028,1.0,36,44,17,0,0,2.4,0.2467845993756504,0.2532362122788761,0.4793604445896499,0.08
308,174.99,0,40,180,0.2222222222222222,2,6,8,0.9636363636363636,0.18181818181818182,0.18181818181818182,0.8181818181818182,10289.0,46.768181818181816,37.57738749886252,135.63,0.8034818981193269,5040.2,5248.8,0.9602575826855662,2,192,191,1.1518324607329844,6,252.01,0.02727272727272727,0.024493148022159586,0.0,0,84,19,0,0,1.5,0.033057851239669415,0.6694214876033058,0.4804469961256951,0.08
309,106.12,0,23,75,0.30666666666666664,3,5,8,0.9183673469387755,0.23469387755102042,0.23469387755102042,0.7653061224489796,1481313.79,15115.446836734693,110921.26246450876,1027631.5,7.338272143893199,1479722.29,1591.5,929.7658121269243,6,196,191,0.5130890052356021,5,1027631.5,0.05102040816326531,0.6937297869886163,0.0,0,37,18,0,0,1.875,0.055081216159933374,0.5856934610578924,0.4781036427323749,0.08
310,100.79,0,43,108,0.39814814814814814,3,6,9,0.9403973509933775,0.2847682119205298,0.2847682119205298,0.7152317880794702,3255052.74,21556.640662251655,246541.39395429683,3033736.0,11.436911614248936,3253239.42,1813.32,1794.0790483753558,3,196,194,0.7783505154639175,7,3033736.0,0.046357615894039736,0.9320082475837241,0.0,96,69,24,0,0,2.0,0.08109293452041577,0.5115565106793561,0.5576599036183393,0.08
311,139.38,0,22,96,0.22916666666666666,3,6,9,0.923728813559322,0.1864406779661017,0.1864406779661017,0.8135593220338984,37237.22,315.56966101694917,2122.407400807695,21020.75,6.7256383074597945,35007.14,2230.08,15.697705911895538,3,193,191,0.6178010471204188,7,21020.75,0.059322033898305086,0.5645091121195406,0.0,24,50,33,0,0,2.0,0.034760126400459626,0.6618787704682564,0.41408771328058674,0.08
312,151.9,0,97,105,0.9238095238095239,5,5,10,0.9504950495049505,0.4801980198019802,0.4801980198019802,0.5198019801980198,11969.380000000001,59.25435643564356,51.61396170996474,158.19,0.8710576709414254,8780.53,3188.85,2.753509886009063,2,196,195,1.035897435897436,8,417.59,0.039603960396039604,0.0348881896973778,0.0,155,45,44,0,0,2.5,0.23059013822174296,0.2701940986177826,0.5250171950462905,0.08
313,144.85,0,59,108,0.5462962962962963,3,6,9,0.9461077844311377,0.3532934131736527,0.3532934131736527,0.6467065868263473,7441.05,44.55718562874251,37.82268303491377,116.06,0.8488570923230728,4833.93,2607.12,1.854126392340974,0,199,200,0.835,7,252.36,0.041916167664670656,0.03391456850847663,0.0,48,19,13,0,0,2.0,0.12481623579188929,0.41822940944458387,0.45555405950873984,0.08
314,148.86,0,36,120,0.3,2,6,8,0.9487179487179487,0.23076923076923078,0.23076923076923078,0.7692307692307693,6349.72,40.70333333333334,45.786226141422745,159.63,1.1248765737799378,3373.72,2976.0,1.1336424731182795,5,195,191,0.8167539267015707,6,159.63,0.038461538461538464,0.025139691198982,0.0,30,48,8,0,0,1.5,0.05325443786982248,0.591715976331361,0.4244678716033543,0.08
315,158.49,0,72,132,0.5454545454545454,4,6,10,0.9509803921568627,0.35294117647058826,0.35294117647058826,0.6470588235294118,11471.3,56.231862745098034,60.14947698712184,191.63,1.0696689394726715,7985.18,3486.12,2.2905637212717864,1,198,198,1.0303030303030303,8,390.0700000000001,0.0392156862745098,0.03400399257276857,0.0,132,65,37,0,0,2.4,0.1245674740484429,0.4186851211072664,0.49777779263171423,0.08
316,167.93,0,65,120,0.5416666666666666,5,6,11,0.9405405405405405,0.35135135135135137,0.35135135135135137,0.6486486486486487,395737.60000000003,2139.122162162161,16840.016669728917,174316.31,7.872395961111229,392380.0,3357.6,116.86323564450798,3,197,195,0.9487179487179487,8,174473.22,0.043243243243243246,0.440881078775431,0.0,102,51,20,0,0,2.727272727272727,0.12344777209642074,0.4207450693937181,0.5574004907866166,0.08
317,142.3,0,72,90,0.8,4,6,10,0.9382716049382716,0.4444444444444444,0.4444444444444444,0.5555555555555556,9341.42,57.663086419753085,64.80532116244653,191.63,1.1238614716302595,7207.52,2133.9,3.3776278176109473,1,197,197,0.8223350253807107,7,211.19,0.043209876543209874,0.022607911859224828,0.0,60,37,41,0,0,2.4,0.19753086419753085,0.308641975308642,0.47622043211991477,0.08
318,136.83,0,15,150,0.1,1,6,7,0.9575757575757575,0.09090909090909091,0.09090909090909091,0.9090909090909091,3763.8,22.810909090909096,0.034497574474564426,22.92,0.0015123279101714037,343.8,3420.0,0.10052631578947369,2,197,196,0.8418367346938775,6,136.8,0.03636363636363636,0.03634624581539933,0.0,0,51,6,0,0,0.8571428571428571,0.008264462809917359,0.8264462809917354,0.3901661651509738,0.08
319,198.85,0,58,168,0.34523809523809523,5,6,11,0.9513274336283186,0.25663716814159293,0.25663716814159293,0.7433628318584071,1527182.81,6757.446061946903,73338.49781259036,1026896.12,10.852990484908235,1521615.29,5567.52,273.30216864959624,3,199,197,1.1472081218274113,7,1026921.3,0.030973451327433628,0.6724285352583297,0.0,78,27,25,0,0,2.727272727272727,0.06586263607173623,0.5525882997885505,0.5984223104690418,0.08
320,252.18,1,459,22,20.863636363636363,8,6,11,0.9771309771309771,0.04573804573804574,0.9542619542619543,0.04573804573804574,20267563.8,42136.30727650728,317955.0968223393,3974110.25,7.54586999605474,205488.96,20062074.84,0.010242657433930697,0,199,200,2.405,4,3975227.12,0.008316008316008316,0.1961373926944293,0.0,93,39,44,3,3,1.3636363636363635,0.9106158773518441,0.0020919688279355643,0.7617598765235128,0.18
321,355.42,0,37,18,2.0555555555555554,3,6,9,0.8363636363636364,0.32727272727272727,0.6727272727272727,0.32727272727272727,7295582.3100000005,132646.9510909091,426305.68730535347,1887726.5,3.213837059950111,79073.93,7216508.38,0.010957366892159003,3,198,196,0.28061224489795916,1,1887726.5,0.01818181818181818,0.2587492567128613,3.0,1,58,15,0,0,2.0,0.4525619834710744,0.10710743801652893,0.4747423833098968,0.08
322,286.24,0,62,25,2.48,4,6,10,0.8850574712643678,0.28735632183908044,0.7126436781609196,0.28735632183908044,21398707.13,245962.15091954026,801220.6268360587,5219992.0,3.2574956099573056,127625.08,21271082.05,0.005999933604694078,3,196,194,0.4484536082474227,3,5219992.0,0.034482758620689655,0.2439395972984654,2.0,12,22,33,0,0,2.4,0.5078610120227243,0.08257365570088518,0.5295153667218793,0.08
323,271.7,0,69,18,3.8333333333333335,4,6,10,0.8850574712643678,0.20689655172413793,0.7931034482758621,0.20689655172413793,5779426.23,66430.18655172414,219189.67795724876,1422684.12,3.299549336453879,1019931.82,4759494.41,0.2142941523068203,6,197,192,0.453125,3,1422684.12,0.034482758620689655,0.246163557312159,2.0,14,85,13,0,0,2.4,0.6290130796670631,0.042806183115338875,0.4874643572526248,0.08
324,212.77,0,208,29,7.172413793103448,4,6,9,0.9620253164556962,0.12236286919831224,0.8776371308016878,0.12236286919831224,26280022.78,110886.17206751056,480243.5240369146,3455108.25,4.330959533390052,7010004.51,19270018.27,0.36377778224078455,0,199,200,1.185,3,3455108.25,0.012658227848101266,0.1314728027035599,1.0,61,11,29,1,1,1.6666666666666667,0.7702469333618188,0.014972671758443263,0.6319422113031548,0.18
325,372.72,0,68,18,3.7777777777777777,4,6,10,0.8837209302325582,0.20930232558139536,0.7906976744186046,0.20930232558139536,2255784.4,26230.051162790704,123400.58276602917,1071794.75,4.704549831038155,255024.97999999998,2000759.42,0.1274640906101544,3,198,196,0.4387755102040816,3,1071794.75,0.03488372093023256,0.47513173244748036,1.0,3,47,19,0,0,2.4,0.6252028123309896,0.04380746349378043,0.4651603886538662,0.08
326,340.4,0,61,22,2.772727272727273,6,6,12,0.8554216867469879,0.26506024096385544,0.7349397590361446,0.26506024096385544,11002770.25,132563.4969879518,330288.0022162991,1821284.62,2.491545634514438,1260109.11,9742661.14,0.12933931416606778,3,198,196,0.42346938775510207,2,1821284.62,0.024096385542168676,0.16552964195539757,1.0,16,12,53,0,0,3.0,0.5401364494121063,0.0702569313398171,0.5056608323138588,0.08
327,380.6,0,0,15,0.0,0,6,6,0.6,0.0,0.0,1.0,36712792.29,2447519.486,3045080.7983462857,8611412.0,1.2441497670455262,0.0,36712792.29,0.0,2,194,193,0.07772020725388601,1,8611412.0,0.06666666666666667,0.23456161906664932,12.0,0,55,0,0,0,0.0,0.0,1.0,0.3746554107586014,0.1
328,290.32,1,103,24,4.291666666666667,8,6,14,0.889763779527559,0.1889763779527559,0.8110236220472441,0.1889763779527559,37940335.87,298742.8021259843,1160820.8990355656,8521733.0,3.8856865865040326,441434.01,37498901.86,0.011771918325717072,4,198,195,0.6512820512820513,2,8521876.52,0.015748031496062992,0.2246125745749757,1.0,13,25,102,0,0,3.4285714285714284,0.6577593155186311,0.035712071424142844,0.5530099546445445,0.18
329,335.38,0,39,14,2.7857142857142856,2,6,8,0.8490566037735849,0.2641509433962264,0.7358490566037735,0.2641509433962264,5264649.57,99333.01075471699,460693.3559256753,3340767.75,4.637867637610073,569.85,5264079.72,0.00010825253991404219,4,196,193,0.27461139896373055,3,3340779.9,0.05660377358490566,0.634568332721906,2.0,10,32,12,0,0,1.5,0.5414738341046635,0.06977572089711642,0.45380300308152555,0.08
330,223.78,0,267,31,8.612903225806452,6,6,11,0.9630872483221476,0.1040268456375839,0.8959731543624161,0.1040268456375839,35236049.55,118241.77701342283,670933.9577794756,7199816.0,5.674254690060274,118188.91,35117860.64,0.0033654928815732097,0,199,200,1.49,4,7200079.75,0.013422818791946308,0.20433845002354983,1.0,79,64,32,1,1,2.272727272727273,0.8027678933381379,0.010821584613305709,0.6713175774934916,0.18
331,279.59,0,253,22,11.5,6,6,11,0.96,0.08,0.92,0.08,5860217.46,21309.88167272727,145238.43232748713,1824539.5,6.815543819436858,723017.65,5137199.8100000005,0.14074158622224195,1,199,199,1.3819095477386936,4,1824947.38,0.014545454545454545,0.3114129112881077,1.0,45,72,35,1,1,2.272727272727273,0.8464,0.006399999999999997,0.6251613223040241,0.18
332,241.45,1,46,19,2.4210526315789473,2,7,9,0.8615384615384616,0.2923076923076923,0.7076923076923077,0.2923076923076923,20318496.18,312592.2489230769,1005185.1197101013,5053737.5,3.2156431363000895,7494.44,20311001.74,0.0003689842626147104,5,196,192,0.3385416666666667,2,5053737.5,0.03076923076923077,0.24872596156867746,2.0,1,60,14,0,0,1.5555555555555556,0.5008284023668639,0.08544378698224851,0.5035704430235175,0.08
333,208.42,0,68,28,2.4285714285714284,4,6,10,0.8958333333333334,0.2916666666666667,0.7083333333333334,0.2916666666666667,10750984.870000001,111989.42572916667,443576.0921866664,3356101.5,3.9608747816905794,4291610.31,6459374.5600000005,0.6644002867670828,3,196,194,0.4948453608247423,3,3356124.4,0.03125,0.31216901898588567,2.0,20,63,28,0,0,2.4,0.501736111111111,0.08506944444444443,0.5266183429694034,0.08
334,389.59,0,48,20,2.4,4,6,10,0.8529411764705882,0.29411764705882354,0.7058823529411765,0.29411764705882354,5809145.36,85428.60823529412,277929.9201219644,1738374.62,3.25335886728329,1485467.77,4323677.59,0.3435658045909015,1,198,198,0.3434343434343434,3,1738374.62,0.04411764705882353,0.2992479120887414,3.0,14,17,19,0,0,2.4,0.4982698961937716,0.08650519031141868,0.4791607715966001,0.08
335,243.18,0,65,20,3.25,4,6,10,0.8823529411764706,0.23529411764705882,0.7647058823529411,0.23529411764705882,5627436.220000001,66205.13200000001,217398.66864756582,1417612.0,3.283713242163248,233967.68000000002,5393468.54,0.04337981732252767,3,194,192,0.4427083333333333,3,1417612.0,0.03529411764705882,0.25191080708507785,2.0,12,28,32,0,0,2.4,0.5847750865051903,0.05536332179930797,0.49022118959188826,0.08
336,229.27,0,87,24,3.625,5,6,11,0.9009009009009009,0.21621621621621623,0.7837837837837838,0.21621621621621623,14284021.3,128684.8765765766,569263.8282703307,4251660.0,4.4237041944208455,518000.85000000003,13766020.45,0.03762894671567919,4,199,196,0.5663265306122449,2,4251682.8,0.018018018018018018,0.2976530705677399,1.0,18,52,25,0,0,2.727272727272727,0.6143170197224251,0.04674945215485757,0.5328092421149782,0.08
337,239.59,0,59,15,3.933333333333333,3,6,9,0.8783783783783784,0.20270270270270271,0.7972972972972973,0.20270270270270271,6913179.7,93421.3472972973,430535.94181056344,3322867.0,4.608539207216282,4169.59,6909010.11,0.0006035003471720206,5,198,194,0.38144329896907214,2,3322867.0,0.02702702702702703,0.4806568242396476,2.0,11,34,14,0,0,2.0,0.6356829802775749,0.04108838568298029,0.47367746215175566,0.08
338,275.61,0,27,19,1.4210526315789473,2,6,8,0.8260869565217391,0.41304347826086957,0.5869565217391305,0.41304347826086957,17398669.78,378231.95173913037,1005943.7006733277,4376767.5,2.6595947170722773,1819917.97,15578751.81,0.11682052530240547,15,193,179,0.2569832402234637,2,4376767.5,0.043478260869565216,0.2515575935024154,2.0,6,46,14,0,0,1.5,0.3445179584120983,0.17060491493383742,0.5037908884339409,0.08
339,309.28,0,47,16,2.9375,4,6,10,0.8412698412698413,0.25396825396825395,0.746031746031746,0.25396825396825395,17187183.080000002,272812.42984126986,661371.4100767961,3104720.25,2.424271542398567,6895883.95,10291299.13,0.6700693336080301,0,194,195,0.3230769230769231,2,3104730.47,0.031746031746031744,0.18064219456723213,2.0,5,32,24,0,0,2.4,0.5565633660871756,0.06449987402368354,0.4886027458242347,0.08
340,430.27,0,31,180,0.17222222222222222,4,1,4,0.981042654028436,0.14691943127962084,0.14691943127962084,0.8530805687203792,11317905.98,53639.36483412323,491908.0845117921,6752514.0,9.170654537632775,11240459.18,77446.8,145.1378130536058,0,199,200,1.055,2,6752944.26,0.009478672985781991,0.596660218942727,1.0,60,20,27,1,1,0.0,0.021585319287527226,0.7277464567282856,0.6035696611523274,0.18
341,597.74,0,222,180,1.2333333333333334,4,1,5,0.9875621890547264,0.44776119402985076,0.5522388059701493,0.44776119402985076,202061.23,502.6398756218905,371.29159581603295,7271.75,0.7386831284657887,94469.83,107591.40000000001,0.8780425758936122,1,199,199,2.020100502512563,3,8337.52,0.007462686567164179,0.041262344092431784,0.0,416,2,40,0,0,0.8,0.3049676988193362,0.20049008687903763,0.7070580172267495,0.2
342,596.6,0,39,180,0.21666666666666667,2,1,3,0.9863013698630136,0.1780821917808219,0.1780821917808219,0.821917808219178,111597.33,509.57684931506856,190.4775295622961,596.59,0.37379549290420155,4211.13,107386.20000000001,0.0392148153114646,0,199,200,1.095,3,808.1,0.0136986301369863,0.007241212670589879,1.0,75,2,24,0,0,0.6666666666666666,0.031713267029461444,0.6755488834678175,0.5203309915128236,0.08
343,429.68,0,56,180,0.3111111111111111,4,1,4,0.9830508474576272,0.23728813559322035,0.23728813559322035,0.7627118644067796,203562.69,862.5537711864406,7770.322674711425,119933.92,9.00850814671341,126222.09,77340.6,1.6320288438413975,0,199,200,1.18,2,120363.59,0.00847457627118644,0.5912851220427476,1.0,101,8,22,1,1,0.0,0.05630565929330653,0.5817293881068658,0.5577417848339051,0.08
344,481.18,0,61,180,0.3388888888888889,4,1,5,0.979253112033195,0.25311203319502074,0.25311203319502074,0.7468879668049793,153212.02,635.7345228215769,3483.7871680572293,54571.02,5.4799401998733,66601.42,86610.6,0.7689753910029488,1,199,199,1.2110552763819096,3,55052.189999999995,0.012448132780082987,0.35932030659213293,1.0,116,2,38,0,0,0.8,0.06406570134811727,0.5578416349580758,0.5596716312403193,0.08
345,535.99,0,28,180,0.15555555555555556,3,1,4,0.9807692307692307,0.1346153846153846,0.1346153846153846,0.8653846153846154,989052.22,4755.05875,38467.05463707748,517543.25,8.089711749003623,892575.82,96476.40000000001,9.251752967565123,1,199,199,1.0452261306532664,3,518079.23,0.014423076923076924,0.5238138285559887,1.0,46,4,16,0,0,0.75,0.018121301775147924,0.7488905325443788,0.5489771155343524,0.08
346,575.53,0,14,180,0.07777777777777778,1,1,2,0.9896907216494846,0.07216494845360824,0.07216494845360824,0.9278350515463918,103974.94,535.9532989690721,141.90961600571677,575.53,0.26477981622407337,379.53999999999996,103595.4,0.0036636761863943763,1,199,199,0.9748743718592965,2,602.64,0.010309278350515464,0.0057960120005839865,1.0,22,2,2,0,0,0.5,0.005207779785311933,0.8608778828780955,0.4782289057198426,0.08
347,499.08,0,105,180,0.5833333333333334,6,1,6,0.9789473684210527,0.3684210526315789,0.3684210526315789,0.631578947368421,2324419.84,8155.859087719295,127627.03425392197,2158160.75,15.648508989825082,2234587.24,89832.6,24.87501463833842,0,199,200,1.425,4,2158813.76,0.014035087719298246,0.9287538003461543,1.0,210,5,29,1,1,0.0,0.13573407202216067,0.39889196675900274,0.6695691672433444,0.08
348,583.41,0,23,178,0.12921348314606743,2,1,3,0.9850746268656716,0.11442786069651742,0.11442786069651742,0.8855721393034826,770441.8,3833.043781094528,42535.31802977154,602961.93,11.097008137388285,666596.6000000001,103845.2,6.419137331335489,3,199,197,1.0203045685279188,2,603545.3300000001,0.009950248756218905,0.7833756294115922,1.0,46,4,7,0,0,0.6666666666666666,0.0130937353035816,0.7842380139105467,0.535719561002091,0.08
349,464.49,0,68,176,0.38636363636363635,5,1,5,0.9795081967213115,0.2786885245901639,0.2786885245901639,0.7213114754098361,1185229.9000000001,4857.499590163934,54290.7579662259,810160.43,11.176688120810251,1103481.4200000002,81748.48000000001,13.498494650909718,3,199,197,1.2385786802030456,4,810993.56,0.01639344262295082,0.6842500007804393,1.0,93,5,47,1,1,0.0,0.0776672937382424,0.5202902445579146,0.6113015036968972,0.08
350,499.69,1,270,179,1.5083798882681565,8,2,9,0.9799554565701559,0.3986636971046771,0.6013363028953229,0.3986636971046771,2003593.75,4462.346881959911,77740.14671833393,1643188.25,17.421358933931558,1914645.85,88947.9,21.52547558739442,3,199,197,2.279187817258883,5,1644096.8299999998,0.011135857461024499,0.820573946190439,0.0,488,22,81,1,1,0.7777777777777778,0.36160534917981557,0.1589327433891697,0.7719398542645123,0.2
351,499.73,1,203,179,1.1340782122905029,5,2,7,0.981675392670157,0.468586387434555,0.5314136125654451,0.468586387434555,2105278.45,5511.200130890054,71984.62186272036,1346411.25,13.061514761412758,2016313.99,88964.46,22.66426379702636,3,199,197,1.9390862944162437,3,1347416.27,0.007853403141361256,0.6400180793186763,1.0,368,8,37,0,0,1.4285714285714286,0.2824004276198569,0.21957320248896686,0.7508822551989256,0.2
352,534.01,1,226,181,1.2486187845303867,5,2,7,0.9828009828009828,0.44471744471744473,0.5552825552825553,0.44471744471744473,1946814.55,4783.328132678134,50168.566073397946,692587.0,10.488213369821464,1850675.44,96139.11,19.249974750130306,0,199,200,2.035,4,693121.01,0.009828009828009828,0.3560282667909997,0.0,404,5,38,0,0,1.4285714285714286,0.30833871620112413,0.19777360563601348,0.7550633180477211,0.2
353,440.4,0,266,180,1.4777777777777779,7,2,7,0.984304932735426,0.40358744394618834,0.5964125560538116,0.40358744394618834,16025034.92,35930.571569506734,409483.3173802926,7496654.0,11.396515543543693,15945764.72,79270.2,201.15711477957672,1,199,199,2.241206030150754,5,7497404.23,0.011210762331838564,0.46785571871939485,0.0,467,2,82,2,2,0.0,0.35570793701864095,0.16288282491101774,0.8122180435751885,0.2
354,521.95,0,41,180,0.22777777777777777,3,1,4,0.9819004524886877,0.18552036199095023,0.18552036199095023,0.8144796380090498,192231.48,869.8257013574662,6091.000175573342,91192.48,7.002552541351231,98280.48,93951.00000000001,1.0460823195069768,0,199,200,1.105,2,91714.43,0.00904977375565611,0.47710411426890115,1.0,80,1,41,0,0,0.75,0.03441780471325321,0.6633770807313527,0.5346678087083341,0.08
355,443.75,1,57,178,0.3202247191011236,5,2,6,0.9744680851063829,0.2425531914893617,0.2425531914893617,0.7574468085106383,286497.31,1219.1374893617024,12468.082686583852,191756.68,10.22697012878482,207942.59,78554.72,2.6471049734503542,4,199,196,1.1989795918367347,3,191756.68,0.01276595744680851,0.66931406790521,1.0,105,39,49,1,1,0.6666666666666666,0.058832050701674965,0.5737256677229515,0.568739617285674,0.08
356,468.04,1,54,180,0.3,6,1,7,0.9700854700854701,0.23076923076923078,0.23076923076923078,0.7692307692307693,88168.85,376.7899572649573,169.9618034929595,468.04,0.4510783799193538,3921.65,84247.2,0.04654932152047783,1,199,199,1.1758793969849246,3,667.0500000000001,0.01282051282051282,0.007565597146838141,1.0,84,1,67,0,0,0.8571428571428571,0.05325443786982248,0.591715976331361,0.5384579801579905,0.08
357,592.51,0,82,176,0.4659090909090909,5,1,5,0.9806201550387597,0.3178294573643411,0.3178294573643411,0.6821705426356589,2865285.64,11105.758294573641,169675.17604506342,2731132.0,15.278126134616851,2761003.88,104281.76,26.47638359766847,0,199,200,1.29,3,2731922.3899999997,0.011627906976744186,0.9534555130775721,1.0,134,10,22,1,1,0.0,0.10101556396851151,0.46535664923982933,0.6449221114757794,0.08
358,579.8,1,1,180,0.005555555555555556,1,2,3,0.9834254143646409,0.0055248618784530384,0.0055248618784530384,0.994475138121547,103804.53,573.5056906077348,59.45235685929761,579.79,0.10366480722501097,11.06,103793.46999999999,0.0001065577632195937,2,199,198,0.9141414141414141,3,601.9099999999999,0.016574585635359115,0.005798494535835766,1.0,3,5,53,0,0,0.6666666666666666,3.052409877598356e-05,0.98898080034187,0.4545776364195841,0.0
359,563.62,0,56,180,0.3111111111111111,5,1,5,0.978813559322034,0.23728813559322035,0.23728813559322035,0.7627118644067796,2491879.8800000004,10558.813050847457,101170.07105605803,1325021.12,9.5815761268676,2390430.08,101449.8,23.562688935808648,0,199,200,1.18,3,1325584.7300000002,0.012711864406779662,0.5319617292307044,1.0,105,5,40,1,1,0.0,0.05630565929330653,0.5817293881068658,0.6097016563274055,0.08
360,103.55,0,61,120,0.5083333333333333,4,6,10,0.9447513812154696,0.3370165745856354,0.3370165745856354,0.6629834254143646,7186854.41,39706.37795580111,530910.0638276704,7162610.5,13.370901380595567,7174428.41,12426.0,577.3723169161436,3,198,196,0.923469387755102,7,7162610.5,0.03867403314917127,0.9966266312607827,0.0,48,28,35,0,0,2.4,0.11358017154543514,0.4395470223741644,0.610379841340561,0.08
361,114.84,0,61,120,0.5083333333333333,3,6,9,0.9502762430939227,0.3370165745856354,0.3370165745856354,0.6629834254143646,18024.31,99.58182320441988,37.019509139059636,134.32,0.3717496622156296,4244.71,13779.6,0.30804304914511305,0,199,200,0.905,7,759.22,0.03867403314917127,0.042122000786715276,0.0,90,35,20,0,0,2.0,0.11358017154543514,0.4395470223741644,0.482981649237955,0.08
362,125.69,0,48,120,0.4,3,6,9,0.9464285714285714,0.2857142857142857,0.2857142857142857,0.7142857142857143,5106205.63,30394.08113095238,312960.40962487337,3973287.25,10.296755091114246,5091122.83,15082.8,337.5449405945846,6,199,194,0.865979381443299,6,3973402.08,0.03571428571428571,0.7781515998210985,0.0,0,39,14,0,0,2.0,0.08163265306122448,0.5102040816326531,0.5830334678236471,0.08
363,178.42,0,50,120,0.4166666666666667,2,6,8,0.9529411764705882,0.29411764705882354,0.29411764705882354,0.7058823529411765,22167.46,130.3968235294118,74.38219654494758,178.41,0.5704295130177786,758.26,21409.2,0.035417484072267996,1,191,191,0.8900523560209425,8,1100.7500000000002,0.047058823529411764,0.04965611757052907,0.0,120,75,17,0,0,1.5,0.08650519031141868,0.4982698961937716,0.4760987711138022,0.08
364,184.23,0,45,120,0.375,4,6,10,0.9393939393939394,0.2727272727272727,0.2727272727272727,0.7272727272727273,2205270.06,13365.2730909091,139324.48203485878,1777170.87,10.424364776326616,2183163.66,22106.4,98.75708663554445,4,199,196,0.8418367346938775,6,1777170.87,0.03636363636363636,0.8058744832367606,0.0,0,24,30,0,0,2.4,0.07438016528925619,0.5289256198347108,0.5587294839695316,0.08
365,158.29,0,42,120,0.35,4,6,10,0.9382716049382716,0.25925925925925924,0.25925925925925924,0.7407407407407407,3933826.69,24282.880802469135,201386.46370291826,2272511.5,8.293351408389768,3914833.0900000003,18993.6,206.11327447140093,1,196,196,0.826530612244898,6,2272511.5,0.037037037037037035,0.577684702220575,0.0,24,81,18,0,0,2.4,0.06721536351165981,0.5486968449931412,0.5652928406583003,0.08
366,171.81,0,228,120,1.9,5,6,10,0.9712643678160919,0.3448275862068966,0.6551724137931034,0.3448275862068966,720542.82,2070.5253448275857,28185.264043686693,520518.43,13.612614843907503,699926.82,20616.0,33.950660651920835,3,199,197,1.766497461928934,9,522040.81999999995,0.02586206896551724,0.7245104739229793,1.0,306,48,38,1,1,2.0,0.42925089179548154,0.11890606420927469,0.6839542199107224,0.08
367,180.71,1,54,141,0.3829787234042553,4,7,11,0.9435897435897436,0.27692307692307694,0.27692307692307694,0.7230769230769231,51408.22,263.63189743589743,1419.8746252734338,20031.36,5.385822577173837,26105.78,25302.440000000002,1.031749507162155,0,199,200,0.975,8,20031.36,0.041025641025641026,0.3896528609627021,0.0,301,82,29,0,0,2.5454545454545454,0.07668639053254439,0.5228402366863905,0.5045906131843262,0.08
368,106.64,1,40,140,0.2857142857142857,3,7,10,0.9444444444444444,0.2222222222222222,0.2222222222222222,0.7777777777777778,15301.64,85.00911111111111,40.45210879393735,106.63,0.4758561554780221,373.44,14928.199999999999,0.025015742018461705,2,197,196,0.9183673469387755,7,746.41,0.03888888888888889,0.048779738642393884,0.0,0,56,20,0,0,2.1,0.04938271604938271,0.6049382716049383,0.4589292864333609,0.08
369,108.46,0,36,120,0.3,2,6,8,0.9487179487179487,0.23076923076923078,0.23076923076923078,0.7692307692307693,16820.2,107.82179487179489,28.200066818596497,158.19,0.26154328864704657,3806.2,13014.0,0.2924696480713078,3,196,194,0.8041237113402062,6,650.7,0.038461538461538464,0.03868562799491088,0.0,0,65,24,0,0,1.5,0.05325443786982248,0.591715976331361,0.44237595985599537,0.08
370,186.89,0,65,120,0.5416666666666666,5,6,11,0.9405405405405405,0.35135135135135137,0.35135135135135137,0.6486486486486487,1393371.4500000002,7531.737567567568,94926.87573932727,1294007.12,12.60358249178677,1370945.85,22425.6,61.13307336258563,3,197,195,0.9487179487179487,8,1294207.0,0.043243243243243246,0.9288312890292103,0.0,138,23,30,0,0,2.727272727272727,0.12344777209642074,0.4207450693937181,0.5835115565079774,0.08
371,103.94,0,80,120,0.6666666666666666,4,6,10,0.95,0.4,0.4,0.6,23779.4,118.897,27.69238272521886,197.19,0.2329106935012562,11306.6,12472.8,0.9065005451863255,4,199,196,1.0204081632653061,8,878.9800000000002,0.04,0.036963926760136934,0.0,240,46,38,0,0,2.4,0.16000000000000003,0.36,0.5207010867269821,0.08
372,122.51,0,60,120,0.5,3,6,9,0.95,0.3333333333333333,0.3333333333333333,0.6666666666666666,25284.2,140.46777777777777,25.46342159856316,179.57,0.18127589117873488,10583.0,14701.2,0.7198732076293092,4,197,194,0.9278350515463918,6,735.0600000000001,0.03333333333333333,0.029071910521195055,0.0,120,21,50,0,0,2.0,0.11111111111111112,0.4444444444444445,0.493190740800605,0.08
373,104.06,0,38,120,0.31666666666666665,4,6,10,0.9367088607594937,0.24050632911392406,0.24050632911392406,0.759493670886076,671172.18,4247.925189873419,39191.85983537628,481693.0,9.226118183249863,658686.18,12486.0,52.75397885631908,1,197,197,0.8020304568527918,6,481693.0,0.0379746835443038,0.7176891628613092,0.0,0,32,29,0,0,2.4,0.05784329434385514,0.5768306361160072,0.52041138572078,0.08
374,101.53,0,21,120,0.175,2,6,8,0.9432624113475178,0.14893617021276595,0.14893617021276595,0.851063829787234,470042.73,3333.636382978725,37477.57043021574,446752.68,11.24224904118912,457860.33,12182.4,37.58375443262412,7,197,191,0.7382198952879581,7,446752.68,0.04964539007092199,0.9504512068509176,0.0,42,52,9,0,0,1.5,0.02218198279764599,0.724309642372114,0.48283236146023745,0.08
375,184.4,0,77,120,0.6416666666666667,5,6,11,0.9441624365482233,0.39086294416243655,0.39086294416243655,0.6091370558375635,378546.71,1921.5569035533,25058.830220397293,352743.62,13.040899373866612,356419.91,22126.8,16.108063976716018,1,196,196,1.0051020408163265,8,352759.51,0.04060913705583756,0.9318784199709462,0.0,72,35,28,0,0,2.727272727272727,0.15277384111932799,0.37104795279445496,0.5737772891270801,0.08
376,133.06,1,3,141,0.02127659574468085,2,7,9,0.9375,0.020833333333333332,0.020833333333333332,0.9791666666666666,182630.95,1268.2704861111113,9867.1683404815,104718.75,7.780018890715597,164000.93,18630.02,8.803046373541198,9,199,191,0.7539267015706806,8,104718.75,0.05555555555555555,0.5733899429423107,0.0,7,52,15,0,0,1.5555555555555556,0.0004340277777777785,0.958767361111111,0.44056459326528574,0.0
377,116.07,0,73,120,0.6083333333333333,5,6,11,0.9430051813471503,0.37823834196891193,0.37823834196891193,0.6217616580310881,3388582.76,17557.423626943004,158828.1240642395,1624603.5,9.046209024683295,3374655.56,13927.2,242.30682118444483,0,194,195,0.9897435897435898,6,1624611.62,0.031088082901554404,0.4794369018155544,0.0,0,55,43,0,0,2.727272727272727,0.14306424333539156,0.3865875593975677,0.6141867310801257,0.08
378,114.88,0,47,120,0.39166666666666666,3,6,9,0.9461077844311377,0.281437125748503,0.281437125748503,0.718562874251497,4337485.7700000005,25972.968682634735,238135.18220540136,2745101.25,9.168577728452586,4323701.37,13784.400000000001,313.6662727431009,1,198,198,0.8434343434343434,6,2745101.25,0.03592814371257485,0.6328784451551065,0.0,6,30,21,0,0,2.0,0.07920685574957868,0.5163326042525727,0.5747892281254173,0.08
379,165.61,0,61,120,0.5083333333333333,4,6,10,0.9447513812154696,0.3370165745856354,0.3370165745856354,0.6629834254143646,52355.490000000005,289.25685082872934,1852.0930088411787,25136.09,6.402935673035498,32482.29,19873.2,1.6344770847171064,3,196,194,0.9329896907216495,8,26261.71,0.04419889502762431,0.5016037477636061,0.0,246,55,25,0,0,2.4,0.11358017154543514,0.4395470223741644,0.5099056412269208,0.08
380,393.72,0,65,27,2.4074074074074074,5,1,6,0.9347826086956522,0.29347826086956524,0.7065217391304348,0.29347826086956524,1736570.27,18875.763804347825,123250.93068860202,1024606.75,6.529586403291003,1725939.83,10630.44,162.35826833132023,1,197,197,0.467005076142132,2,1024606.75,0.021739130434782608,0.5900174428299985,2.0,4,1,42,0,0,0.8333333333333334,0.4991729678638942,0.08612948960302458,0.48296980016537483,0.08
381,301.0,1,5,25,0.2,4,2,6,0.8,0.16666666666666666,0.16666666666666666,0.8333333333333334,1687058.59,56235.28633333334,254761.65246027216,1410174.25,4.530281057878472,1679818.88,7239.71,232.02847627874596,3,192,190,0.15789473684210525,1,1410174.25,0.03333333333333333,0.8358774605451017,7.0,0,21,84,0,0,1.3333333333333333,0.02777777777777777,0.6944444444444445,0.37906336230963167,0.08
382,380.22,0,6,13,0.46153846153846156,2,1,3,0.8421052631578947,0.3157894736842105,0.3157894736842105,0.6842105263157895,666094.74,35057.61789473684,80786.34657845514,321978.59,2.304387788726042,661151.88,4942.860000000001,133.75897354972625,12,184,173,0.10982658959537572,2,321978.59,0.10526315789473684,0.4833825740764745,7.0,1,1,5,0,0,0.6666666666666666,0.09972299168975068,0.46814404432132967,0.3756435833678128,0.08
383,300.49,0,257,20,12.85,6,1,7,0.9747292418772563,0.07220216606498195,0.927797833935018,0.07220216606498195,2911409.15,10510.502346570394,168337.20834690653,2807111.25,16.01609540592847,2905399.55,6009.6,483.45972277689026,0,199,200,1.385,4,2807428.77,0.01444043321299639,0.9642852053274615,1.0,64,2,44,0,0,0.8571428571428571,0.8608088206545113,0.005213152784475233,0.6095174202785967,0.18
384,314.77,0,56,14,4.0,4,1,5,0.9285714285714286,0.2,0.8,0.2,2267375.52,32391.078857142857,258087.67466028497,2174730.25,7.967862873556979,2262968.88,4406.639999999999,513.5361363760144,1,198,198,0.35353535353535354,2,2174730.25,0.02857142857142857,0.9591398649307107,3.0,6,1,41,0,0,0.8,0.6400000000000001,0.039999999999999994,0.44328855193548977,0.18
385,335.71,0,78,18,4.333333333333333,7,1,8,0.9166666666666666,0.1875,0.8125,0.1875,6605148.96,68803.63500000001,503642.694928652,4819129.0,7.320001260524273,6599106.36,6042.599999999999,1092.0971700923444,3,198,196,0.4897959183673469,3,4819129.0,0.03125,0.7296018650274316,2.0,8,1,31,0,0,0.875,0.66015625,0.03515625,0.4945650259670009,0.18
386,361.02,0,98,19,5.157894736842105,6,1,7,0.9401709401709402,0.1623931623931624,0.8376068376068376,0.1623931623931624,388339.76,3319.143247863248,34032.13759641666,369829.03,10.253289796493537,381480.57,6859.19,55.61597943780534,0,199,200,0.585,3,369829.03,0.02564102564102564,0.9523336729671976,1.0,23,11,26,0,0,0.8571428571428571,0.7015852144057273,0.02637153919205201,0.45116612414316254,0.08
387,351.57,0,85,14,6.071428571428571,5,1,6,0.9393939393939394,0.1414141414141414,0.8585858585858586,0.1414141414141414,7885598.98,79652.51494949496,787035.2227346658,7870902.0,9.880858416506987,7880677.0,4921.98,1601.1192650112355,3,199,197,0.5025380710659898,3,7870902.0,0.030303030303030304,0.9981362252839289,1.0,3,7,26,0,0,0.8333333333333334,0.7371696765636159,0.019997959391898787,0.49182887739157716,0.18
388,398.11,1,48,24,2.0,6,2,7,0.9027777777777778,0.3333333333333333,0.6666666666666666,0.3333333333333333,512504.75,7118.121527777779,33614.240253443706,220402.23,4.72234705775497,503336.42,9168.33,54.89946587873691,2,198,197,0.36548223350253806,2,220506.35,0.027777777777777776,0.4302523049786368,2.0,5,17,49,1,1,0.7142857142857143,0.4444444444444445,0.11111111111111112,0.44200223025777846,0.08
389,349.39,0,30,19,1.5789473684210527,3,1,4,0.9183673469387755,0.3877551020408163,0.6122448979591837,0.3877551020408163,7262732.09,148219.02224489793,731588.7740595818,5001880.5,4.935862907331821,7256093.68,6638.41,1093.0469314188185,4,199,196,0.25,2,5001880.5,0.04081632653061224,0.6887050820567994,2.0,9,2,28,0,0,0.75,0.3748438150770512,0.15035401915868388,0.4787753319472376,0.08
390,381.16,0,42,23,1.826086956521739,3,1,4,0.9384615384615385,0.35384615384615387,0.6461538461538462,0.35384615384615387,752916.3200000001,11583.328000000001,88679.69920192513,720857.43,7.655804894925286,744149.64,8766.68,84.88386025268403,2,194,193,0.33678756476683935,2,720857.43,0.03076923076923077,0.9574203810590797,3.0,10,7,21,0,0,0.75,0.41751479289940824,0.12520710059171597,0.4470878125404939,0.08
391,241.22,0,92,26,3.5384615384615383,6,1,7,0.940677966101695,0.22033898305084745,0.7796610169491526,0.22033898305084745,3644011.44,30881.45288135593,331954.71649282845,3621520.0,10.749323154197825,3637739.72,6271.72,580.0226604504028,1,196,196,0.6020408163265306,2,3621678.61,0.01694915254237288,0.9938713611722361,1.0,24,1,82,0,0,0.8571428571428571,0.6078713013501867,0.048549267451881636,0.5127228788025916,0.08
392,307.08,0,44,23,1.9130434782608696,4,1,5,0.9253731343283582,0.34328358208955223,0.6567164179104478,0.34328358208955223,1577451.84,23544.057313432837,180433.59093995526,1487507.25,7.663657480013464,1570389.23,7062.61,222.35253397823186,2,194,193,0.3471502590673575,2,1487684.0,0.029850746268656716,0.9430931343044996,2.0,3,1,29,0,0,0.8,0.4312764535531299,0.11784361773223434,0.4628614917064853,0.08
393,319.72,0,53,14,3.7857142857142856,3,1,4,0.9402985074626866,0.208955223880597,0.7910447761194029,0.208955223880597,11197.02,167.11970149253727,108.95566300749783,319.72,0.651961809615626,6720.94,4476.08,1.5015236546263695,2,199,198,0.3383838383838384,2,332.24,0.029850746268656716,0.02967218063377577,2.5,1,6,53,0,0,0.75,0.6257518378257964,0.04366228558699043,0.33120744568067884,0.08
394,365.14,0,224,23,9.73913043478261,4,1,5,0.979757085020243,0.0931174089068826,0.9068825910931174,0.0931174089068826,2452209.83,9927.975020242919,98220.6431344843,1442595.5,9.893320937473614,2443811.61,8398.22,290.9916160805504,1,199,199,1.2412060301507537,3,1442595.5,0.012145748987854251,0.5882838745491857,1.0,48,15,18,0,0,0.8,0.8224360340277664,0.008670851841531577,0.5896556451791858,0.18
395,296.44,0,89,21,4.238095238095238,4,1,5,0.9545454545454546,0.19090909090909092,0.8090909090909091,0.19090909090909092,16585.0,150.77272727272728,96.9120833155597,296.44,0.6427693195484815,10359.76,6225.24,1.66415431372927,4,196,193,0.5699481865284974,4,640.94,0.03636363636363636,0.03864576424479952,1.0,23,6,48,0,0,0.8,0.6546280991735537,0.03644628099173554,0.3883136117715808,0.08
396,358.21,0,253,22,11.5,7,1,8,0.9709090909090909,0.08,0.92,0.08,3957705.25,14391.655454545456,187589.01507168156,3033061.0,13.03456823741799,3949824.85,7880.4,501.2213656667175,1,199,199,1.3819095477386936,4,3033929.45,0.014545454545454545,0.7665880247145742,1.0,42,18,32,0,0,0.875,0.8464,0.006399999999999997,0.6170188395802723,0.18
397,277.71,0,87,20,4.35,5,1,6,0.9439252336448598,0.18691588785046728,0.8130841121495327,0.18691588785046728,595530.56,5565.7061682242975,55948.37792537914,581587.5,10.052341290454633,589976.56,5554.0,106.22552394670508,4,199,196,0.5459183673469388,3,581754.39,0.028037383177570093,0.9768674003899984,1.0,27,5,23,0,0,0.8333333333333334,0.6611057734299939,0.03493754913092847,0.4567161486686935,0.08
398,317.28,0,40,20,2.0,3,1,4,0.9333333333333333,0.3333333333333333,0.6666666666666666,0.3333333333333333,2413967.0,40232.78333333333,306439.7405129248,2394025.75,7.616667680533946,2407621.6,6345.4,379.42786900747,0,178,179,0.33519553072625696,2,2394025.75,0.03333333333333333,0.991739220130184,2.0,8,1,20,0,0,0.75,0.4444444444444445,0.11111111111111112,0.46676096175698367,0.08
399,370.26,0,79,15,5.266666666666667,4,1,5,0.9468085106382979,0.1595744680851064,0.8404255319148937,0.1595744680851064,15888.710000000001,169.0288297872341,108.05135706470429,370.26,0.6392480927704137,10334.81,5553.9,1.860820324456688,3,193,191,0.49214659685863876,3,503.26000000000005,0.031914893617021274,0.03167406290378514,1.0,9,1,37,0,0,0.8,0.706315074694432,0.02546401086464463,0.3644143150564259,0.08
400,179.81,0,83,189,0.43915343915343913,5,7,12,0.9558823529411765,0.30514705882352944,0.30514705882352944,0.6948529411764706,106067.17,389.9528308823529,5751.437686180568,95067.93,14.749059964936508,101213.65,4853.5199999999995,20.85365878784882,4,198,195,1.3948717948717948,9,95236.0,0.03308823529411765,0.8978838598220354,0.0,238,90,54,0,0,2.9166666666666665,0.09311472750865053,0.48282060986159164,0.5887564537775531,0.08
401,165.7,0,236,196,1.2040816326530612,8,7,14,0.9675925925925926,0.4537037037037037,0.5462962962962963,0.4537037037037037,1648666.7400000002,3816.358194444445,47522.35641377671,884484.81,12.452278846088408,1644027.4200000002,4639.320000000001,354.3681875792142,3,199,197,2.1928934010152283,9,885043.27,0.020833333333333332,0.5368236336228872,0.0,462,84,42,1,1,3.0,0.29843964334705075,0.20584705075445817,0.7701185808633486,0.2
402,100.02,0,81,154,0.525974025974026,4,7,10,0.9574468085106383,0.3446808510638298,0.3446808510638298,0.6553191489361702,9119.36,38.805787234042555,55.47133579623408,165.77,1.4294603910926873,6920.24,2199.12,3.1468223653097604,3,195,193,1.217616580310881,9,278.57,0.03829787234042553,0.030547099796476945,0.0,189,42,33,1,1,1.8,0.11880488909008603,0.42944318696242645,0.52043599286959,0.08
403,118.2,0,59,161,0.36645962732919257,4,7,11,0.95,0.2681818181818182,0.2681818181818182,0.7318181818181818,1740800.29,7912.728590909092,98513.71292462254,1440763.75,12.450030579565766,1738082.61,2717.68,639.5464550646141,4,198,195,1.1282051282051282,9,1440763.75,0.04090909090909091,0.8276444795399247,0.0,105,88,32,0,0,2.5454545454545454,0.07192148760330579,0.5355578512396694,0.6005187891482308,0.08
404,150.69,1,35,193,0.18134715025906736,3,8,11,0.9517543859649122,0.15350877192982457,0.15350877192982457,0.8464912280701754,1441154.55,6320.853289473685,90095.50661399022,1361663.12,14.253693684684801,1437536.05,3618.4999999999995,397.2740223849662,0,198,199,1.1457286432160805,9,1361663.12,0.039473684210526314,0.9448418422576538,0.0,113,64,30,0,0,2.1818181818181817,0.0235649430594029,0.7165473991997537,0.5763668435590217,0.08
405,125.45,0,51,91,0.5604395604395604,3,7,10,0.9295774647887324,0.3591549295774648,0.3591549295774648,0.6408450704225352,5400.780000000001,38.03366197183099,50.55293334405585,162.77,1.3291629236621247,3770.0600000000004,1630.7200000000003,2.3118990384615383,4,199,196,0.7244897959183674,8,175.71,0.056338028169014086,0.03253418950596025,0.0,14,59,11,0,0,2.1,0.1289922634397937,0.41068240428486413,0.4296190838660214,0.08
406,106.56,0,21,154,0.13636363636363635,2,7,9,0.9485714285714286,0.12,0.12,0.88,69658.28,398.0473142857142,4872.979813774165,64675.2,12.242212518174137,67314.4,2343.88,28.71921770739116,4,196,193,0.9067357512953368,9,64913.7,0.05142857142857143,0.9318877813233402,0.0,77,60,10,0,0,1.5555555555555556,0.0144,0.7744,0.467920891442807,0.08
407,185.99,0,14,112,0.125,2,7,9,0.9285714285714286,0.1111111111111111,0.1111111111111111,0.8888888888888888,271871.31,2157.70880952381,23841.530519181833,268714.12,11.049466180954918,268895.47,2975.84,90.35951865691702,7,197,191,0.6596858638743456,7,268728.07,0.05555555555555555,0.9884385005538099,0.0,0,67,14,0,0,1.5555555555555556,0.012345679012345684,0.7901234567901234,0.448680615802095,0.08
408,194.29,0,59,175,0.33714285714285713,3,7,10,0.9572649572649573,0.25213675213675213,0.25213675213675213,0.7478632478632479,12507.78,53.452051282051286,58.5537917862232,186.88,1.095445177159834,7651.53,4856.25,1.5756046332046332,3,199,197,1.1878172588832487,8,381.13,0.03418803418803419,0.030471434579117954,0.0,70,66,31,0,0,2.1,0.06357294177806998,0.5592994375045657,0.5040242210199786,0.08
409,130.28,0,93,175,0.5314285714285715,5,7,12,0.9552238805970149,0.34701492537313433,0.34701492537313433,0.6529850746268657,13010.26,48.54574626865672,56.36999949529714,189.72,1.1611727870726358,9753.51,3256.75,2.9948599063483536,0,199,200,1.34,8,227.22,0.029850746268656716,0.017464677877306062,0.0,112,69,27,0,0,2.9166666666666665,0.12041935843172197,0.4263895076854534,0.5459683271704563,0.08
410,140.81,1,38,161,0.2360248447204969,3,8,11,0.9447236180904522,0.19095477386934673,0.19095477386934673,0.8090452261306532,27982.210000000003,140.61412060301507,1269.706980272167,17979.29,9.029725996415623,25161.960000000003,2820.25,8.92188990337736,1,198,198,1.005050505050505,9,17979.29,0.04522613065326633,0.6425257333141307,0.0,24,83,30,0,0,2.1818181818181817,0.03646372566349335,0.6545541779247999,0.47975450818090853,0.08
411,181.0,0,255,140,1.8214285714285714,7,7,12,0.9696202531645569,0.35443037974683544,0.6455696202531646,0.35443037974683544,551887.86,1397.1844556962028,13365.938293192468,240130.7,9.566337671952095,548268.86,3619.0,151.49733628074054,0,199,200,1.975,9,240690.56,0.02278481012658228,0.43612222236597126,0.0,336,43,61,2,2,2.0833333333333335,0.4167601345938151,0.12562089408748597,0.7042785466565397,0.2
412,106.23,0,42,175,0.24,4,7,11,0.9493087557603687,0.1935483870967742,0.1935483870967742,0.8064516129032258,661425.39,3048.0432718894017,42457.04490396272,626495.81,13.929278923144919,658770.64,2654.75,248.14790093229118,2,197,196,1.1071428571428572,9,626602.0000000003,0.041474654377880185,0.9473509929819905,0.0,84,100,43,0,0,2.5454545454545454,0.03746097814776275,0.6503642039542142,0.5622417978855607,0.08
413,164.1,0,42,126,0.3333333333333333,3,7,10,0.9404761904761905,0.25,0.25,0.75,226999.13,1351.1852976190478,16625.900204738176,216183.29,12.30467814742732,224045.69,2953.44,75.85923194647597,7,198,192,0.875,7,216183.29,0.041666666666666664,0.9523529451412435,0.0,0,63,11,0,0,2.1,0.0625,0.5625,0.512897706058664,0.08
414,112.73,1,64,127,0.5039370078740157,4,7,11,0.9424083769633508,0.33507853403141363,0.33507853403141363,0.6649214659685864,1101951.78,5769.3810471204215,78460.26841739578,1087268.25,13.599425618898303,1099919.13,2032.65,541.1256881410965,6,196,191,1.0,9,1087268.25,0.04712041884816754,0.986674979553098,0.0,78,41,35,0,0,2.5454545454545454,0.11227762396864123,0.44212055590581395,0.5839460585976606,0.08
415,128.71,0,53,126,0.42063492063492064,5,7,12,0.9329608938547486,0.29608938547486036,0.29608938547486036,0.7039106145251397,1300210.52,7263.7459217877085,67408.33376929103,781886.93,9.280106228261479,1297894.6400000001,2315.8799999999997,560.4325958167091,4,199,196,0.9132653061224489,8,781886.93,0.0446927374301676,0.6013541022572253,0.0,21,70,28,0,0,2.9166666666666665,0.08766892419088043,0.4954901532411598,0.5649756585251544,0.08
416,182.99,0,24,140,0.17142857142857143,1,7,8,0.9512195121951219,0.14634146341463414,0.14634146341463414,0.8536585365853658,4123.76,25.144878048780484,2.403447850587517,26.14,0.09558399312674667,464.15999999999997,3659.6,0.12683353371953218,6,196,191,0.8586387434554974,8,202.32,0.04878048780487805,0.04906202106815139,0.0,49,37,7,0,0,0.875,0.021415823914336708,0.7287328970850684,0.4061382032676436,0.08
417,105.55,0,84,112,0.75,5,7,12,0.9387755102040817,0.42857142857142855,0.42857142857142855,0.5714285714285714,11388016.99,58102.1275,778016.0511316847,10916437.0,13.390491615503832,11386329.15,1687.8400000000001,6746.095097876576,5,199,195,1.005128205128205,8,10916605.61,0.04081632653061224,0.9586046121625956,0.0,56,72,29,0,0,2.9166666666666665,0.1836734693877551,0.32653061224489793,0.6519353491884075,0.08
418,103.59,0,58,91,0.6373626373626373,5,7,12,0.9194630872483222,0.38926174496644295,0.38926174496644295,0.610738255033557,6594240.5,44256.647651006715,413226.98178776324,4739084.0,9.337060164301972,6592894.61,1345.8899999999999,4898.5389667803465,4,198,195,0.764102564102564,8,4739084.0,0.053691275167785234,0.7186701789235621,0.0,42,40,51,0,0,2.9166666666666665,0.15152470609432006,0.37300121616143417,0.5905538254208823,0.08
419,141.79,0,69,168,0.4107142857142857,5,7,12,0.9493670886075949,0.2911392405063291,0.2911392405063291,0.7088607594936709,1918186.4400000002,8093.613670886078,85720.47457709478,1216046.37,10.591125060174786,1914784.4400000002,3402.0,562.840811287478,5,199,195,1.2153846153846153,8,1216188.12,0.03375527426160337,0.6340301936447846,0.0,126,47,30,0,0,2.9166666666666665,0.08476205736260214,0.5024835763499439,0.6203478923700199,0.08
420,298.37,0,25,18,1.3888888888888888,3,7,10,0.7674418604651163,0.4186046511627907,0.5813953488372093,0.4186046511627907,12608347.33,293217.3797674419,568889.916163702,2499891.75,1.9401643811662972,5799634.12,6808713.21,0.8517959181306155,13,191,179,0.24022346368715083,2,2499891.75,0.046511627906976744,0.19827275411836232,3.0,4,57,14,0,0,2.1,0.33802055164954026,0.17522985397512167,0.49380119999169353,0.08
421,372.67,0,65,15,4.333333333333333,4,6,10,0.875,0.1875,0.8125,0.1875,19937452.23,249218.152875,917141.3199064146,5004488.5,3.680074301675865,11015854.33,8921597.9,1.2347400604100303,3,196,194,0.41237113402061853,3,5004488.5,0.0375,0.25100942900165135,1.0,17,70,50,0,0,2.4,0.66015625,0.03515625,0.4999017904539075,0.18
422,343.44,0,63,16,3.9375,3,7,10,0.8734177215189873,0.20253164556962025,0.7974683544303798,0.20253164556962025,12222838.44,154719.47392405066,627012.8331538086,3693601.75,4.05257862666725,5333.0,12217505.44,0.00043650481894117333,6,198,193,0.40932642487046633,3,3693601.75,0.0379746835443038,0.30218854385839367,1.0,21,60,17,0,0,2.1,0.6359557763178978,0.04101906745713827,0.4920473256351587,0.08
423,334.71,0,42,19,2.210526315789474,4,6,10,0.8360655737704918,0.3114754098360656,0.6885245901639344,0.3114754098360656,14289451.02,234253.29540983605,835200.4116843137,4811472.5,3.5653731582434953,207716.87,14081734.15,0.014750801839274887,3,195,193,0.3160621761658031,2,4811606.52,0.03278688524590164,0.3367243789327884,2.0,15,51,43,0,0,2.4,0.47406611126041387,0.09701693093254503,0.49452284561544835,0.08
424,230.27,1,104,27,3.8518518518518516,7,11,18,0.8625954198473282,0.20610687022900764,0.7938931297709924,0.20610687022900764,5762860.220000001,43991.29938931298,201654.68682090248,1537170.37,4.583967503126116,336302.62000000005,5426557.600000001,0.06197347283294294,2,199,198,0.6616161616161617,3,1537170.37,0.022900763358778626,0.26673740318483724,1.0,24,82,40,0,0,4.277777777777778,0.6302663014975817,0.042480041955597,0.5314118767365344,0.08
425,397.34,0,61,29,2.103448275862069,4,6,10,0.8888888888888888,0.32222222222222224,0.6777777777777778,0.32222222222222224,15424801.67,171386.6852222222,568788.3692023356,3049828.0,3.3187430427564264,69788.18,15355013.49,0.004544976795067602,0,199,200,0.45,2,3050020.44,0.022222222222222223,0.19773482377618148,2.0,12,34,46,0,0,2.4,0.45938271604938274,0.10382716049382716,0.5301841372843253,0.08
426,282.23,0,67,21,3.1904761904761907,5,7,12,0.8636363636363636,0.23863636363636365,0.7613636363636364,0.23863636363636365,7569423.25,86016.17329545453,470590.5341487697,3899392.25,5.470954078977119,2494380.32,5075042.93,0.49149935368132935,5,197,193,0.45595854922279794,3,3899392.25,0.03409090909090909,0.5151505103113371,1.0,6,60,46,0,0,2.9166666666666665,0.5796745867768595,0.056947314049586785,0.5000510171983135,0.08
427,322.35,0,40,20,2.0,4,7,11,0.8166666666666667,0.3333333333333333,0.6666666666666666,0.3333333333333333,10240042.280000001,170667.37133333334,522912.76427820337,3666576.25,3.063929327515648,732577.01,9507465.27,0.077052819988897,0,196,197,0.30456852791878175,2,3666576.25,0.03333333333333333,0.3580626085071203,3.0,4,64,23,0,0,2.5454545454545454,0.4444444444444445,0.11111111111111112,0.48909273526975944,0.08
428,277.34,0,29,24,1.2083333333333333,4,7,11,0.7924528301886793,0.4528301886792453,0.5471698113207547,0.4528301886792453,10056841.49,189751.7262264151,363347.48166483373,1504633.62,1.914857318511459,3830295.23,6226546.26,0.6151556689791622,6,193,188,0.28191489361702127,2,1504633.62,0.03773584905660377,0.149612939758087,3.0,3,32,26,0,0,2.5454545454545454,0.2993948024207903,0.2050551797792809,0.5068472757484705,0.08
429,209.41,0,100,24,4.166666666666667,5,7,11,0.9112903225806451,0.1935483870967742,0.8064516129032258,0.1935483870967742,6702797.760000001,54054.82064516129,251021.36578244006,2011545.12,4.643829408486072,14150.6,6688647.16,0.002115614661904217,3,197,195,0.6358974358974359,3,2011545.12,0.024193548387096774,0.3001052981195721,1.0,27,85,47,1,1,2.1818181818181817,0.6503642039542142,0.03746097814776275,0.526895937782687,0.18
430,294.18,0,44,19,2.3157894736842106,4,7,11,0.8253968253968254,0.30158730158730157,0.6984126984126984,0.30158730158730157,16686066.48,264858.1980952381,704821.6520584238,3847243.25,2.6611283212195795,1599104.53,15086961.950000001,0.10599248114362746,6,198,193,0.32642487046632124,2,3847467.0,0.031746031746031744,0.23057962789562134,2.0,12,55,15,0,0,2.5454545454545454,0.48778029730410677,0.09095490047871001,0.49834522897115896,0.08
431,230.27,0,260,21,12.380952380952381,5,7,11,0.9608540925266904,0.07473309608540925,0.9252669039145908,0.07473309608540925,22906252.07,81516.91128113879,506022.68333184044,6492343.5,6.207579205088489,98845.03000000001,22807407.04,0.004333900378357083,0,199,200,1.405,5,6493038.09,0.017793594306049824,0.28346139168283413,1.0,51,26,48,1,1,2.1818181818181817,0.8561188434796926,0.00558503565051101,0.6540176017546158,0.18
432,206.49,0,221,19,11.631578947368421,3,7,9,0.9625,0.07916666666666666,0.9208333333333333,0.07916666666666666,17396193.59,72484.13995833336,452720.1175612335,4341364.0,6.2457817368251085,101729.15,17294464.44,0.005882179835804155,1,199,199,1.2060301507537687,3,4341908.91,0.0125,0.24958959484653565,1.0,38,10,14,1,1,1.3333333333333333,0.8479340277777778,0.006267361111111115,0.6222973571624683,0.18
433,323.48,0,63,21,3.0,3,7,10,0.8809523809523809,0.25,0.75,0.25,7787348.170000001,92706.52583333332,321201.2428867317,1722290.87,3.4647101700713434,8219.33,7779128.840000001,0.0010565874623050977,3,194,192,0.4375,3,1722502.2000000002,0.03571428571428571,0.22119239597322382,1.0,24,82,22,0,0,2.1,0.5625,0.0625,0.4987096339248259,0.08
434,325.99,0,80,19,4.2105263157894735,4,7,11,0.8888888888888888,0.1919191919191919,0.8080808080808081,0.1919191919191919,19225451.47,194196.4794949495,922309.3438996909,6416077.0,4.749361812831821,12498.4,19212953.07,0.0006505194674896481,1,196,196,0.5051020408163265,2,6416077.0,0.020202020202020204,0.333728287734197,1.0,8,20,46,0,0,2.5454545454545454,0.6529945923885317,0.03683297622691562,0.5209785044825138,0.18
435,221.06,0,60,21,2.857142857142857,3,7,10,0.8765432098765432,0.25925925925925924,0.7407407407407407,0.25925925925925924,13648837.06,168504.1612345679,682940.6072958804,5518245.5,4.0529598930508675,10463.0,13638374.06,0.0007671735614501836,0,199,200,0.405,2,5518378.83,0.024691358024691357,0.40431128349919654,1.0,26,23,29,0,0,2.1,0.5486968449931412,0.06721536351165981,0.5046691237598687,0.08
436,309.83,0,116,19,6.105263157894737,6,7,13,0.9037037037037037,0.14074074074074075,0.8592592592592593,0.14074074074074075,3764477.2600000002,27885.01674074074,137175.05470824344,972343.0,4.91931046639205,10110.21,3754367.0500000003,0.0026929199690264695,0,199,200,0.675,3,972343.0,0.022222222222222223,0.25829429502251794,1.0,12,51,39,0,0,3.230769230769231,0.7383264746227709,0.0198079561042524,0.5121479884157526,0.18
437,269.33,0,8,11,0.7272727272727273,3,7,10,0.4736842105263158,0.42105263157894735,0.42105263157894735,0.5789473684210527,12919965.16,679998.1663157895,856201.4668645253,3048959.75,1.2591231995571404,4212377.97,8707587.19,0.4837594936560147,4,194,191,0.09947643979057591,2,3048959.75,0.10526315789473684,0.2359882331137803,8.5,2,71,25,0,0,2.1,0.17728531855955676,0.33518005540166207,0.45511773366567654,0.08
438,276.68,0,91,21,4.333333333333333,6,7,13,0.8839285714285714,0.1875,0.8125,0.1875,8648355.76,77217.46214285714,316591.2967525388,2145681.75,4.09999614033967,973163.2000000001,7675192.5600000005,0.12679332699373994,4,196,193,0.5803108808290155,4,2145681.75,0.03571428571428571,0.24810285440894028,1.0,24,34,42,0,0,3.230769230769231,0.66015625,0.03515625,0.519585166698547,0.18
439,355.28,0,56,20,2.8,3,7,10,0.868421052631579,0.2631578947368421,0.7368421052631579,0.2631578947368421,25667723.56,337733.20473684213,931451.2410712453,4986449.5,2.7579498491924164,6345.5599999999995,25661378.0,0.00024728056303133835,4,199,196,0.3877551020408163,3,4986449.5,0.039473684210526314,0.1942692536930221,3.0,15,59,30,0,0,2.1,0.5429362880886427,0.06925207756232687,0.5105740678492138,0.08
440,498.06,0,442,178,2.4831460674157304,7,1,7,0.9887096774193549,0.2870967741935484,0.7129032258064516,0.2870967741935484,315742.33999999997,509.2618387096775,436.9183515422087,10802.16,0.8579444174518038,227089.44,88652.90000000001,2.5615568131442963,0,199,200,3.1,6,12435.41,0.00967741935483871,0.039384676758904114,0.0,794,3,39,1,1,0.0,0.5082310093652446,0.08242455775234132,0.7700941257046363,0.2
441,576.26,0,265,180,1.4722222222222223,6,1,6,0.9865168539325843,0.4044943820224719,0.5955056179775281,0.4044943820224719,4846169.8,10890.269213483149,186624.8800434205,3883528.25,17.136847251889957,4742443.0,103726.8,45.72051774469086,0,199,200,2.225,4,3884643.45,0.008988764044943821,0.8015904539704738,0.0,466,10,34,1,1,0.0,0.3546269410427976,0.16361570508774143,0.7859391978558243,0.2
442,522.02,0,22,180,0.12222222222222222,1,1,2,0.9900990099009901,0.10891089108910891,0.10891089108910891,0.8910891089108911,94277.76,466.7215841584159,158.17491224848894,522.02,0.33890635791723056,314.15999999999997,93963.59999999999,0.0033434223465256757,0,198,199,1.015075376884422,2,536.3,0.009900990099009901,0.005688510206436809,1.0,44,1,4,0,0,0.5,0.01186158219782374,0.794039800019606,0.49018532849654806,0.08
443,493.44,0,242,180,1.3444444444444446,4,1,4,0.990521327014218,0.4265402843601896,0.5734597156398105,0.4265402843601896,172199.45,408.0555687203791,138.9386636467912,493.44,0.34048956636589667,83380.25,88819.2,0.9387638033218043,1,199,199,2.120603015075377,4,1228.22,0.009478672985781991,0.007132543106264277,0.0,446,0,13,1,1,0.0,0.3288560454616923,0.18193661418207138,0.7102800391222424,0.2
444,526.46,0,42,180,0.23333333333333334,4,1,4,0.9819819819819819,0.1891891891891892,0.1891891891891892,0.8108108108108109,3168297.69,14271.611216216215,130953.36593537335,1686558.37,9.175794095804452,3073534.89,94762.8,32.43398137243729,0,199,200,1.11,2,1687084.83,0.009009009009009009,0.5324893665531789,1.0,77,6,19,1,1,0.0,0.035792549306062814,0.6574141709276844,0.5943128542450271,0.18
445,467.57,1,28,181,0.15469613259668508,5,2,6,0.9712918660287081,0.1339712918660287,0.1339712918660287,0.8660287081339713,2788786.58,13343.476459330142,123270.24203945766,1644226.5,9.238240305303913,2704611.62,84174.95999999999,32.1308334450055,0,199,200,1.045,3,1644694.07,0.014354066985645933,0.589752576190323,1.0,55,23,34,1,1,0.6666666666666666,0.017948307044252654,0.7500057233121952,0.5703153993286236,0.18
446,424.86,0,24,180,0.13333333333333333,3,1,4,0.9803921568627451,0.11764705882352941,0.11764705882352941,0.8823529411764706,910336.4600000001,4462.43362745098,45363.47042399391,633661.68,10.165634765957588,833863.4600000001,76473.0,10.904024426921922,0,199,200,1.02,3,634086.53,0.014705882352941176,0.6965408482046297,1.0,42,1,14,0,0,0.75,0.013840830449826992,0.7785467128027681,0.5397748733989483,0.08
447,536.51,0,55,180,0.3055555555555556,4,1,4,0.9829787234042553,0.23404255319148937,0.23404255319148937,0.7659574468085106,589057.13,2506.6260851063835,27204.53223496332,411575.28,10.853047607141907,492485.33,96571.8,5.099680548565938,0,199,200,1.175,2,412111.79000000004,0.00851063829787234,0.6996125995453107,1.0,101,16,44,1,1,0.0,0.05477591670439113,0.5866908103214123,0.5783777361321619,0.08
448,524.41,0,44,180,0.24444444444444444,3,1,4,0.9821428571428571,0.19642857142857142,0.19642857142857142,0.8035714285714286,5863264.95,26175.28995535714,279303.4608444744,3710406.75,10.670501122273567,5768872.95,94392.0,61.11612159928808,0,199,200,1.12,2,3710931.15,0.008928571428571428,0.6329120688977222,1.0,59,1,21,0,0,0.75,0.03858418367346938,0.6457270408163266,0.610086396077885,0.18
449,557.71,0,98,177,0.5536723163841808,6,1,7,0.9745454545454545,0.3563636363636364,0.3563636363636364,0.6436363636363637,1282467.98,4663.519927272726,70488.57968729376,1171452.0,15.114887635639676,1183753.31,98714.67000000001,11.991665575136906,1,199,199,1.3819095477386936,4,1172009.71,0.014545454545454545,0.9138705435748968,1.0,184,1,61,0,0,0.8571428571428571,0.12699504132231404,0.4142677685950413,0.6489156165860269,0.08
450,425.42,0,259,179,1.446927374301676,5,1,6,0.9863013698630136,0.408675799086758,0.591324200913242,0.408675799086758,158352.25,361.5348173515982,119.3282556354662,425.42,0.3300602041861369,82202.07,76150.18000000001,1.0794730885731327,0,199,200,2.19,3,1000.8800000000001,0.00684931506849315,0.006320592223981662,0.0,469,1,51,0,0,0.8333333333333334,0.3496643105856842,0.1670159087592002,0.7122133458395151,0.2
451,582.36,1,67,180,0.37222222222222223,4,2,5,0.979757085020243,0.27125506072874495,0.27125506072874495,0.728744939271255,1750852.85,7088.473076923079,72125.11751607427,805838.0,10.174986451014624,1646609.6300000001,104243.22,15.795843892773075,2,199,198,1.2474747474747474,3,806420.35,0.012145748987854251,0.4605871647066171,1.0,115,10,21,1,1,0.6,0.0735793079709551,0.5310691865134652,0.6192148771999627,0.08
452,559.87,1,87,181,0.48066298342541436,5,2,6,0.9776119402985075,0.3246268656716418,0.3246268656716418,0.6753731343283582,1018859.2400000001,3801.7135820895523,38706.50341705848,562449.18,10.181330755533681,918080.5700000001,100778.67,9.109869876234724,0,199,200,1.34,3,563009.04,0.011194029850746268,0.5525876567601232,1.0,160,7,36,1,1,0.6666666666666666,0.10538260191579416,0.4561288705725106,0.631947526516402,0.08
453,583.38,0,108,178,0.6067415730337079,5,1,6,0.9790209790209791,0.3776223776223776,0.3776223776223776,0.6223776223776224,123118.68,430.48489510489514,200.53596302296614,583.38,0.46583739709171923,19277.04,103841.64,0.1856388246564673,1,199,199,1.4371859296482412,4,1152.3200000000002,0.013986013986013986,0.009359424581225207,1.0,195,1,17,0,0,0.8333333333333334,0.14259866008117755,0.38735390483642235,0.612113280615023,0.08
454,574.51,0,42,180,0.23333333333333334,3,1,4,0.9819819819819819,0.1891891891891892,0.1891891891891892,0.8108108108108109,338957.63,1526.8361711711718,15308.352942859447,229085.37,10.026192221472623,235545.83,103411.8,2.2777461566281603,0,198,199,1.1155778894472361,2,229659.88,0.009009009009009009,0.6775474563000692,1.0,64,3,23,0,0,0.75,0.035792549306062814,0.6574141709276844,0.5488181697277195,0.08
455,536.2,0,40,178,0.2247191011235955,2,1,3,0.9862385321100917,0.1834862385321101,0.1834862385321101,0.8165137614678899,101578.00000000001,465.9541284403669,149.3502233573855,536.2,0.3205255930606041,6134.4,95443.6,0.0642725127719407,0,199,200,1.09,2,733.0500000000001,0.009174311926605505,0.007216621709425269,1.0,78,1,22,0,0,0.6666666666666666,0.03366719973066241,0.6666947226664423,0.5186733141721255,0.08
456,562.05,0,42,180,0.23333333333333334,4,1,4,0.9819819819819819,0.1891891891891892,0.1891891891891892,0.8108108108108109,944019.12,4252.33837837838,54006.8621498833,806609.25,12.700509071547287,842851.92,101167.2,8.331276540222524,0,199,200,1.11,2,807171.29,0.009009009009009009,0.8550370145045367,1.0,63,20,61,1,1,0.0,0.035792549306062814,0.6574141709276844,0.5691959628150718,0.08
457,503.8,0,41,180,0.22777777777777777,3,1,4,0.9819004524886877,0.18552036199095023,0.18552036199095023,0.8144796380090498,215019.06,972.9369230769231,7166.182528282922,106201.82,7.365516055881399,124336.86,90682.2,1.3711275200645772,0,199,200,1.105,2,106705.61,0.00904977375565611,0.496261168661048,1.0,74,1,32,0,0,0.75,0.03441780471325321,0.6633770807313527,0.5369916733108736,0.08
458,557.1,0,20,180,0.1111111111111111,1,1,2,0.99,0.1,0.1,0.9,103846.8,519.234,113.56800000000003,557.09,0.21872219461745576,3570.6,100276.20000000001,0.03560765166609823,0,199,200,1.0,2,735.62,0.01,0.007083704071767257,1.0,40,3,8,0,0,0.5,0.009999999999999998,0.81,0.4879348268118796,0.08
459,437.83,0,67,180,0.37222222222222223,5,1,5,0.979757085020243,0.27125506072874495,0.27125506072874495,0.728744939271255,5065952.23,20509.928056680168,262355.92771472497,4074282.5,12.791655192046106,4987144.63,78807.6,63.28253404493982,0,199,200,1.235,3,4074720.32,0.012145748987854251,0.8043345327794374,1.0,103,30,35,1,1,0.0,0.0735793079709551,0.5310691865134652,0.6394206227753657,0.08
460,178.21,0,20,140,0.14285714285714285,3,7,10,0.9375,0.125,0.125,0.875,2860575.88,17878.59925,164364.77677110455,1896547.75,9.19338111855181,2835626.48,24949.4,113.65509711656392,1,191,191,0.837696335078534,8,1896547.75,0.05,0.6629950854511155,0.0,49,46,15,0,0,2.1,0.015625,0.765625,0.533839724932418,0.18
461,144.46,0,66,140,0.4714285714285714,5,7,12,0.941747572815534,0.32038834951456313,0.32038834951456313,0.6796116504854369,545099.39,2646.1135436893205,36060.84145913124,518949.03,13.627851134783025,524874.99,20224.4,25.952561757085498,0,199,200,1.03,8,518949.03,0.038834951456310676,0.9520264368668621,0.0,7,67,42,0,0,2.9166666666666665,0.10264869450466585,0.4618719954755396,0.5713113694376494,0.08
462,175.66,0,75,140,0.5357142857142857,6,7,13,0.9395348837209302,0.3488372093023256,0.3488372093023256,0.6511627906976745,64136.51,298.3093488372093,1976.1358117228503,27102.57,6.624451494482828,39544.11,24592.399999999998,1.6079809209349232,5,196,192,1.1197916666666667,9,27102.57,0.04186046511627907,0.42257631417736946,0.0,119,37,40,0,0,3.230769230769231,0.1216873985938345,0.4240129799891834,0.5468676032574695,0.08
463,145.55,0,89,140,0.6357142857142857,6,7,13,0.9432314410480349,0.388646288209607,0.388646288209607,0.611353711790393,2769685.64,12094.69711790393,132589.75822985556,1828811.0,10.96263568548412,2749308.64,20377.0,134.9221494822594,1,198,198,1.1565656565656566,8,1828811.0,0.034934497816593885,0.6602955128149489,0.0,70,57,36,0,0,3.230769230769231,0.1510459373391049,0.3737533609198909,0.6386056582096911,0.08
464,178.96,0,66,140,0.4714285714285714,4,7,11,0.9466019417475728,0.32038834951456313,0.32038834951456313,0.6796116504854369,58211.32,282.57922330097085,1945.5200373774774,28126.07,6.884865825062211,33156.92,25054.4,1.3233970879366497,5,198,194,1.0618556701030928,8,28267.46,0.038834951456310676,0.48560073882536936,0.0,140,84,35,0,0,2.5454545454545454,0.10264869450466585,0.4618719954755396,0.5300387318592976,0.08
465,107.53,0,65,140,0.4642857142857143,4,7,11,0.9463414634146341,0.3170731707317073,0.3170731707317073,0.6829268292682927,3351268.56,16347.651512195122,149740.7018817975,1633622.0,9.159768408941982,3336215.7600000002,15052.8,221.63423150510206,4,198,195,1.0512820512820513,9,1633622.0,0.04390243902439024,0.4874637680484789,0.0,280,28,34,0,0,2.5454545454545454,0.1005353955978584,0.46638905413444376,0.6117574750261126,0.08
466,104.46,0,117,140,0.8357142857142857,7,7,14,0.9455252918287937,0.45525291828793774,0.45525291828793774,0.5447470817120622,593112.0,2307.828793774319,34387.33074693041,552360.75,14.900295394396196,578489.0,14623.0,39.560213362511114,2,199,198,1.297979797979798,8,553091.9,0.0311284046692607,0.9325252228921351,0.0,175,75,68,0,0,3.5,0.20725521960968374,0.29674938303380827,0.6408800610038146,0.08
467,193.43,0,54,140,0.38571428571428573,4,7,11,0.9432989690721649,0.27835051546391754,0.27835051546391754,0.7216494845360825,2396700.77,12354.127680412368,137230.1697709731,1880766.12,11.108042050476241,2369621.97,27078.8,87.50838183375926,7,199,193,1.005181347150259,10,1880766.12,0.05154639175257732,0.7847313037747303,0.0,119,61,16,0,0,2.5454545454545454,0.0774790094590286,0.5207779785311936,0.5895710277717489,0.08
468,148.62,0,64,140,0.45714285714285713,4,7,11,0.946078431372549,0.3137254901960784,0.3137254901960784,0.6862745098039216,171207.08,839.250392156862,10111.287106360247,144902.06,12.047998071677249,150401.68,20805.4,7.2289732473300194,3,197,195,1.0461538461538462,8,145011.4,0.0392156862745098,0.8469941780445062,0.0,56,107,26,0,0,2.5454545454545454,0.09842368319876971,0.47097270280661285,0.5485662693162994,0.08
469,190.11,1,59,161,0.36645962732919257,5,9,14,0.9363636363636364,0.2681818181818182,0.2681818181818182,0.7318181818181818,2614348.9,11883.40409090909,142204.9808534873,2050496.12,11.966687303200887,2583914.3000000003,30434.600000000002,84.90055068901842,1,197,197,1.116751269035533,8,2050536.27,0.03636363636363636,0.7843391790590767,0.0,43,60,77,0,0,3.2142857142857144,0.07192148760330579,0.5355578512396694,0.607177117634035,0.08
470,194.48,0,8,140,0.05714285714285714,3,7,10,0.9324324324324325,0.05405405405405406,0.05405405405405406,0.9459459459459459,4460331.91,30137.377770270265,203713.32099070962,2110818.25,6.759490574912177,4433106.11,27225.8,162.82739570554403,4,194,191,0.774869109947644,7,2110818.25,0.0472972972972973,0.4732424161680829,0.0,0,42,13,0,0,2.1,0.002921840759678598,0.8948137326515705,0.517406237502579,0.18
471,166.65,0,255,140,1.8214285714285714,8,7,14,0.9645569620253165,0.35443037974683544,0.6455696202531646,0.35443037974683544,6064259.64,15352.556050632911,214164.92793779142,3784521.75,13.949789678765734,6040930.04,23329.6,258.93843186338387,1,199,199,1.984924623115578,10,3784943.35,0.02531645569620253,0.6241393961819222,0.0,357,70,74,1,1,3.0,0.4167601345938151,0.12562089408748597,0.7550952876191374,0.2
472,157.18,0,38,140,0.2714285714285714,4,7,11,0.9382022471910112,0.21348314606741572,0.21348314606741572,0.7865168539325843,63238.0,355.2696629213483,2427.396431161507,32633.13,6.832546328896363,41234.200000000004,22003.8,1.8739581345040404,1,198,198,0.898989898989899,8,32633.13,0.0449438202247191,0.5160367184287928,0.0,42,45,26,0,0,2.5454545454545454,0.04557505365484155,0.6186087615200101,0.48327078920183797,0.08
473,121.6,0,281,140,2.007142857142857,7,7,13,0.9691211401425178,0.332541567695962,0.667458432304038,0.332541567695962,135952.32,322.92712589073636,310.16305023437974,4434.52,0.9604738201501369,118929.72,17022.600000000002,6.986577843572661,1,199,199,2.1155778894472363,9,5174.67,0.021377672209026127,0.03806238834320738,0.0,483,71,41,1,1,2.769230769230769,0.4455007588537641,0.11058389424568807,0.6860466268270584,0.2
474,109.35,0,257,140,1.8357142857142856,5,7,11,0.9722921914357683,0.3526448362720403,0.6473551637279596,0.3526448362720403,99316.8,250.16826196473548,145.47652281529867,411.6,0.5815147040347008,84009.2,15307.6,5.488071284851968,2,199,198,2.005050505050505,8,899.4000000000002,0.020151133501259445,0.009055869701802718,0.0,413,82,41,1,1,2.1818181818181817,0.41906870800525353,0.12435838054933412,0.6716556693788887,0.2
475,181.94,0,29,140,0.20714285714285716,4,7,11,0.9349112426035503,0.17159763313609466,0.17159763313609466,0.8284023668639053,3709452.11,21949.42076923077,155601.67154006977,1515568.12,7.089101492746268,3683980.5100000002,25471.6,144.6309030449599,3,193,191,0.8848167539267016,8,1515568.12,0.047337278106508875,0.4085692644243357,0.0,91,46,18,0,0,2.5454545454545454,0.02944574769790973,0.6862504814257204,0.5568896721929106,0.18
476,188.88,0,87,120,0.725,6,6,11,0.9468599033816425,0.42028985507246375,0.42028985507246375,0.5797101449275363,1482563.57,7162.142850241544,91516.27638617922,1314998.87,12.777778703910217,1459897.9700000002,22665.6,64.4102944550332,2,198,197,1.0507614213197969,6,1315044.9900000002,0.028985507246376812,0.8870074893314693,0.0,120,109,40,1,1,2.272727272727273,0.1766435622768326,0.3360638521319051,0.6153990954485489,0.08
477,177.94,0,35,140,0.25,5,7,12,0.9314285714285714,0.2,0.2,0.8,13051121.2,74577.83542857139,581782.9214209266,7291747.0,7.801016455862981,13026209.6,24911.6,522.8973490261565,7,197,191,0.9162303664921466,9,7291747.0,0.05142857142857143,0.5587065577170489,0.0,84,62,13,0,0,2.9166666666666665,0.039999999999999994,0.6400000000000001,0.5941107525257021,0.18
478,169.85,0,39,140,0.2785714285714286,3,7,10,0.9441340782122905,0.21787709497206703,0.21787709497206703,0.7821229050279329,707378.75,3951.8365921787695,50719.303546307725,680631.43,12.834362545933258,683599.75,23779.0,28.748044493040076,1,198,198,0.9040404040404041,8,681820.38,0.0446927374301676,0.9638689033279555,0.0,63,62,29,0,0,2.1,0.04747042851346713,0.6117162385693331,0.5351139307125415,0.08
479,142.01,0,88,140,0.6285714285714286,4,7,10,0.956140350877193,0.38596491228070173,0.38596491228070173,0.6140350877192983,28594.920000000002,125.41631578947367,36.17058379457854,143.52,0.28840413280274635,8714.92,19880.0,0.43837625754527165,4,198,195,1.1692307692307693,8,1136.0,0.03508771929824561,0.03972733618418936,0.0,161,43,19,1,1,1.8,0.1489689135118498,0.3770390889504463,0.5451312700697944,0.08
480,261.06,0,76,20,3.8,5,1,6,0.9375,0.20833333333333334,0.7916666666666666,0.20833333333333334,18718.6,194.98541666666662,928.9918392110125,9193.64,4.764417027141838,13497.599999999999,5221.0,2.585251867458341,0,197,198,0.48484848484848486,3,9222.289999999999,0.03125,0.49268054234825254,1.0,12,1,38,0,0,0.8333333333333334,0.626736111111111,0.04340277777777779,0.3759509300499814,0.08
481,222.69,0,21,22,0.9545454545454546,2,1,3,0.9302325581395349,0.4883720930232558,0.4883720930232558,0.5116279069767442,140237.81,3261.3444186046518,20053.205106822326,133220.43,6.14875417402311,135338.63,4899.18,27.624751489024693,1,194,194,0.22164948453608246,2,133220.43,0.046511627906976744,0.9499608557777678,2.5,10,2,12,0,0,0.6666666666666666,0.23850730124391561,0.26176311519740403,0.4094616231454506,0.08
482,285.19,0,22,20,1.1,2,1,3,0.9285714285714286,0.47619047619047616,0.5238095238095238,0.47619047619047616,290336.82,6912.7814285714285,42890.56921628762,281545.56,6.204531368374429,284633.02,5703.8,49.90234931098566,3,193,191,0.2198952879581152,1,281545.56,0.023809523809523808,0.969720478442934,5.0,0,2,18,0,0,0.6666666666666666,0.2743764172335601,0.22675736961451246,0.4216473336936551,0.08
483,313.2,0,23,21,1.0952380952380953,2,1,3,0.9318181818181819,0.4772727272727273,0.5227272727272727,0.4772727272727273,853255.24,19392.164545454543,111902.44602742736,750542.37,5.770497964016962,846678.04,6577.2,128.72925256948247,2,194,193,0.22797927461139897,1,750542.37,0.022727272727272728,0.8796223390318705,3.0,1,2,16,0,0,0.6666666666666666,0.2732438016528925,0.22778925619834714,0.4464018333523115,0.08
484,384.58,1,291,19,15.31578947368421,8,2,10,0.967741935483871,0.06129032258064516,0.9387096774193548,0.06129032258064516,8819988.83,28451.576870967736,314498.3055748822,4688613.0,11.0538093196444,8813054.540000001,6934.29,1270.9382705367098,1,199,199,1.5577889447236182,5,4689329.54,0.016129032258064516,0.5316706892019952,1.0,62,5,62,0,0,1.6,0.8811758584807492,0.0037565036420395413,0.6533674125551281,0.18
485,387.15,0,78,16,4.875,3,1,4,0.9574468085106383,0.1702127659574468,0.8297872340425532,0.1702127659574468,15666.94,166.66957446808507,130.68873755310048,387.14,0.7841187449490103,9472.7,6194.24,1.5292755850596684,2,193,192,0.4895833333333333,3,742.6,0.031914893617021274,0.047399173035704484,1.0,14,1,24,0,0,0.75,0.6885468537799909,0.028972385694884566,0.3656840610085285,0.08
486,283.13,0,58,20,2.9,5,1,6,0.9230769230769231,0.2564102564102564,0.7435897435897436,0.2564102564102564,5670093.57,72693.50730769231,372802.4223741778,2960455.25,5.128414299728367,5664430.97,5662.6,1000.3233444000988,0,196,197,0.39593908629441626,3,2960455.25,0.038461538461538464,0.5221175300639703,1.0,16,3,25,0,0,0.8333333333333334,0.5529257067718607,0.06574621959237342,0.4837455423254755,0.08
487,219.84,0,28,30,0.9333333333333333,4,1,5,0.9137931034482758,0.4827586206896552,0.4827586206896552,0.5172413793103449,1606185.3,27692.85000000001,123015.7281848744,746229.31,4.442147636840352,1599590.4000000001,6594.900000000001,242.54960651412455,2,195,194,0.29896907216494845,2,746229.31,0.034482758620689655,0.4645972728053233,3.0,4,1,34,0,0,0.8,0.23305588585017836,0.267538644470868,0.4791337853419323,0.08
488,354.76,1,69,19,3.6315789473684212,4,3,7,0.9204545454545454,0.2159090909090909,0.7840909090909091,0.2159090909090909,12155.86,138.13477272727275,123.48849224060288,354.76,0.8939710820273556,6101.330000000001,6054.53,1.0077297494603217,2,198,197,0.4467005076142132,3,373.89,0.03409090909090909,0.03075800478123308,1.0,4,36,85,0,0,1.7142857142857142,0.6147985537190083,0.04661673553719009,0.35993779568677775,0.08
489,346.86,0,85,18,4.722222222222222,4,1,5,0.9514563106796117,0.17475728155339806,0.8252427184466019,0.17475728155339806,15687.15,152.302427184466,111.1593170015213,346.85,0.7298591299985462,9443.85,6243.3,1.5126375474508673,1,196,196,0.5255102040816326,2,353.22,0.019417475728155338,0.022516518296822562,1.0,7,1,30,0,0,0.8,0.6810255443491374,0.03054010745593365,0.3744702860113647,0.08
490,206.14,1,39,12,3.25,3,2,5,0.9019607843137255,0.23529411764705882,0.7647058823529411,0.23529411764705882,723097.12,14178.374901960784,96044.45178391605,693141.43,6.774009888159586,720825.18,2271.94,317.2729825611592,7,197,191,0.2670157068062827,2,693141.43,0.0392156862745098,0.9585730752184438,3.0,4,11,44,0,0,1.2,0.5847750865051903,0.05536332179930797,0.4048812414014576,0.08
491,289.34,0,53,17,3.1176470588235294,4,1,5,0.9285714285714286,0.24285714285714285,0.7571428571428571,0.24285714285714285,42589.0,608.4142857142857,3549.771109945611,30063.32,5.834463774594209,37670.39,4918.61,7.658747085050452,0,199,200,0.35,4,30746.25,0.05714285714285714,0.7219293714339383,2.0,9,1,49,0,0,0.8,0.573265306122449,0.0589795918367347,0.36854604732739926,0.08
492,337.28,0,43,31,1.3870967741935485,3,1,4,0.9459459459459459,0.4189189189189189,0.581081081081081,0.4189189189189189,522240.05000000005,7057.297972972973,58440.60226160412,506371.15,8.280874987199287,511784.68000000005,10455.369999999999,48.94945659503204,4,197,194,0.38144329896907214,3,506371.15,0.04054054054054054,0.9696137820146118,2.0,14,1,30,0,0,0.75,0.3376552227903579,0.17549306062819578,0.46333778780353274,0.08
493,206.03,0,55,15,3.6666666666666665,4,1,5,0.9285714285714286,0.21428571428571427,0.7857142857142857,0.21428571428571427,978009.7100000001,13971.567285714287,105872.92840653785,890535.68,7.577741726570024,974919.41,3090.3,315.4772708151312,1,195,195,0.358974358974359,2,890535.68,0.02857142857142857,0.9105591395406494,2.0,5,9,28,0,0,0.8,0.6173469387755102,0.04591836734693878,0.4300239582631367,0.08
494,383.86,0,52,22,2.3636363636363638,3,1,4,0.9459459459459459,0.2972972972972973,0.7027027027027027,0.2972972972972973,4657739.75,62942.42905405405,505585.7285030268,4376767.5,8.032510598992566,4649295.05,8444.7,550.5577521996045,6,199,194,0.38144329896907214,2,4376778.34,0.02702702702702703,0.9396785941077965,2.0,7,1,13,0,0,0.75,0.493791088385683,0.08838568298027757,0.48440458844825324,0.08
495,392.45,0,289,20,14.45,7,1,8,0.9741100323624595,0.06472491909385113,0.9352750809061489,0.06472491909385113,95093.23,307.7450809061489,155.76737868751968,408.86,0.5061571682278915,87244.23,7849.0,11.115330615365014,0,199,200,1.545,4,1188.45,0.012944983818770227,0.012497735117421083,1.0,56,9,52,0,0,0.875,0.8747394769640033,0.004189315151705575,0.5584347484255848,0.08
496,344.51,0,258,14,18.428571428571427,6,1,7,0.9742647058823529,0.051470588235294115,0.9485294117647058,0.051470588235294115,349965.39,1286.6374632352943,14581.346261141493,241301.32,11.332909757249096,345142.25,4823.139999999999,71.55965823094499,0,199,200,1.36,3,241980.31,0.011029411764705883,0.6914406878920226,1.0,33,12,27,0,0,0.8571428571428571,0.8997080449826989,0.0026492214532871992,0.5579526525150802,0.08
497,215.71,0,40,22,1.8181818181818181,2,1,3,0.9516129032258065,0.3548387096774194,0.6451612903225806,0.3548387096774194,13800.42,222.5874193548387,48.94158670772028,286.97,0.2198757991335523,9054.800000000001,4745.62,1.9080330915665396,4,196,193,0.32124352331606215,2,502.68000000000006,0.03225806451612903,0.03642497837022352,2.0,10,3,11,0,0,0.6666666666666666,0.4162330905306972,0.12591050988553593,0.36047448525226483,0.08
498,214.07,0,81,14,5.785714285714286,4,1,5,0.9473684210526316,0.14736842105263157,0.8526315789473684,0.14736842105263157,6189.88,65.15663157894735,70.71612295294365,214.07,1.0853250273881963,3192.9,2996.98,1.0653724749581246,1,198,198,0.4797979797979798,2,231.51999999999998,0.021052631578947368,0.03740298681072977,2.0,7,10,22,0,0,0.8,0.7269806094182826,0.021717451523545706,0.3396824945046216,0.08
499,271.85,0,101,24,4.208333333333333,6,1,7,0.944,0.192,0.808,0.192,40341.840000000004,322.73472,2498.9673881904337,28129.74,7.74310055078807,33817.44,6524.400000000001,5.18322604377414,1,198,198,0.6313131313131313,3,28129.74,0.024,0.6972845066065405,1.0,31,7,38,0,0,0.8571428571428571,0.6528640000000001,0.036863999999999994,0.41960054494755067,0.08
500,102.94,0,2,161,0.012422360248447204,1,7,8,0.950920245398773,0.012269938650306749,0.012269938650306749,0.9877300613496932,555941.95,3410.6868098159484,42720.7298712059,547119.12,12.525550498584549,553575.25,2366.7,233.90174082055185,3,187,185,0.8810810810810811,7,547119.12,0.04294478527607362,0.9841299437827997,0.0,0,71,8,0,0,0.875,0.0001505513944822919,0.9756106740938687,0.48499902800751615,0.0
501,134.79,0,62,161,0.38509316770186336,4,7,11,0.9506726457399103,0.27802690582959644,0.27802690582959644,0.7219730941704036,802060.96,3596.685919282511,53009.75750144591,793424.0,14.738500578338133,798961.71,3099.25,257.79195289182866,0,199,200,1.115,8,793424.0,0.03587443946188341,0.9892315417022667,0.0,70,62,34,0,0,2.5454545454545454,0.07729896036517929,0.5212451487059864,0.5843626915398049,0.08
502,101.0,0,85,119,0.7142857142857143,4,7,11,0.946078431372549,0.4166666666666667,0.4166666666666667,0.5833333333333334,12117.63,59.400147058823514,72.78088179852269,197.88,1.225264336912303,10401.65,1715.98,6.061638247532022,1,197,197,1.0355329949238579,8,365.03999999999996,0.0392156862745098,0.030124702602736673,0.0,63,63,33,0,0,2.5454545454545454,0.1736111111111111,0.34027777777777773,0.5125072839701684,0.08
503,197.43,0,64,119,0.5378151260504201,4,7,11,0.9398907103825137,0.34972677595628415,0.34972677595628415,0.6502732240437158,99089.9,541.4748633879781,6413.291353087487,87052.95,11.844116480236737,95734.09999999999,3355.7999999999997,28.527951606174383,0,199,200,0.915,8,87375.5,0.04371584699453552,0.8817800805127466,0.0,49,78,18,0,0,2.5454545454545454,0.12230881782077699,0.42285526590820866,0.522601526030734,0.08
504,181.9,0,93,147,0.6326530612244898,7,7,14,0.9416666666666667,0.3875,0.3875,0.6125,1264839.37,5270.164041666666,45643.128250485504,543939.93,8.660665567451876,1261020.31,3819.06,330.1912800532068,2,198,197,1.218274111675127,8,543964.7300000001,0.03333333333333333,0.43006625418372296,0.0,154,107,30,0,0,3.5,0.15015625,0.3751562500000001,0.631410881207637,0.08
505,107.05,0,67,154,0.43506493506493504,4,7,11,0.9502262443438914,0.3031674208144796,0.3031674208144796,0.6968325791855203,5966.429999999999,26.99742081447964,32.35873874219777,128.97,1.1985863006899784,3611.77,2354.66,1.5338817493820764,7,199,193,1.145077720207254,9,265.89,0.04072398190045249,0.044564337468134214,0.0,140,30,28,0,0,2.5454545454545454,0.09191048504330379,0.48557564341434445,0.4923786896583884,0.08
506,189.34,0,49,140,0.35,3,7,10,0.9470899470899471,0.25925925925925924,0.25925925925925924,0.7407407407407407,755767.45,3998.769576719577,54355.39067290944,749282.25,13.59302896304926,751981.85,3785.6,198.64271185545223,1,198,198,0.9545454545454546,8,749282.25,0.042328042328042326,0.9914190535726302,0.0,49,63,25,0,0,2.1,0.06721536351165981,0.5486968449931412,0.5533866496629226,0.08
507,120.8,0,94,147,0.6394557823129252,6,7,13,0.946058091286307,0.3900414937759336,0.3900414937759336,0.6099585062240664,7697171.46,31938.47078838174,269353.4195684199,3457196.75,8.433510212592978,7694635.71,2535.75,3034.4614847678204,0,198,199,1.2110552763819096,8,3457369.39,0.03319502074688797,0.4491740125534374,0.0,63,74,34,0,0,3.230769230769231,0.15213236686696163,0.3720493793150945,0.668307199347699,0.08
508,120.48,0,46,108,0.42592592592592593,5,6,11,0.9285714285714286,0.2987012987012987,0.2987012987012987,0.7012987012987013,2306518.46,14977.392597402597,174732.3670659304,2174979.25,11.66640761598469,2304350.9,2167.56,1063.1082415250328,7,197,191,0.806282722513089,6,2174979.25,0.03896103896103896,0.9429706667077792,0.0,12,32,51,0,0,2.727272727272727,0.08922246584584247,0.4918198684432451,0.5584345702621781,0.08
509,167.38,0,65,112,0.5803571428571429,5,7,12,0.9322033898305084,0.3672316384180791,0.3672316384180791,0.632768361581921,2709599.19,15308.469999999998,150483.49742631745,1902175.0,9.83008082625615,2706921.27,2677.92,1010.829774601183,4,199,196,0.9030612244897959,9,1902175.0,0.05084745762711865,0.7020134221401211,0.0,56,41,23,0,0,2.9166666666666665,0.13485907625522678,0.4003957994190686,0.5926743553769346,0.08
510,193.83,0,85,140,0.6071428571428571,4,7,11,0.9511111111111111,0.37777777777777777,0.37777777777777777,0.6222222222222222,14432.25,64.14333333333335,66.15994498183927,176.53,1.0314391464195696,10555.65,3876.6000000000004,2.7229144095341273,2,194,193,1.16580310880829,8,361.96000000000004,0.035555555555555556,0.025079942489909753,0.0,77,47,46,0,0,2.5454545454545454,0.14271604938271604,0.3871604938271605,0.5287896406010922,0.08
511,112.32,0,75,175,0.42857142857142855,5,7,12,0.952,0.3,0.3,0.7,112229.46,448.91783999999996,6377.8263176541395,101081.24,14.207112637034296,109422.46,2807.0,38.98199501246883,1,197,197,1.2690355329949239,9,101081.24,0.036,0.9006658323046373,0.0,119,49,43,0,0,2.9166666666666665,0.09000000000000001,0.48999999999999994,0.5711188245317347,0.08
512,100.72,0,43,133,0.3233082706766917,4,7,11,0.9375,0.24431818181818182,0.24431818181818182,0.7556818181818182,883416.8500000001,5019.413920454545,64244.529226782666,854567.06,12.799209279191075,881504.31,1912.5400000000002,460.9076463760235,5,199,195,0.9025641025641026,8,854667.7200000001,0.045454545454545456,0.9674568919531024,0.0,56,33,26,0,0,2.5454545454545454,0.059691373966942136,0.5710550103305785,0.5447565960374383,0.08
513,136.91,0,46,112,0.4107142857142857,3,7,10,0.9367088607594937,0.2911392405063291,0.2911392405063291,0.7088607594936709,5246156.26,33203.52063291139,289415.8434033667,3356562.75,8.716420364065163,5243966.66,2189.6,2394.9427566678846,3,193,191,0.8272251308900523,8,3356562.75,0.05063291139240506,0.6398137195402563,0.0,105,89,17,0,0,2.1,0.08476205736260214,0.5024835763499439,0.5777659110046479,0.08
514,102.47,0,54,154,0.35064935064935066,6,7,13,0.9375,0.25961538461538464,0.25961538461538464,0.7403846153846154,4991217.92,23996.239999999998,160474.96152290097,1458790.87,6.6875044391496745,4988964.9,2253.02,2214.3455894754597,1,196,196,1.0612244897959184,8,1458790.87,0.038461538461538464,0.29227152438176857,0.0,49,95,32,0,0,3.230769230769231,0.06740014792899408,0.5481693786982249,0.6101218607489993,0.08
515,160.48,0,81,161,0.5031055900621118,4,7,11,0.9545454545454546,0.3347107438016529,0.3347107438016529,0.6652892561983471,9129.91,37.72690082644628,43.90247773348248,182.92,1.1636916039153462,5439.79,3690.1200000000003,1.4741498921444287,3,198,196,1.2346938775510203,9,360.4000000000001,0.0371900826446281,0.03947464980487213,0.0,112,58,15,0,0,2.5454545454545454,0.11203128201625571,0.44260979441294995,0.5209929139934305,0.08
516,185.92,0,65,133,0.48872180451127817,4,7,11,0.9444444444444444,0.3282828282828283,0.3282828282828283,0.6717171717171717,697426.22,3522.3546464646474,48780.34179363553,688186.75,13.84878772573224,693895.07,3531.15,196.50682355606529,1,199,199,0.9949748743718593,8,688186.75,0.04040404040404041,0.9867520466896126,0.0,98,75,45,0,0,2.5454545454545454,0.10776961534537292,0.45120395877971636,0.5722690636074049,0.08
517,118.7,0,50,140,0.35714285714285715,5,7,12,0.9368421052631579,0.2631578947368421,0.2631578947368421,0.7368421052631579,1684909.1900000002,8867.943105263159,85881.82802565715,1149225.62,9.684526276976895,1682536.1900000002,2373.0,709.0333712600085,2,198,197,0.9644670050761421,8,1149225.62,0.042105263157894736,0.6820697678074864,0.0,70,28,41,0,0,2.9166666666666665,0.06925207756232687,0.5429362880886427,0.5724654043562423,0.08
518,111.24,0,56,126,0.4444444444444444,4,7,10,0.945054945054945,0.3076923076923077,0.3076923076923077,0.6923076923076923,685404.73,3765.9600549450547,47993.711608919046,648738.62,12.744084087110497,683402.59,2002.14,341.33606541001126,3,196,194,0.9381443298969072,9,648738.62,0.04945054945054945,0.9465044397928214,0.0,63,47,26,1,1,1.8,0.09467455621301776,0.4792899408284023,0.5582702650608882,0.08
519,134.44,0,59,91,0.6483516483516484,4,7,11,0.9266666666666666,0.3933333333333333,0.3933333333333333,0.6066666666666667,935504.3500000001,6236.6956666666665,66796.99321233551,813529.56,10.710317896277369,933757.15,1747.2,534.4306032509157,3,194,192,0.78125,7,813529.56,0.04666666666666667,0.8696160098026268,0.0,0,34,16,0,0,2.5454545454545454,0.1547111111111111,0.36804444444444445,0.5540443429749917,0.08
520,391.83,0,90,14,6.428571428571429,5,6,11,0.8942307692307693,0.1346153846153846,0.8653846153846154,0.1346153846153846,10878938.42,104605.17711538462,532472.9097915873,4200924.5,5.090311249167368,14832.83,10864105.59,0.0013653061337744233,0,193,194,0.5360824742268041,3,4200924.5,0.028846153846153848,0.3861520617008879,1.0,10,26,23,0,0,2.727272727272727,0.7488905325443788,0.018121301775147924,0.5044175208877452,0.18
521,226.03,0,41,23,1.7826086956521738,3,7,10,0.84375,0.359375,0.640625,0.359375,12853285.08,200832.579375,711242.2728564444,5053737.5,3.541468595732138,5526590.6,7326694.48,0.7543088653534246,4,194,191,0.33507853403141363,3,5053752.62,0.046875,0.39318762390665035,2.0,10,61,13,0,0,2.1,0.410400390625,0.129150390625,0.5066311985589128,0.08
522,393.3,0,85,15,5.666666666666667,6,8,14,0.86,0.15,0.85,0.15,17512401.490000002,175124.0149,738232.8946498119,5744040.0,4.215486351608376,2283213.04,15229188.45,0.14992348722298462,3,197,195,0.5128205128205128,3,5744164.01,0.03,0.32800550017540736,1.0,18,64,37,0,0,3.4285714285714284,0.7224999999999999,0.022500000000000003,0.5123436667708766,0.18
523,272.45,0,39,24,1.625,2,8,10,0.8412698412698413,0.38095238095238093,0.6190476190476191,0.38095238095238093,22983521.22,364817.7971428571,1245812.4384351885,6752514.0,3.4148894275224935,412.65,22983108.57,1.795449030505102e-05,4,197,194,0.3247422680412371,2,6752514.0,0.031746031746031744,0.29379806233189537,2.0,13,71,23,0,0,1.6,0.3832199546485261,0.14512471655328796,0.518825597905859,0.08
524,294.67,0,66,21,3.142857142857143,3,8,11,0.8735632183908046,0.2413793103448276,0.7586206896551724,0.2413793103448276,12895884.48,148228.5572413793,491758.20966155425,2927842.75,3.3175672678292494,6879.12,12889005.36,0.0005337200045977792,3,194,192,0.453125,3,2927842.75,0.034482758620689655,0.22703698645414663,1.0,15,69,36,0,0,2.1818181818181817,0.5755053507728893,0.058263971462544605,0.5110101227784143,0.08
525,258.53,0,74,21,3.5238095238095237,5,7,11,0.8842105263157894,0.22105263157894736,0.7789473684210526,0.22105263157894736,13751382.39,144751.39357894735,578927.4160490064,4308436.0,3.9994600517145256,45623.869999999995,13705758.52,0.0033288102904646824,3,193,191,0.4973821989528796,4,4308436.0,0.042105263157894736,0.3133093006804242,1.0,33,99,42,1,1,2.1818181818181817,0.6067590027700831,0.048864265927977844,0.5181600541753002,0.08
526,387.43,0,65,17,3.823529411764706,4,8,12,0.8536585365853658,0.2073170731707317,0.7926829268292683,0.2073170731707317,11290368.05,137687.41524390245,506853.71135364583,3171374.25,3.681191272679455,1382132.22,9908235.83,0.1394932704180498,5,196,192,0.4270833333333333,2,3171374.25,0.024390243902439025,0.280892016624737,2.0,8,74,22,0,0,2.6666666666666665,0.6283462224866152,0.04298036882807851,0.4954827020181267,0.08
527,391.63,0,57,17,3.3529411764705883,3,8,11,0.8513513513513513,0.22972972972972974,0.7702702702702703,0.22972972972972974,15022630.95,203008.52635135135,814803.46680835,4862804.5,4.013641601427871,4703.7300000000005,15017927.22,0.0003132076704790423,3,199,197,0.3756345177664975,3,4862804.5,0.04054054054054054,0.32369859288861785,3.0,12,91,20,0,0,2.1818181818181817,0.5933162892622352,0.05277574872169467,0.4937948379528442,0.08
528,327.18,0,75,19,3.9473684210526314,5,8,13,0.8617021276595744,0.20212765957446807,0.7978723404255319,0.20212765957446807,20420011.52,217234.16510638295,758498.3500570022,4105503.75,3.4916162919656477,587202.21,19832809.31,0.02960761639068066,1,197,197,0.47715736040609136,2,4105503.75,0.02127659574468085,0.2010529595430904,2.0,14,48,46,0,0,3.076923076923077,0.6366002716161159,0.04085559076505206,0.5180971875296313,0.08
529,236.81,0,63,24,2.625,5,8,13,0.8505747126436781,0.27586206896551724,0.7241379310344828,0.27586206896551724,7877196.46,90542.488045977,292793.61953875184,1643267.37,3.2337704193645833,760507.96,7116688.5,0.10686261735356269,1,198,198,0.4393939393939394,3,1643267.37,0.034482758620689655,0.2086106876151214,2.0,1,56,20,0,0,3.076923076923077,0.5243757431629014,0.07609988109393578,0.5045537316429927,0.08
530,398.59,0,126,13,9.692307692307692,7,8,15,0.8920863309352518,0.09352517985611511,0.9064748201438849,0.09352517985611511,2936699.77,21127.336474820146,115032.18716302545,1187914.25,5.444708437342417,1316673.03,1620026.74,0.812747714275383,1,197,197,0.7055837563451777,4,1187914.25,0.02877697841726619,0.4045065355795632,1.0,16,83,29,0,0,3.7333333333333334,0.8216965995548885,0.008746959267118676,0.5035140492261475,0.18
531,220.52,0,217,21,10.333333333333334,5,8,12,0.9495798319327731,0.08823529411764706,0.9117647058823529,0.08823529411764706,6595172.42,27710.808487394963,163006.93387448494,1678715.87,5.882431541058544,2110781.33,4484391.09,0.47069519309030655,3,199,197,1.2081218274111676,3,2546408.35,0.012605042016806723,0.38610186176148525,1.0,39,127,30,1,1,2.3333333333333335,0.8313148788927335,0.007785467128027684,0.6043033799927925,0.18
532,316.17,0,145,16,9.0625,7,8,15,0.906832298136646,0.09937888198757763,0.9006211180124224,0.09937888198757763,9824516.64,61021.84248447205,307230.1507805288,2174979.25,5.0347570357074725,16887.45,9807629.19,0.0017218687281956673,0,199,200,0.805,3,2174979.25,0.018633540372670808,0.22138282520126099,1.0,29,83,59,0,0,3.7333333333333334,0.8111183982099457,0.00987616218510088,0.5483970703256607,0.18
533,231.28,0,24,26,0.9230769230769231,4,8,12,0.76,0.48,0.48,0.52,15406018.11,308120.3622,745603.6889536927,3265626.5,2.4198455552564995,1423106.07,13982912.040000001,0.10177465651854305,3,196,194,0.25773195876288657,2,3265626.5,0.04,0.21197083351994062,3.0,2,38,29,0,0,2.6666666666666665,0.2304,0.27040000000000003,0.5148551369555293,0.08
534,379.54,0,22,14,1.5714285714285714,2,8,10,0.7222222222222222,0.3888888888888889,0.6111111111111112,0.3888888888888889,13711825.75,380884.0486111111,846572.855986459,3751971.0,2.222652429455831,60643.64,13651182.11,0.00444237279316465,6,196,191,0.18848167539267016,2,3751971.0,0.05555555555555555,0.27363030047256837,8.0,9,41,26,0,0,1.6,0.37345679012345684,0.15123456790123455,0.47556079026578746,0.08
535,389.14,0,39,12,3.25,3,8,11,0.7843137254901961,0.23529411764705882,0.7647058823529411,0.23529411764705882,4578113.97,89766.9405882353,324553.0902089813,1916482.25,3.6155079819164144,363448.99000000005,4214664.98,0.0862343725360586,1,190,190,0.26842105263157895,2,1916482.25,0.0392156862745098,0.4186182918465003,2.0,5,48,11,0,0,2.1818181818181817,0.5847750865051903,0.05536332179930797,0.44352941881396046,0.08
536,360.88,1,90,22,4.090909090909091,5,9,14,0.875,0.19642857142857142,0.8035714285714286,0.19642857142857142,6781849.3,60552.22589285714,312753.7973882977,3048119.75,5.165025608500228,369573.05,6412276.25,0.0576352352255566,4,197,194,0.5773195876288659,3,3048119.75,0.026785714285714284,0.4494525925251686,1.0,6,71,26,0,0,3.2142857142857144,0.6457270408163266,0.03858418367346938,0.5157035032156565,0.18
537,263.18,0,60,16,3.75,3,8,11,0.8552631578947368,0.21052631578947367,0.7894736842105263,0.21052631578947367,18095180.79,238094.48407894737,1103581.7676091983,7575834.0,4.6350581025777675,10009.0,18085171.79,0.0005534368219567795,4,199,196,0.3877551020408163,3,7575834.0,0.039473684210526314,0.418665836385932,2.0,14,64,45,0,0,2.1818181818181817,0.6232686980609419,0.04432132963988919,0.4967040228352736,0.08
538,248.57,0,49,17,2.8823529411764706,6,8,14,0.7878787878787878,0.25757575757575757,0.7424242424242424,0.25757575757575757,17933370.9,271717.74090909096,850710.0517968887,5693326.5,3.1308594313740894,10563383.45,7369987.45,1.4332973457098626,2,192,191,0.34554973821989526,3,5693626.49,0.045454545454545456,0.3174878009131011,2.0,0,65,50,0,0,3.4285714285714284,0.5511937557392103,0.06634527089072544,0.49575393134852536,0.08
539,350.97,0,20,18,1.1111111111111112,1,7,8,0.7894736842105263,0.47368421052631576,0.5263157894736842,0.47368421052631576,10717757.2,282046.2421052631,679801.0958903746,2530242.0,2.4102469538901516,2680.4,10715076.8,0.00025015219676260275,3,193,191,0.19895287958115182,1,2530242.0,0.02631578947368421,0.2360794290059118,4.0,0,48,17,0,0,0.875,0.2770083102493075,0.22437673130193905,0.49029898283562545,0.08
540,458.21,1,260,178,1.4606741573033708,5,2,6,0.9863013698630136,0.4063926940639269,0.593607305936073,0.4063926940639269,187807.75,428.78481735159806,148.6152618926885,533.65,0.34659637160339535,106702.8,81104.95,1.3156139051932096,0,199,200,2.19,4,1329.3000000000002,0.0091324200913242,0.0070779826711091535,0.0,470,18,26,1,1,0.6666666666666666,0.3523696336606827,0.16515502178853653,0.7152955658353599,0.2
541,483.96,0,84,176,0.4772727272727273,6,1,7,0.9730769230769231,0.3230769230769231,0.3230769230769231,0.676923076923077,3826649.86,14717.88407692308,213963.00785653925,3452613.75,14.537620131960596,3741474.66,85175.2,43.92680803802046,3,199,197,1.3197969543147208,3,3453232.02,0.011538461538461539,0.9024165121812321,1.0,139,3,45,0,0,0.8571428571428571,0.10437869822485206,0.458224852071006,0.656231813257744,0.08
542,409.25,1,73,181,0.40331491712707185,7,2,8,0.9685039370078741,0.2874015748031496,0.2874015748031496,0.7125984251968503,1643973.24,6472.335590551181,66353.05748398579,999830.18,10.251794975040099,1570294.98,73678.26,21.31286732341399,1,199,199,1.2763819095477387,4,1000277.78,0.015748031496062992,0.6084513760090159,1.0,147,7,51,1,1,0.75,0.0825996651993304,0.5077965155930312,0.6253474146929501,0.08
543,426.45,0,41,180,0.22777777777777777,3,1,4,0.9819004524886877,0.18552036199095023,0.18552036199095023,0.8144796380090498,135708.51,614.0656561085971,3478.156593176629,52182.51,5.664144474742485,58947.51,76761.0,0.7679356704576543,0,199,200,1.105,2,52608.96,0.00904977375565611,0.38766146647693644,1.0,62,3,28,0,0,0.75,0.03441780471325321,0.6633770807313527,0.5274449787281184,0.08
544,404.11,0,66,180,0.36666666666666664,5,1,5,0.9796747967479675,0.2682926829268293,0.2682926829268293,0.7317073170731707,2121314.14,8623.228211382117,84291.579449996,1133239.12,9.774944763578963,2048576.1400000001,72738.0,28.163767769254036,0,198,199,1.236180904522613,3,1133813.1900000002,0.012195121951219513,0.5344862265425714,1.0,132,4,46,1,1,0.0,0.07198096371207616,0.5353955978584176,0.6209443692515741,0.08
545,415.58,0,77,177,0.4350282485875706,5,1,5,0.9803149606299213,0.3031496062992126,0.3031496062992126,0.6968503937007874,349669.89,1376.6531102362203,16202.485629256835,258970.82,11.769475918647833,276114.0,73555.89,3.7537986420937877,0,199,200,1.27,4,259386.39,0.015748031496062992,0.741803619408008,1.0,152,8,37,1,1,0.0,0.09189968379936761,0.48560047120094235,0.5954630045584091,0.08
546,414.64,0,99,180,0.55,7,1,7,0.974910394265233,0.3548387096774194,0.3548387096774194,0.6451612903225806,1651834.33,5920.553154121864,62964.31733409018,820424.18,10.634870711405519,1577199.1300000001,74635.2,21.132108308144147,0,199,200,1.395,4,820838.8200000001,0.014336917562724014,0.4969256329719216,1.0,172,8,34,1,1,0.0,0.12591050988553593,0.4162330905306972,0.6556663273458476,0.08
547,484.05,0,42,179,0.2346368715083799,5,1,6,0.9728506787330317,0.19004524886877827,0.19004524886877827,0.8099547511312217,5788193.61,26190.921312217197,307758.4141196154,4493767.0,11.750576104249387,5701550.45,86643.16,65.80496890925954,2,199,198,1.1161616161616161,3,4494251.04,0.013574660633484163,0.7764514013898025,1.0,75,2,28,0,0,0.8333333333333334,0.03611719661759587,0.6560266988800393,0.6079454661769578,0.18
548,510.16,0,29,177,0.1638418079096045,3,1,3,0.9854368932038835,0.1407766990291262,0.1407766990291262,0.8592233009708737,5485900.67,26630.585776699034,234133.66856519293,3148946.0,8.791908316566317,5395602.35,90298.32,59.75307569398854,4,199,196,1.0510204081632653,2,3149456.16,0.009708737864077669,0.5741001067013487,1.0,53,5,11,1,1,0.0,0.01981807898953719,0.7382646809312847,0.5866796821968854,0.18
549,548.18,0,61,177,0.3446327683615819,4,1,4,0.9831932773109243,0.25630252100840334,0.25630252100840334,0.7436974789915967,3956865.12,16625.48369747899,201413.62691761096,3049796.0,12.11475290479232,3859839.0300000003,97026.09,39.78145496742165,0,199,200,1.19,3,3050344.17,0.012605042016806723,0.7708992036604977,1.0,92,5,19,1,1,0.0,0.06569098227526303,0.5530859402584564,0.6246044473010057,0.08
550,428.46,0,461,179,2.5754189944134076,8,1,9,0.9859375,0.2796875,0.7203125,0.2796875,402709.47,629.2335468750001,5753.499336918719,146020.4,9.143662739363888,326016.92,76692.55,4.250959447821202,0,199,200,3.2,5,147401.66000000003,0.0078125,0.3660248168487323,0.0,833,3,58,0,0,0.8888888888888888,0.51885009765625,0.07822509765624999,0.7736590419180996,0.2
551,484.44,0,84,180,0.4666666666666667,4,1,5,0.9810606060606061,0.3181818181818182,0.3181818181818182,0.6818181818181818,101169.24,383.21681818181816,152.3693173018359,484.44,0.39760602894402175,13970.04,87199.2,0.16020835053532603,0,199,200,1.32,3,927.65,0.011363636363636364,0.009169289005235188,1.0,160,4,41,0,0,0.8,0.10123966942148761,0.46487603305785125,0.579919893309911,0.08
552,527.39,0,223,180,1.238888888888889,5,1,6,0.9851116625310173,0.4466501240694789,0.5533498759305211,0.4466501240694789,2402117.99,5960.590545905707,77993.36815097359,1459509.5,13.08483908604438,2307187.79,94930.2,24.304044339946614,0,199,200,2.015,4,1460440.59,0.009925558312655087,0.6079803723546485,0.0,402,1,42,0,0,0.8333333333333334,0.3061960851923231,0.1994963333312809,0.7576314315217718,0.2
553,416.91,0,31,180,0.17222222222222222,2,1,3,0.985781990521327,0.14691943127962084,0.14691943127962084,0.8530805687203792,76036.82,360.3640758293839,136.25671780638436,416.91,0.37810849345287056,993.02,75043.8,0.013232538863970108,0,199,200,1.055,3,481.03,0.014218009478672985,0.006326277190445365,1.0,54,1,7,0,0,0.6666666666666666,0.021585319287527226,0.7277464567282856,0.49978927029773856,0.08
554,488.96,0,67,180,0.37222222222222223,6,1,6,0.9757085020242915,0.27125506072874495,0.27125506072874495,0.728744939271255,4916221.38,19903.730283400808,223954.67926603285,3322867.0,11.251894799479132,4828210.38,88011.0,54.859169649248386,1,199,199,1.2412060301507537,3,3323355.95,0.012145748987854251,0.6759980263541346,1.0,114,4,32,1,1,0.0,0.0735793079709551,0.5310691865134652,0.6397116755360105,0.08
555,473.85,0,27,177,0.15254237288135594,4,1,5,0.9754901960784313,0.1323529411764706,0.1323529411764706,0.8676470588235294,6850058.98,33578.72049019608,270877.01332759915,2530242.0,8.066924807533589,6766187.53,83871.45,80.67331052461833,3,199,197,1.0355329949238579,2,2530715.85,0.00980392156862745,0.3694443883459818,1.0,32,2,26,0,0,0.8,0.01751730103806228,0.7528114186851211,0.587104858986287,0.18
556,589.79,0,43,179,0.24022346368715083,4,1,5,0.9774774774774775,0.19369369369369369,0.19369369369369369,0.8063063063063063,218899.91999999998,986.0356756756753,5786.270495013456,84373.28,5.868216168799822,113329.3,105570.62,1.0734927956281777,2,199,198,1.121212121212121,2,84963.06,0.009009009009009009,0.38813655116913703,1.0,86,1,22,0,0,0.8,0.037517246976706435,0.650129859589319,0.5415246858624789,0.08
557,411.57,0,103,180,0.5722222222222222,6,1,6,0.9787985865724381,0.36395759717314485,0.36395759717314485,0.6360424028268551,256783.41,907.3618727915194,10254.512756926099,173089.46,11.301458728233595,182700.81,74082.6,2.46617707801832,0,198,199,1.4221105527638191,5,173501.03,0.0176678445229682,0.6756707140854621,1.0,190,7,60,1,1,0.0,0.13246513254004919,0.40454993819375945,0.6225849291887011,0.08
558,481.73,0,45,180,0.25,3,1,4,0.9822222222222222,0.2,0.2,0.8,99050.55,440.2246666666666,583.443519938496,8828.83,1.3253312776775255,12339.15,86711.40000000001,0.14230135829890878,0,199,200,1.125,3,9329.39,0.013333333333333334,0.0941881695760397,1.0,60,1,24,0,0,0.75,0.039999999999999994,0.6400000000000001,0.5269240950520235,0.08
559,483.45,0,67,178,0.37640449438202245,7,1,7,0.9714285714285714,0.27346938775510204,0.27346938775510204,0.726530612244898,11909151.24,48608.78057142857,393670.47596785123,4242476.5,8.098752351735484,11823097.14,86054.09999999999,137.39144491662805,3,199,197,1.2436548223350254,3,4242959.95,0.012244897959183673,0.35627727488663585,1.0,119,2,30,1,1,0.0,0.07478550603915034,0.5278467305289464,0.6588678661926184,0.08
560,172.82,0,105,160,0.65625,6,8,14,0.9471698113207547,0.39622641509433965,0.39622641509433965,0.6037735849056604,4692774.6,17708.58339622642,261280.9164852664,4251660.0,14.754478697654813,4665123.4,27651.199999999997,168.7132348686495,1,197,197,1.3451776649746192,11,4251660.0,0.04150943396226415,0.9060013238223716,0.0,232,63,45,0,0,3.4285714285714284,0.15699537201851194,0.36454254182983264,0.6786786397696228,0.08
561,132.07,0,263,160,1.64375,7,8,14,0.966903073286052,0.37825059101654845,0.6217494089834515,0.37825059101654845,163826.11,387.29576832151304,2219.3127309459637,45655.39,5.730278801041803,142694.91,21131.199999999997,6.752806750208224,0,199,200,2.115,10,46122.96,0.02364066193853428,0.2815360750493313,0.0,360,88,55,1,1,3.0,0.3865723275712713,0.1430735096043682,0.698996084177346,0.2
562,120.4,0,20,160,0.125,5,8,13,0.9277777777777778,0.1111111111111111,0.1111111111111111,0.8888888888888888,1993648.26,11075.823666666665,102561.58903124538,1301451.5,9.259951414711526,1974384.26,19264.0,102.49087728405316,7,197,191,0.9424083769633508,9,1301451.5,0.05,0.6527989546159964,0.0,32,76,44,0,0,3.076923076923077,0.012345679012345684,0.7901234567901234,0.541826548154141,0.18
563,129.33,0,305,160,1.90625,7,8,14,0.9698924731182795,0.34408602150537637,0.6559139784946236,0.34408602150537637,117416.16,252.50787096774192,174.23547049214105,462.45,0.6900199578903414,96723.36,20692.800000000003,4.674251913709115,0,199,200,2.325,10,1757.47,0.021505376344086023,0.01496787154340595,0.0,464,43,35,1,1,3.0,0.4302231471846456,0.11839519019539833,0.7067444641388808,0.2
564,147.09,0,188,160,1.175,4,8,11,0.9683908045977011,0.45977011494252873,0.5402298850574713,0.45977011494252873,1834439.9400000002,5271.379137931033,58202.1698281579,973112.06,11.04116556696806,1810907.1400000001,23532.800000000003,76.95247229398966,0,198,199,1.7487437185929648,9,973523.63,0.02586206896551724,0.5306925611312191,1.0,320,38,20,1,1,1.9090909090909092,0.2918483287092086,0.21138855859426608,0.7242070135993076,0.08
565,195.03,0,59,160,0.36875,3,8,11,0.9497716894977168,0.2694063926940639,0.2694063926940639,0.730593607305936,34687.450000000004,158.39018264840183,66.77278724112372,195.02,0.42157150225243123,3484.25,31203.2,0.11166322684852835,2,196,195,1.123076923076923,10,1599.3500000000001,0.045662100456621,0.04610745384858212,0.0,296,69,25,0,0,2.1818181818181817,0.07257980442442818,0.5337670190363003,0.5187418273017529,0.08
566,179.65,0,76,160,0.475,5,8,13,0.9449152542372882,0.3220338983050847,0.3220338983050847,0.6779661016949152,133690.12,566.4835593220339,6266.747032973504,96631.67,11.062539997583569,104947.72,28742.399999999998,3.6513206969494547,4,199,196,1.2040816326530612,10,96631.67,0.0423728813559322,0.7228033754476396,0.0,368,113,41,0,0,3.076923076923077,0.10370583165756966,0.45963803504740014,0.5695880677504538,0.08
567,127.7,0,57,140,0.40714285714285714,4,7,11,0.9441624365482233,0.2893401015228426,0.2893401015228426,0.7106598984771574,2417031.0,12269.192893401016,159114.48808928116,2234778.5,12.96861900140643,2399154.4,17876.6,134.20641509011782,1,194,194,1.0154639175257731,7,2234778.5,0.03553299492385787,0.9245965401353975,0.0,7,57,33,0,0,2.5454545454545454,0.08371769434924888,0.5050374913035637,0.5936290478990178,0.08
568,155.82,0,23,160,0.14375,4,8,12,0.9344262295081968,0.12568306010928962,0.12568306010928962,0.8743169398907104,513478.74,2805.894754098362,21174.266131602402,234984.21,7.546350803313177,488547.54,24931.199999999997,19.595829322294957,3,199,197,0.9289340101522843,8,234984.21,0.04371584699453552,0.4576318193816554,0.0,16,38,33,0,0,2.6666666666666665,0.01579623159843531,0.7644301113798561,0.5143084227081876,0.08
569,168.82,0,13,160,0.08125,1,8,9,0.9479768786127167,0.07514450867052024,0.07514450867052024,0.9248554913294798,27192.55,157.1823699421965,40.82750707170023,168.82,0.25974609675827176,181.35,27011.199999999997,0.00671388164909371,7,198,192,0.9010416666666666,8,1350.5599999999997,0.046242774566473986,0.04966654469698501,0.0,40,90,8,0,0,0.8888888888888888,0.0056466971833338915,0.8553576798422934,0.43845205555146866,0.08
570,179.57,1,134,181,0.7403314917127072,8,9,16,0.9492063492063492,0.4253968253968254,0.4253968253968254,0.5746031746031746,43932.619999999995,139.4686349206349,85.75656225180478,1090.96,0.6148806310508799,11590.89,32341.73,0.35838806396565676,4,198,195,1.6153846153846154,12,1793.7199999999996,0.0380952380952381,0.04082888751000964,0.0,388,52,56,1,1,3.5,0.18096245905769717,0.3301688082640463,0.6235372409205322,0.08
571,144.62,0,31,160,0.19375,4,8,12,0.93717277486911,0.16230366492146597,0.16230366492146597,0.837696335078534,1280587.0,6704.643979057595,81715.85240012898,1125879.25,12.187948033538234,1257449.4,23137.600000000002,54.34657872899522,0,193,194,0.9845360824742269,9,1125879.25,0.04712041884816754,0.8791899730358032,0.0,32,103,28,0,0,2.6666666666666665,0.026342479646939504,0.7017351498040075,0.5499507121053104,0.08
572,139.88,0,242,160,1.5125,5,8,12,0.9701492537313433,0.39800995024875624,0.6019900497512438,0.39800995024875624,1833837.1,4561.783830845772,83522.097364863,1676460.5,18.309087072496744,1811456.3,22380.8,80.93796021589935,0,199,200,2.01,9,1676900.36,0.022388059701492536,0.9144216571908159,0.0,320,53,28,1,1,2.3333333333333335,0.362392019999505,0.15841192049701738,0.7417570236450629,0.2
573,176.76,0,267,160,1.66875,7,8,14,0.9672131147540983,0.3747072599531616,0.6252927400468384,0.3747072599531616,1048756.07,2456.103208430913,36039.791725557116,732539.5,14.673565671770453,1020476.07,28280.0,36.084726661951905,4,199,196,2.1785714285714284,11,733137.15,0.02576112412177986,0.699054023115213,0.0,408,41,43,1,1,3.0,0.3909910107552831,0.14040553066160621,0.7434545933354827,0.2
574,143.17,0,79,160,0.49375,5,8,13,0.9456066945606695,0.3305439330543933,0.3305439330543933,0.6694560669456067,245407.25,1026.808577405858,13853.684239218044,214746.92,13.491983358980274,222501.65000000002,22905.6,9.713853817407099,1,198,198,1.207070707070707,8,214746.92,0.03347280334728033,0.8750634710262228,0.0,0,35,22,0,0,3.076923076923077,0.10925929167906724,0.4481714255702806,0.5843362209002092,0.08
575,124.8,0,103,160,0.64375,6,8,14,0.9467680608365019,0.3916349809885932,0.3916349809885932,0.6083650190114068,96295.35,366.1420152091255,3984.1436255017184,64852.79,10.8814161172575,76327.35,19968.0,3.8224834735576927,1,199,199,1.321608040201005,9,64852.79,0.034220532319391636,0.6734778989847381,0.0,192,68,52,0,0,3.4285714285714284,0.15337795833393575,0.3701079963567494,0.5938145464455259,0.08
576,145.34,1,244,181,1.3480662983425415,6,9,14,0.9670588235294117,0.4258823529411765,0.5741176470588235,0.4258823529411765,649787.06,1528.9107294117646,14608.8957672852,213184.5,9.555100560322346,623624.85,26162.210000000003,23.836856672276536,4,199,196,2.1683673469387754,11,214908.0399999999,0.02588235294117647,0.3307361029934943,0.0,498,44,31,1,1,2.857142857142857,0.32961107266435985,0.18137577854671283,0.7426999647955919,0.2
577,193.71,0,67,160,0.41875,4,8,12,0.947136563876652,0.29515418502202645,0.29515418502202645,0.7048458149779736,361859.61,1594.0951982378865,21226.78964693147,320640.62,13.315885820618224,330866.01,30993.600000000002,10.675301029890042,2,198,197,1.1522842639593909,10,320640.62,0.04405286343612335,0.8860912108980608,0.0,152,66,45,0,0,2.6666666666666665,0.0871159929360166,0.49680762289196373,0.5770337971433266,0.08
578,114.26,1,43,181,0.23756906077348067,8,9,17,0.9241071428571429,0.19196428571428573,0.19196428571428573,0.8080357142857143,1039754.03,4641.7590625,39247.21599765897,452719.5,8.455246269615909,1019176.26,20577.77,49.52802271577532,2,197,196,1.1428571428571428,9,452719.5,0.04017857142857143,0.4354101902350886,0.0,11,83,59,0,0,4.235294117647059,0.036850286989795915,0.6529217155612245,0.5768447359348394,0.08
579,146.24,0,24,160,0.15,2,8,10,0.9456521739130435,0.13043478260869565,0.13043478260869565,0.8695652173913043,900572.51,4894.415815217392,56426.21397700781,762222.0,11.52869231126035,877174.11,23398.4,37.48863640248906,4,195,192,0.9583333333333334,9,763391.92,0.04891304347826087,0.8476740201630183,0.0,8,120,14,0,0,1.6,0.017013232514177697,0.7561436672967864,0.5318958781871272,0.08
580,327.46,0,263,16,16.4375,6,1,7,0.974910394265233,0.05734767025089606,0.942652329749104,0.05734767025089606,158438.97999999998,567.8816487455198,2639.682747296278,44419.12,4.6482973223865836,153199.78,5239.2,29.241063521148266,0,199,200,1.395,3,44988.670000000006,0.010752688172043012,0.283949505355311,1.0,44,7,46,0,0,0.8571428571428571,0.8885934147814134,0.003288755283205508,0.5475386504199065,0.08
581,296.66,0,77,25,3.08,4,1,5,0.9509803921568627,0.24509803921568626,0.7549019607843137,0.24509803921568626,14497.550000000001,142.13284313725492,109.69513357552316,296.66,0.7717789298676921,7081.05,7416.500000000001,0.9547697701071933,4,199,196,0.5204081632653061,3,476.62000000000006,0.029411764705882353,0.03287589972098734,2.0,20,1,30,0,0,0.8,0.5698769703960015,0.06007304882737409,0.38579908590590634,0.08
582,240.73,0,41,18,2.2777777777777777,3,1,4,0.9322033898305084,0.3050847457627119,0.6949152542372882,0.3050847457627119,12103.27,205.14016949152537,492.8116429826848,3904.31,2.4023166413686887,7770.3099999999995,4332.96,1.7933029614859124,6,199,194,0.30412371134020616,2,3904.31,0.03389830508474576,0.32258307052556867,2.0,10,15,34,0,0,0.75,0.4829072105716748,0.09307670209709853,0.3435056720527244,0.08
583,200.37,0,450,23,19.565217391304348,9,1,10,0.9788583509513742,0.048625792811839326,0.9513742071881607,0.048625792811839326,8158415.140000001,17248.23496828753,248870.91132650786,5219992.0,14.42877556944696,8153806.86,4608.280000000001,1769.3818214171013,0,199,200,2.365,5,5220943.44,0.010570824524312896,0.6399457922166977,0.0,117,5,58,0,0,0.9,0.9051128821029013,0.0023644677265799246,0.7395683757167393,0.18
584,339.8,0,264,27,9.777777777777779,7,1,7,0.9759450171821306,0.09278350515463918,0.9072164948453608,0.09278350515463918,311146.81,1069.233024054983,10850.03586069104,184921.31,10.147494153840407,301972.48,9174.33,32.91493547757711,1,199,199,1.4623115577889447,3,185425.48,0.010309278350515464,0.5959420892022002,1.0,71,0,49,1,1,0.0,0.8230417685195026,0.008608778828780955,0.5777560647954024,0.08
585,323.75,1,118,26,4.538461538461538,7,2,9,0.9375,0.18055555555555555,0.8194444444444444,0.18055555555555555,192601.92,1337.5133333333333,14711.441961662818,177252.82,10.999099294957423,184505.18,8096.74,22.787588585035458,6,199,194,0.7422680412371134,3,177366.39,0.020833333333333332,0.9208962714390386,1.0,26,20,33,0,0,1.5555555555555556,0.6714891975308641,0.032600308641975315,0.47141480635846067,0.08
586,201.56,0,104,24,4.333333333333333,7,1,8,0.9375,0.1875,0.8125,0.1875,1482638.85,11583.116015625003,113390.16732488624,1279329.62,9.78926285223501,1477801.6500000001,4837.200000000001,305.50765938972955,1,199,199,0.6432160804020101,3,1279329.62,0.0234375,0.8628733963095598,1.0,24,1,24,0,0,0.875,0.66015625,0.03515625,0.4958601701869991,0.08
587,259.71,0,71,25,2.84,4,1,5,0.9479166666666666,0.2604166666666667,0.7395833333333334,0.2604166666666667,397694.84,4142.654583333333,22328.431431209323,128696.28,5.389884911245253,391202.34,6492.5,60.25449980747016,2,199,198,0.48484848484848486,3,128817.18,0.03125,0.3239096086838843,2.0,11,9,40,0,0,0.8,0.5469835069444444,0.06781684027777778,0.44976368336671013,0.08
588,353.73,1,43,19,2.263157894736842,4,2,6,0.9032258064516129,0.3064516129032258,0.6935483870967742,0.3064516129032258,635222.78,10245.528709677417,60480.004170435095,475019.93,5.903063266350392,628842.5,6380.280000000001,98.56032964070542,4,199,196,0.3163265306122449,2,475029.04,0.03225806451612903,0.7478148689818711,3.0,4,24,24,0,0,1.3333333333333333,0.481009365244537,0.09391259105098854,0.42900195194488044,0.08
589,325.78,1,93,22,4.2272727272727275,7,2,9,0.9217391304347826,0.19130434782608696,0.808695652173913,0.19130434782608696,5777229.23,50236.77591304348,439213.93643221195,4667506.0,8.742876676490189,5770383.6,6845.629999999999,842.9295185395647,2,198,197,0.583756345177665,4,4667522.55,0.034782608695652174,0.8079171457768172,1.0,25,36,49,0,0,1.5555555555555556,0.6539886578449905,0.03659735349716446,0.5126943786648525,0.18
590,309.04,0,192,20,9.6,4,1,5,0.9764150943396226,0.09433962264150944,0.9056603773584906,0.09433962264150944,103786.91,489.560896226415,300.238788382961,4697.51,0.6132818015025955,97606.11,6180.8,15.791824682888945,0,199,200,1.06,3,5196.45,0.014150943396226415,0.050068452755747325,1.0,41,5,92,0,0,0.8,0.8202207191171236,0.008899964400142398,0.49652765767902135,0.08
591,231.24,0,67,26,2.576923076923077,5,1,6,0.935483870967742,0.27956989247311825,0.7204301075268817,0.27956989247311825,730377.55,7853.522043010752,59493.3714242011,568344.43,7.575374602424051,724365.31,6012.24,120.48176885819596,2,199,198,0.4696969696969697,4,568344.43,0.043010752688172046,0.7781515601075089,1.0,18,3,30,0,0,0.8333333333333334,0.5190195398311944,0.0781593247774309,0.4628255371131571,0.08
592,341.26,0,47,25,1.88,6,1,7,0.9027777777777778,0.3472222222222222,0.6527777777777778,0.3472222222222222,944149.2200000001,13113.183611111113,81320.18608193022,683469.93,6.201406805058818,935617.7200000001,8531.5,109.66626267362129,0,197,198,0.36363636363636365,2,683469.93,0.027777777777777776,0.7239003279587521,3.0,9,3,28,0,0,0.8571428571428571,0.4261188271604938,0.12056327160493827,0.4570084448262244,0.08
593,294.29,0,82,19,4.315789473684211,5,1,6,0.9405940594059405,0.18811881188118812,0.8118811881188119,0.18811881188118812,300535.06,2975.594653465347,27854.78854680493,281521.21,9.361083007178255,294943.55000000005,5591.51,52.74846150682017,3,195,193,0.5233160621761658,2,281521.21,0.019801980198019802,0.9367333382002088,1.0,4,1,49,0,0,0.8333333333333334,0.6591510636212137,0.035388687383589836,0.4379184955065146,0.08
594,335.64,0,119,26,4.576923076923077,7,1,8,0.9448275862068966,0.1793103448275862,0.8206896551724138,0.1793103448275862,48957.25,337.6362068965517,1257.6052533572763,15346.59,3.7247345742827687,40230.61,8726.64,4.610091627476326,0,197,198,0.7323232323232324,3,15346.59,0.020689655172413793,0.31346920016953567,1.0,36,2,42,0,0,0.875,0.6735315101070154,0.032152199762187875,0.44086784566240556,0.08
595,352.02,0,49,19,2.5789473684210527,4,1,5,0.9264705882352942,0.27941176470588236,0.7205882352941176,0.27941176470588236,2883981.48,42411.492352941175,254115.51093567637,2014281.62,5.991666334704061,2877293.29,6688.19,430.20507641080775,4,196,193,0.35233160621761656,2,2014281.62,0.029411764705882353,0.6984377791496775,3.0,3,6,21,0,0,0.8,0.5192474048442907,0.07807093425605537,0.4638677640987693,0.08
596,246.47,1,102,23,4.434782608695652,8,2,10,0.92,0.184,0.816,0.184,1474734.6,11797.876799999998,125751.8851069657,1411813.25,10.658857287521913,1469299.9,5434.7,270.3552910004232,8,199,192,0.6510416666666666,3,1412035.94,0.024,0.95748478404182,1.0,14,11,44,0,0,1.6,0.665856,0.03385600000000001,0.49661431437569775,0.08
597,352.4,0,94,15,6.266666666666667,6,1,7,0.9357798165137614,0.13761467889908258,0.8623853211009175,0.13761467889908258,23096.239999999998,211.8921100917431,415.92972228153997,4385.6,1.9629316169509783,17810.39,5285.849999999999,3.3694467304217866,4,197,194,0.5618556701030928,4,4385.6,0.03669724770642202,0.18988372133299622,1.0,22,1,49,0,0,0.8571428571428571,0.7437084420503325,0.018937799848497597,0.38282182727612907,0.08
598,256.02,0,62,24,2.5833333333333335,4,1,5,0.9418604651162791,0.27906976744186046,0.7209302325581395,0.27906976744186046,190955.89,2220.4173255813953,18605.986766172337,173746.01,8.379499903830256,184811.65000000002,6144.24,30.078846203924332,1,197,197,0.4365482233502538,3,173746.01,0.03488372093023256,0.9098751025694991,2.0,16,9,40,0,0,0.8,0.519740400216333,0.0778799351000541,0.42738233421343613,0.08
599,396.8,0,79,22,3.590909090909091,5,1,6,0.9405940594059405,0.21782178217821782,0.7821782178217822,0.21782178217821782,2379245.79,23556.889009900984,207098.74255824438,2075845.75,8.791430076832325,2370516.41,8729.380000000001,271.55610249525165,1,196,196,0.5153061224489796,3,2075845.75,0.0297029702970297,0.872480581335819,1.0,17,1,24,0,0,0.8333333333333334,0.6118027644348594,0.04744632879129496,0.48504117418801124,0.08
600,112.08,1,95,217,0.4377880184331797,6,9,15,0.9519230769230769,0.30448717948717946,0.30448717948717946,0.6955128205128205,4303248.98,13792.46467948718,211057.1733395039,3702650.0,15.302353730395868,4300555.65,2693.33,1596.7429353254151,3,199,197,1.583756345177665,11,3702650.0,0.035256410256410256,0.8604312734886187,0.0,217,76,41,0,0,3.6,0.09271244247205786,0.48373808349769887,0.6904472174473105,0.08
601,188.37,0,37,160,0.23125,3,8,11,0.9441624365482233,0.18781725888324874,0.18781725888324874,0.8121827411167513,2746712.71,13942.70411167513,194891.93189168157,2742429.75,13.978058368784138,2742946.31,3766.3999999999996,728.26739326678,11,199,189,1.0423280423280423,9,2742618.0700000003,0.04568527918781726,0.998509257999538,0.0,48,44,16,0,0,2.1818181818181817,0.035275322734417275,0.6596408049679198,0.5803385692636777,0.18
602,104.05,0,80,176,0.45454545454545453,6,8,14,0.9453125,0.3125,0.3125,0.6875,1351968.3800000001,5281.1264843750005,64890.59432624566,997090.31,12.287263809763722,1349680.3800000001,2288.0,589.895270979021,3,199,197,1.299492385786802,11,997090.31,0.04296875,0.7375100814118153,0.0,160,40,37,0,0,3.4285714285714284,0.09765625,0.47265625,0.6296378914364499,0.08
603,125.66,0,24,136,0.17647058823529413,5,8,13,0.91875,0.15,0.15,0.85,3470987.8200000003,21693.673875,132673.81187905357,1422858.37,6.115783460354686,3468852.62,2135.2,1624.6031378793557,13,197,185,0.8648648648648649,9,1422858.37,0.05625,0.40992894351326187,0.0,40,78,33,0,0,3.076923076923077,0.022500000000000003,0.7224999999999999,0.5476862596763216,0.18
604,152.61,0,76,152,0.5,4,8,12,0.9473684210526316,0.3333333333333333,0.3333333333333333,0.6666666666666666,8776.56,38.49368421052631,45.37301704648124,144.05,1.1787132870507036,5877.92,2898.64,2.0278199431457513,1,199,199,1.1457286432160805,9,167.62999999999997,0.039473684210526314,0.019099738394086064,0.0,24,35,24,0,0,2.6666666666666665,0.11111111111111112,0.4444444444444445,0.5065165550470953,0.08
605,158.16,0,44,136,0.3235294117647059,4,8,12,0.9333333333333333,0.24444444444444444,0.24444444444444444,0.7555555555555555,1831488.05,10174.933611111113,94230.47591496324,1132835.87,9.261040859476742,1828799.33,2688.72,680.1747039483472,2,197,196,0.9183673469387755,8,1132835.87,0.044444444444444446,0.6185330392955608,0.0,0,47,41,0,0,2.6666666666666665,0.05975308641975309,0.5708641975308641,0.5626308639400979,0.08
606,139.62,0,107,224,0.47767857142857145,6,8,14,0.9577039274924471,0.32326283987915405,0.32326283987915405,0.676737160120846,837279.01,2529.5438368580067,30433.43212633552,517991.4,12.031193799802834,833370.21,3908.7999999999997,213.20359445354075,0,199,200,1.655,10,518145.34,0.030211480362537766,0.6188442965983346,0.0,208,63,39,0,0,3.4285714285714284,0.10449886364673559,0.4579731838884275,0.6692050842197864,0.08
607,110.2,0,62,176,0.3522727272727273,4,8,12,0.9495798319327731,0.2605042016806723,0.2605042016806723,0.7394957983193278,1913935.31,8041.745,122669.57436967839,1896506.0,15.254099000860931,1911511.79,2423.52,788.7336560044894,1,198,198,1.202020202020202,9,1896659.78,0.037815126050420166,0.990973817187165,0.0,96,55,23,0,0,2.6666666666666665,0.06786243909328436,0.5468540357319399,0.6121816794575966,0.08
608,125.26,1,98,208,0.47115384615384615,8,8,16,0.9477124183006536,0.3202614379084967,0.3202614379084967,0.6797385620915033,1205587.76,3939.8292810457524,39551.30391786174,512731.9,10.038836989242235,1202332.56,3255.2000000000003,369.35750798722046,4,199,196,1.5612244897959184,9,512742.74000000005,0.029411764705882353,0.42530519719277843,0.0,112,99,64,0,0,4.0,0.10256738861121789,0.4620445127942245,0.6643221301364839,0.08
609,128.34,0,80,168,0.47619047619047616,5,8,13,0.9475806451612904,0.3225806451612903,0.3225806451612903,0.6774193548387096,1609456.51,6489.743991935486,101466.50554227688,1601160.87,15.634901109868858,1606761.79,2694.72,596.2629846514666,2,199,198,1.2525252525252526,10,1601260.0,0.04032258064516129,0.994907280843519,0.0,128,66,28,0,0,3.076923076923077,0.10405827263267431,0.4588969823100937,0.6284726257722208,0.08
610,175.52,0,42,176,0.23863636363636365,3,8,11,0.9495412844036697,0.1926605504587156,0.1926605504587156,0.8073394495412844,1007569.15,4621.8768348623835,66530.27315173637,984577.43,14.394644324986066,1003707.7100000001,3861.44,259.93093509157205,1,197,197,1.1065989847715736,9,984752.9500000001,0.04128440366972477,0.9773552018737375,0.0,72,59,33,0,0,2.1818181818181817,0.03711808770305529,0.6517969867856241,0.5707103105271196,0.08
611,190.88,0,62,168,0.36904761904761907,4,8,12,0.9478260869565217,0.26956521739130435,0.26956521739130435,0.7304347826086957,174046.84,756.7253913043468,10841.605402696816,164818.84,14.327000953423061,170038.36,4008.48,42.41966032012134,0,196,197,1.16751269035533,9,164934.9,0.0391304347826087,0.9476466220242781,0.0,80,48,23,0,0,2.6666666666666665,0.07266540642722118,0.5335349716446125,0.5590553713448034,0.08
612,159.54,0,101,104,0.9711538461538461,6,8,14,0.9317073170731707,0.4926829268292683,0.4926829268292683,0.5073170731707317,7727.6900000000005,37.69604878048781,52.851440781501374,196.85,1.402041924586491,5653.93,2073.76,2.7264148213872383,0,194,195,1.0512820512820513,9,278.28999999999996,0.04390243902439024,0.03601205534901115,0.0,40,35,36,0,0,3.4285714285714284,0.24273646638905413,0.25737061273051753,0.5209186234088491,0.08
613,103.55,0,57,152,0.375,4,8,11,0.9473684210526316,0.2727272727272727,0.2727272727272727,0.7272727272727273,243662.09,1165.847320574163,16140.784552076984,233949.53,13.84468126077425,241695.21,1966.8799999999999,122.88253986008297,3,199,197,1.0609137055837563,9,233949.53,0.0430622009569378,0.9601392239556018,0.0,88,86,34,1,1,1.9090909090909092,0.07438016528925619,0.5289256198347108,0.5500549620348659,0.08
614,179.22,0,40,96,0.4166666666666667,2,8,10,0.9264705882352942,0.29411764705882354,0.29411764705882354,0.7058823529411765,4687.599999999999,34.46764705882352,31.66283654370025,110.55,0.9186248335914402,2537.2,2150.3999999999996,1.179873511904762,4,197,194,0.7010309278350515,10,306.05999999999995,0.07352941176470588,0.06529140711664817,0.0,56,86,13,0,0,1.6,0.08650519031141868,0.4982698961937716,0.40916258992582794,0.08
615,130.56,0,66,160,0.4125,6,8,14,0.9380530973451328,0.2920353982300885,0.2920353982300885,0.7079646017699115,5944952.81,26305.10092920354,220347.3833001124,3049828.0,8.376602845704573,5942343.21,2609.6,2277.108832771306,0,198,199,1.135678391959799,9,3049958.4800000004,0.03982300884955752,0.5130332531605075,0.0,160,58,46,0,0,3.4285714285714284,0.08528467381940638,0.5012138773592294,0.6319219292216518,0.08
616,133.99,0,31,120,0.25833333333333336,3,8,11,0.9271523178807947,0.2052980132450331,0.2052980132450331,0.7947019867549668,2550467.0500000003,16890.510264900673,144083.60634541334,1445676.12,8.530447220699205,2548458.25,2008.7999999999997,1268.6470778574276,2,194,193,0.7823834196891192,9,1445676.12,0.059602649006622516,0.5668279933277318,0.0,48,84,20,0,0,2.1818181818181817,0.0421472742423578,0.6315512477522915,0.5374519159506088,0.08
617,153.02,1,56,208,0.2692307692307692,8,9,16,0.9393939393939394,0.21212121212121213,0.21212121212121213,0.7878787878787878,4444144.76,16833.881666666668,127173.54531864192,1522154.0,7.55461799226393,4440612.62,3532.14,1257.2017587071862,3,198,196,1.346938775510204,10,1522274.7,0.03787878787878788,0.3425349042860611,0.0,36,79,63,1,1,3.5,0.044995408631772274,0.620752984389348,0.6409756424293105,0.08
618,124.9,0,52,144,0.3611111111111111,3,8,11,0.9438775510204082,0.2653061224489796,0.2653061224489796,0.7346938775510204,9269.96,47.2957142857143,63.18282187107376,178.21,1.33591008879547,7022.12,2247.84,3.1239412057797704,1,199,199,0.9849246231155779,9,303.0900000000001,0.04591836734693878,0.03269593396303761,0.0,112,61,15,0,0,2.1818181818181817,0.07038733860891294,0.5397750937109538,0.46838535108816265,0.08
619,192.0,0,166,171,0.9707602339181286,9,9,18,0.9465875370919882,0.49258160237388726,0.49258160237388726,0.5074183976261127,243153.18000000002,721.522789317507,11781.255842783556,216621.95,16.328321180163307,239505.75,3647.43,65.66424852567424,2,199,198,1.702020202020202,11,216621.95,0.032640949554896145,0.8908867652892716,0.0,333,52,50,0,0,4.5,0.24263663499722637,0.25747343024945185,0.6832024066626212,0.08
620,232.71,1,61,21,2.9047619047619047,7,9,15,0.8170731707317074,0.25609756097560976,0.7439024390243902,0.25609756097560976,7298000.5200000005,89000.00634146344,327700.85664707946,2382332.5,3.6820318348045977,4174980.65,3123019.87,1.336840885997949,8,190,183,0.44808743169398907,3,2382332.5,0.036585365853658534,0.3264363291659508,2.0,6,52,44,1,1,3.2,0.5533908387864367,0.06558596073765616,0.5010001078343083,0.08
621,282.97,0,112,16,7.0,7,9,16,0.875,0.125,0.875,0.125,2270133.15,17735.415234375,81749.80989231738,650310.75,4.609410538856113,878524.04,1391609.11,0.6313008686756872,0,199,200,0.64,2,650310.75,0.015625,0.28646370368187435,1.0,4,101,24,0,0,3.9375,0.765625,0.015625,0.49155207875641527,0.18
622,257.94,0,53,18,2.9444444444444446,3,9,12,0.8309859154929577,0.2535211267605634,0.7464788732394366,0.2535211267605634,11653844.05,164138.6485915493,573034.6369126881,3277626.25,3.4911621475491477,7353.17,11646490.88,0.0006313635648508746,1,197,197,0.3604060913705584,3,3277626.25,0.04225352112676056,0.28124850786895506,2.0,13,40,45,0,0,2.25,0.557230708192819,0.06427296171394564,0.48961886028648754,0.08
623,303.97,0,47,26,1.8076923076923077,5,9,14,0.8082191780821918,0.3561643835616438,0.6438356164383562,0.3561643835616438,23125087.99,316782.027260274,949746.9397181163,6889325.5,2.9981086614417887,12334176.4,10790911.59,1.1430152399200595,9,199,191,0.38219895287958117,2,6889325.5,0.0273972602739726,0.2979156448174016,1.5,14,109,33,0,0,3.2142857142857144,0.4145243009945581,0.12685306811784575,0.5278538734730119,0.08
624,314.8,0,66,24,2.75,5,9,14,0.8444444444444444,0.26666666666666666,0.7333333333333333,0.26666666666666666,17269846.0,191887.17777777778,554770.0844365469,3266466.75,2.8911263944848855,5320352.66,11949493.34,0.4452366731056733,1,196,196,0.45918367346938777,2,3266642.41,0.022222222222222223,0.18915295538825302,1.0,11,87,36,0,0,3.2142857142857144,0.5377777777777778,0.07111111111111112,0.5234965343604271,0.08
625,325.43,0,96,20,4.8,6,9,14,0.8793103448275862,0.1724137931034483,0.8275862068965517,0.1724137931034483,10990061.48,94741.90931034482,392797.1816692918,3166231.0,4.145970716957067,3782433.67,7207627.8100000005,0.5247820461473023,2,196,195,0.5948717948717949,4,3166246.89,0.034482758620689655,0.2881009260741642,1.0,26,88,21,1,1,2.857142857142857,0.6848989298454221,0.02972651605231867,0.5245598901027981,0.18
626,306.28,0,56,13,4.3076923076923075,3,9,12,0.8260869565217391,0.18840579710144928,0.8115942028985508,0.18840579710144928,3979206.21,57669.65521739131,230081.53121940367,1565282.5,3.9896463807888085,6007.76,3973198.45,0.0015120714647414604,3,197,195,0.35384615384615387,3,1565282.5,0.043478260869565216,0.3933655149779232,1.0,10,51,24,0,0,2.25,0.658685150178534,0.035496744381432466,0.45271299581149854,0.18
627,282.16,0,89,14,6.357142857142857,5,9,14,0.8640776699029127,0.13592233009708737,0.8640776699029126,0.13592233009708737,8851345.81,85935.39621359223,316233.5558134928,1694509.5,3.6798987349461334,774858.74,8076487.07,0.09594007063766648,6,199,194,0.5309278350515464,4,1694649.4500000002,0.038834951456310676,0.19145669894463202,1.0,19,54,35,0,0,3.2142857142857144,0.7466302196248469,0.018474879819021593,0.49929301899826406,0.18
628,326.92,0,84,16,5.25,5,9,14,0.86,0.16,0.84,0.16,22322364.71,223223.6471,892199.9304537169,4739561.0,3.996888062912206,607690.38,21714674.330000002,0.02798524033862404,0,199,200,0.5,3,4739561.0,0.03,0.21232342816604755,1.0,5,94,34,0,0,3.2142857142857144,0.7055999999999999,0.025600000000000005,0.5155629993352334,0.18
629,280.68,0,106,21,5.0476190476190474,6,9,15,0.8818897637795275,0.16535433070866143,0.8346456692913385,0.16535433070866143,12125160.32,95473.70330708662,442147.3255231472,4374698.0,4.631090134851074,11087.94,12114072.38,0.0009152941844978476,4,198,195,0.6512820512820513,3,4374907.25,0.023622047244094488,0.3608123220262707,1.0,16,66,64,0,0,3.6,0.6966333932667864,0.027342054684109378,0.536636685604355,0.18
630,355.71,0,81,19,4.2631578947368425,5,9,14,0.86,0.19,0.81,0.19,10893680.8,108936.808,387094.9048485729,2535886.5,3.553389455367307,157180.83,10736499.97,0.014639857536366199,4,198,195,0.5128205128205128,3,2535913.05,0.03,0.23278753036347455,1.0,21,88,46,0,0,3.2142857142857144,0.6561000000000001,0.03609999999999999,0.5104959415855864,0.18
631,357.64,0,105,27,3.888888888888889,7,9,16,0.8787878787878788,0.20454545454545456,0.7954545454545454,0.20454545454545456,6782297.300000001,51381.04015151515,242587.00872726185,1938254.87,4.7213331612577,127119.15000000001,6655178.15,0.019100788458983626,1,199,199,0.6633165829145728,4,1938254.87,0.030303030303030304,0.2857814667015555,1.0,45,94,50,0,0,3.9375,0.6327479338842975,0.041838842975206625,0.5348153443572128,0.08
632,258.45,0,80,22,3.6363636363636362,4,9,13,0.8725490196078431,0.21568627450980393,0.7843137254901961,0.21568627450980393,16215704.92,158977.49921568626,667068.2682616075,4688865.0,4.195991706704291,8098.0,16207606.92,0.0004996419298648687,0,198,199,0.5125628140703518,2,4688998.02,0.0196078431372549,0.2891639952214917,2.0,15,59,23,0,0,2.769230769230769,0.6151480199923106,0.0465205690119185,0.5238289878233304,0.08
633,274.36,0,48,14,3.4285714285714284,5,9,14,0.7741935483870968,0.22580645161290322,0.7741935483870968,0.22580645161290322,9447576.85,152380.27177419353,504153.2164430606,3583603.0,3.3085202603532946,1840985.87,7606590.98,0.24202509045648726,4,198,195,0.31794871794871793,2,3583629.41,0.03225806451612903,0.37931730716749873,3.0,9,68,32,0,0,3.2142857142857144,0.5993756503642039,0.05098855359001041,0.4692778063498872,0.08
634,325.76,0,260,20,13.0,6,9,14,0.95,0.07142857142857142,0.9285714285714286,0.07142857142857142,11568806.72,41317.16685714286,229135.78066476484,2308368.25,5.545776685439702,3200123.36,8368683.36,0.3823926921761322,0,199,200,1.4,4,2308794.95,0.014285714285714285,0.19957070818795736,1.0,56,62,30,1,1,2.857142857142857,0.8622448979591837,0.0051020408163265285,0.6400479356560334,0.18
635,231.41,0,85,22,3.8636363636363638,5,9,14,0.8691588785046729,0.205607476635514,0.794392523364486,0.205607476635514,24708379.4,230919.43364485985,782066.6228718043,4984061.5,3.3867510002409564,6065653.87,18642725.53,0.32536304094801527,1,198,198,0.5404040404040404,3,4984061.5,0.028037383177570093,0.2017154350479174,1.0,17,69,19,0,0,3.2142857142857144,0.6310594811773954,0.042274434448423444,0.5334400104279357,0.08
636,339.41,0,106,19,5.578947368421052,7,9,16,0.872,0.152,0.848,0.152,9161051.25,73288.41,341730.5736106832,3199361.75,4.6628187678063036,754592.72,8406458.53,0.08976345000776445,1,194,194,0.6443298969072165,3,3199697.0500000003,0.024,0.3492718207421883,1.0,22,64,60,0,0,3.9375,0.719104,0.023104000000000003,0.5267610435540868,0.18
637,276.29,0,63,21,3.0,5,9,14,0.8333333333333334,0.25,0.75,0.25,12059146.14,143561.26357142854,381659.35767041263,1803504.75,2.658512109574175,2007445.36,10051700.780000001,0.1997120093342054,1,199,199,0.4221105527638191,2,1803504.75,0.023809523809523808,0.1495549294338347,2.0,4,38,25,0,0,3.2142857142857144,0.5625,0.0625,0.5042359175517445,0.08
638,318.21,0,110,20,5.5,6,9,15,0.8846153846153846,0.15384615384615385,0.8461538461538461,0.15384615384615385,14307331.97,110056.39976923077,612785.9782292596,6492343.5,5.56792680402199,7576369.91,6730962.0600000005,1.125599853700557,1,199,199,0.6532663316582915,3,6492357.8,0.023076923076923078,0.45377837137024224,1.0,23,50,32,0,0,3.6,0.7159763313609467,0.02366863905325444,0.5381635616255257,0.18
639,227.91,0,53,14,3.7857142857142856,4,9,13,0.8059701492537313,0.208955223880597,0.7910447761194029,0.208955223880597,10295553.55,153664.97835820896,623002.7444256386,3773729.0,4.054292338318981,3776982.8,6518570.75,0.5794188549690896,2,198,197,0.3401015228426396,2,3773864.91,0.029850746268656716,0.3665528902037521,3.0,8,32,29,0,0,2.769230769230769,0.6257518378257964,0.04366228558699043,0.4731814202065509,0.08
640,533.65,0,70,180,0.3888888888888889,4,1,5,0.98,0.28,0.28,0.72,106812.04,427.24816,188.02883685811173,533.65,0.4400927949183251,10755.039999999999,96057.0,0.1119651873366855,0,199,200,1.25,3,925.9,0.012,0.008668498420215548,1.0,104,2,20,0,0,0.8,0.07840000000000001,0.5184,0.563317389419539,0.08
641,470.81,1,82,181,0.4530386740331492,6,2,7,0.973384030418251,0.311787072243346,0.311787072243346,0.688212927756654,2423758.08,9215.81019011407,113519.94294801838,1803504.75,12.317955839606247,2339009.86,84748.22,27.59951607243196,0,199,200,1.315,4,1803975.55,0.015209125475285171,0.7442886172864249,1.0,149,12,37,1,1,0.7142857142857143,0.09721117841807746,0.47363703393138545,0.6438188093008345,0.08
642,494.53,0,68,180,0.37777777777777777,6,1,6,0.9758064516129032,0.27419354838709675,0.27419354838709675,0.7258064516129032,10492253.43,42307.47350806451,345107.2693387815,4200924.5,8.157123097246595,10403239.83,89013.59999999999,116.87247600366686,1,199,199,1.2462311557788945,3,4201419.02,0.012096774193548387,0.4004305698513803,1.0,134,5,33,1,1,0.0,0.07518210197710717,0.5267950052029137,0.6567630906003782,0.08
643,483.02,0,67,180,0.37222222222222223,5,1,5,0.979757085020243,0.27125506072874495,0.27125506072874495,0.728744939271255,2172729.67,8796.476396761132,101733.72216803468,1569176.0,11.565281094313297,2085787.87,86941.8,23.990622117324463,1,199,199,1.2412060301507537,3,1569659.01,0.012145748987854251,0.7224364041569884,1.0,134,10,42,1,1,0.0,0.0735793079709551,0.5310691865134652,0.6227730423612127,0.08
644,495.34,1,42,182,0.23076923076923078,3,3,6,0.9732142857142857,0.1875,0.1875,0.8125,187746.67,838.1547767857145,5923.343531865875,89233.07,7.06712375318271,98578.3,89168.37,1.1055299093164987,1,199,199,1.1256281407035176,3,89728.40000000001,0.013392857142857142,0.4779227242752162,1.0,83,27,38,0,0,1.5,0.03515625,0.66015625,0.5377863799001349,0.08
645,538.94,0,107,179,0.5977653631284916,6,1,7,0.9755244755244755,0.3741258741258741,0.3741258741258741,0.6258741258741258,1077152.01,3766.2657692307685,43346.96554104949,681231.75,11.50926891436628,980681.75,96470.26000000001,10.165638094061318,1,199,199,1.4371859296482412,3,681386.85,0.01048951048951049,0.6325818860051146,1.0,183,1,41,0,0,0.8571428571428571,0.13997016969044943,0.3917184214387011,0.6564060591040711,0.08
646,463.65,0,25,180,0.1388888888888889,3,1,4,0.9804878048780488,0.12195121951219512,0.12195121951219512,0.8780487804878049,6698747.19,32676.81556097561,319385.0554902705,3952614.0,9.774056927129005,6615291.99,83455.2,79.26758296666955,0,199,200,1.025,2,3953077.64,0.00975609756097561,0.5901219329341492,1.0,48,1,27,0,0,0.75,0.014872099940511599,0.7709696609161214,0.5828521990465234,0.18
647,530.41,0,26,177,0.14689265536723164,3,1,4,0.9802955665024631,0.12807881773399016,0.12807881773399016,0.8719211822660099,1882515.1600000001,9273.473694581277,84695.04200077402,889774.87,9.1330438614673,1788634.36,93880.8,19.052184898296563,4,199,196,1.0357142857142858,2,890305.27,0.009852216748768473,0.4729339178336285,1.0,41,1,24,0,0,0.75,0.016404183552136666,0.7602465480841564,0.5594854183872703,0.18
648,412.04,0,24,176,0.13636363636363635,2,1,3,0.985,0.12,0.12,0.88,1015287.42,5076.437100000001,50568.16089872634,687723.93,9.961348856016818,942768.38,72519.04000000001,13.000287648595457,4,199,196,1.0204081632653061,2,688135.9700000001,0.01,0.6777745458522475,1.0,28,4,20,0,0,0.6666666666666666,0.0144,0.7744,0.5425754481612763,0.08
649,460.04,0,91,177,0.5141242937853108,8,1,8,0.9701492537313433,0.33955223880597013,0.33955223880597013,0.6604477611940298,5167844.04,19283.00014925373,215694.39294802595,3418133.25,11.185727909480596,5086416.96,81427.08,62.465913796736906,1,199,199,1.3467336683417086,4,3418610.35,0.014925373134328358,0.6615157739938298,1.0,169,4,51,1,1,0.0,0.11529572287814659,0.43619124526620623,0.6695626669942477,0.08
650,549.04,0,78,180,0.43333333333333335,6,1,6,0.9767441860465116,0.3023255813953488,0.3023255813953488,0.6976744186046512,370238.82,1435.0341860465114,13205.827691555782,205494.15,9.202448150686608,271413.42,98825.4,2.7463933361261375,0,199,200,1.29,3,206210.34,0.011627906976744186,0.5569657444349029,1.0,116,14,43,1,1,0.0,0.09140075716603568,0.48674959437533805,0.5993734495326275,0.08
651,410.48,1,60,177,0.3389830508474576,5,2,6,0.9746835443037974,0.25316455696202533,0.25316455696202533,0.7468354430379747,130980.38,552.6598312236288,3447.558379344698,53469.24,6.238120059696676,58724.84,72255.54000000001,0.8127382343277759,3,199,197,1.2030456852791878,3,53627.85,0.012658227848101266,0.4094342221331164,1.0,80,8,46,1,1,0.6666666666666666,0.06409229290177856,0.5577631789777279,0.5552345648751505,0.08
652,524.23,0,82,179,0.4581005586592179,5,1,5,0.9808429118773946,0.31417624521072796,0.31417624521072796,0.685823754789272,128847.46,493.6684291187741,1657.1013433653827,27020.9,3.3567091708161323,35012.08,93835.38,0.37312237665579867,2,199,198,1.3181818181818181,3,27679.140000000003,0.011494252873563218,0.21482099841161015,1.0,154,9,64,1,1,0.0,0.09870671305471146,0.47035422263325555,0.5838770924085148,0.08
653,405.11,0,61,176,0.3465909090909091,5,1,6,0.9746835443037974,0.25738396624472576,0.25738396624472576,0.7426160337552743,8425498.34,35550.625907172995,376072.71290894423,5037828.5,10.578511722716662,8354200.74,71297.6,117.17365998294473,3,199,197,1.2030456852791878,3,5038233.6,0.012658227848101266,0.5979745525651602,1.0,94,1,26,0,0,0.8333333333333334,0.06624650607986611,0.5514785735904147,0.6424557033068726,0.08
654,494.31,1,64,181,0.35359116022099446,6,1,7,0.9714285714285714,0.2612244897959184,0.2612244897959184,0.7387755102040816,6616148.55,27004.68795918367,273611.98029246426,3048119.75,10.132017844680007,6527157.24,88991.31,73.34600693033961,0,198,199,1.2311557788944723,3,3048614.05,0.012244897959183673,0.4607837969418023,1.0,119,2,79,0,0,0.8571428571428571,0.06823823406913787,0.5457892544773011,0.6423854899828227,0.08
655,577.71,0,67,180,0.37222222222222223,5,1,6,0.9757085020242915,0.27125506072874495,0.27125506072874495,0.728744939271255,338292.84,1369.6066396761134,10590.321659526382,139239.79,7.732381950215133,234305.04,103987.8,2.253197394309717,0,199,200,1.235,4,139817.5,0.016194331983805668,0.4133031606580854,1.0,111,3,42,0,0,0.8333333333333334,0.0735793079709551,0.5310691865134652,0.5832794120593526,0.08
656,402.02,0,70,176,0.3977272727272727,8,1,8,0.967479674796748,0.2845528455284553,0.2845528455284553,0.7154471544715447,15989188.24,64996.70016260162,566576.8681558577,6416077.0,8.717009736470587,15918434.48,70753.76,224.9835836286298,1,199,199,1.236180904522613,3,6416637.76,0.012195121951219513,0.40131103991555733,1.0,135,18,71,1,1,0.0,0.08097032189834093,0.5118646308414304,0.6660967269379592,0.08
657,505.37,0,113,180,0.6277777777777778,6,1,6,0.9795221843003413,0.3856655290102389,0.3856655290102389,0.6143344709897611,183655.28,626.8098293515359,3806.356202401995,62502.38,6.072585374642016,92690.48,90964.8,1.018970854660264,0,199,200,1.465,3,63007.74,0.010238907849829351,0.3430761152088848,1.0,214,4,25,1,1,0.0,0.14873790026674744,0.37740684224626964,0.6257556500020763,0.08
658,413.29,0,110,180,0.6111111111111112,6,1,6,0.9793103448275862,0.3793103448275862,0.3793103448275862,0.6206896551724138,233964.99000000002,806.775827586207,8697.897589418604,148645.98,10.781058742726401,159572.79,74392.2,2.145020445691887,0,199,200,1.45,4,149059.27000000002,0.013793103448275862,0.637100747423792,1.0,171,3,57,1,1,0.0,0.14387633769322233,0.38525564803804996,0.6274963112839526,0.08
659,573.42,0,64,178,0.3595505617977528,4,1,5,0.9793388429752066,0.2644628099173554,0.2644628099173554,0.7355371900826446,2587478.42,10692.05958677686,158789.5433382988,2475767.0,14.851165208121158,2485411.44,102066.98,24.350788472432516,0,199,200,1.21,3,2476466.29,0.012396694214876033,0.9570964035325172,1.0,117,1,25,0,0,0.8,0.06994057782938325,0.5410149579946725,0.62041974267865,0.08
660,168.63,0,314,180,1.7444444444444445,8,9,16,0.9676113360323887,0.3643724696356275,0.6356275303643725,0.3643724696356275,136634.59,276.58823886639675,141.64979143685628,458.2,0.512132374165334,106281.19,30353.399999999998,3.50145914460983,0,199,200,2.47,12,2504.3,0.024291497975708502,0.018328448162357718,0.0,693,70,41,1,1,3.5,0.40402235735711123,0.1327672966283663,0.7280069273882487,0.2
661,174.2,0,45,180,0.25,5,9,14,0.9377777777777778,0.2,0.2,0.8,2087222.1800000002,9276.543022222222,132058.4948332307,1985082.37,14.23574434106335,2055867.9800000002,31354.2,65.56914161420161,2,199,198,1.1363636363636365,9,1985082.37,0.04,0.9510642369658988,0.0,0,94,47,0,0,3.2142857142857144,0.039999999999999994,0.6400000000000001,0.5919076069354584,0.18
662,166.9,0,80,180,0.4444444444444444,5,9,14,0.9461538461538461,0.3076923076923077,0.3076923076923077,0.6923076923076923,150019.82,576.9993076923076,7036.725340474097,113819.17,12.19537917405357,119979.62,30040.199999999997,3.9939687485436184,0,197,198,1.3131313131313131,10,113975.22,0.038461538461538464,0.7597344137594619,0.0,72,35,24,0,0,3.2142857142857144,0.09467455621301776,0.4792899408284023,0.5850177923364358,0.08
663,100.64,0,52,180,0.28888888888888886,4,9,12,0.9482758620689655,0.22413793103448276,0.22413793103448276,0.7758620689655172,217273.94,936.5256034482761,10576.326314925229,157275.81,11.29315234520372,199160.54,18113.399999999998,10.995204655117208,1,195,195,1.1897435897435897,9,157275.81,0.03879310344827586,0.723859520382426,0.0,9,96,36,1,1,2.0,0.05023781212841855,0.6019619500594531,0.5579329496718614,0.08
664,104.12,1,74,160,0.4625,8,8,16,0.9316239316239316,0.3162393162393162,0.3162393162393162,0.6837606837606838,7435567.97,31775.931495726498,308352.95954931603,4578554.0,9.703978610061707,7418908.7700000005,16659.2,445.33403584805995,2,198,197,1.1878172588832487,10,4578554.0,0.042735042735042736,0.6157638553601978,0.0,224,20,73,0,0,4.0,0.10000730513551026,0.4675286726568778,0.6493491169248815,0.08
665,162.09,0,261,180,1.45,7,9,15,0.9659863945578231,0.40816326530612246,0.5918367346938775,0.40816326530612246,299512.54,679.1667573696145,5206.539121076791,93253.68,7.666068847717912,270338.14,29174.4,9.266279340791927,0,199,200,2.205,11,93689.71999999999,0.024943310657596373,0.31280733688145407,0.0,405,67,42,1,1,3.2,0.3502707205331112,0.16659725114535612,0.7268769467719345,0.2
666,199.97,0,38,180,0.2111111111111111,2,9,11,0.9495412844036697,0.1743119266055046,0.1743119266055046,0.8256880733944955,39678.92,182.01339449541283,53.19570823587118,199.97,0.2922626017900668,3684.32,35994.6,0.10235757585860102,1,195,195,1.117948717948718,10,1805.5700000000002,0.045871559633027525,0.045504514739816516,0.0,72,82,14,0,0,1.6363636363636365,0.030384647756922813,0.6817607945459137,0.5017150951248319,0.08
667,187.31,0,22,180,0.12222222222222222,2,9,11,0.9455445544554455,0.10891089108910891,0.10891089108910891,0.8910891089108911,1242696.57,6151.963217821783,81937.5871303853,1167194.75,13.318933197295161,1208982.57,33714.0,35.859956397935576,3,198,196,1.030612244897959,9,1167363.38,0.04455445544554455,0.9393792565147258,0.0,0,69,10,0,0,1.6363636363636365,0.01186158219782374,0.794039800019606,0.5462097170515531,0.08
668,169.97,0,64,180,0.35555555555555557,5,9,14,0.9426229508196722,0.26229508196721313,0.26229508196721313,0.7377049180327869,3819227.71,15652.572581967217,183458.91552192532,2796206.25,11.720687737508525,3788633.11,30594.6,123.83339249410027,3,196,194,1.2577319587628866,10,2796206.25,0.040983606557377046,0.7321391816148087,0.0,225,52,31,0,0,3.2142857142857144,0.06879871002418704,0.5442085460897608,0.6351020149983859,0.08
669,172.71,1,63,201,0.31343283582089554,5,11,15,0.9431818181818182,0.23863636363636365,0.23863636363636365,0.7613636363636364,257816.81,976.5788257575757,12297.128447809186,200000.03,12.592049022023138,223259.0,34557.810000000005,6.4604498954071445,0,197,198,1.3333333333333333,10,200000.03,0.03787878787878788,0.7757447235500277,0.0,0,76,32,1,1,2.6666666666666665,0.056947314049586785,0.5796745867768595,0.5853034729672861,0.08
670,122.67,0,129,180,0.7166666666666667,7,9,16,0.948220064724919,0.4174757281553398,0.4174757281553398,0.5825242718446602,76255.57,246.7817799352751,1813.1683065494703,32036.13,7.3472535412663795,54176.770000000004,22078.8,2.4537914198235415,1,198,198,1.5606060606060606,10,32194.32,0.032362459546925564,0.422189749548787,0.0,126,49,92,0,0,3.9375,0.17428598359883118,0.3393345272881515,0.6264191369762293,0.08
671,175.16,0,96,180,0.5333333333333333,6,9,15,0.9456521739130435,0.34782608695652173,0.34782608695652173,0.6521739130434783,49207.6,178.2884057971014,570.8366399014521,9586.48,3.2017597406254485,17678.8,31528.8,0.5607190885793306,3,199,197,1.401015228426396,9,9759.06,0.03260869565217391,0.19832424259667206,0.0,0,37,47,0,0,3.6,0.12098298676748581,0.42533081285444235,0.5822045107784952,0.08
672,128.79,0,98,180,0.5444444444444444,7,9,16,0.9424460431654677,0.35251798561151076,0.35251798561151076,0.6474820143884892,2813508.34,10120.533597122298,160024.7885096221,2671909.75,15.811892423846508,2790327.94,23180.4,120.37445169194663,4,196,193,1.4404145077720207,12,2671909.75,0.04316546762589928,0.9496718783495769,0.0,324,79,65,0,0,3.9375,0.12426893017959734,0.4192329589565757,0.6724371107475309,0.08
673,110.55,0,95,180,0.5277777777777778,7,9,16,0.9418181818181818,0.34545454545454546,0.34545454545454546,0.6545454545454545,1454789.2000000002,5290.142545454547,76406.91418777604,1267102.87,14.44326188401619,1434890.2000000002,19899.0,72.10865872656919,3,195,193,1.4248704663212435,11,1267368.8,0.04,0.8711700636765793,0.0,180,74,40,0,0,3.9375,0.11933884297520661,0.4284297520661157,0.6552374390515918,0.08
674,146.09,0,123,180,0.6833333333333333,7,9,16,0.9471947194719472,0.40594059405940597,0.40594059405940597,0.594059405940594,409063.61000000004,1350.0449174917492,18421.705200754597,319264.15,13.645253548289576,382769.21,26294.4,14.557061959961056,0,197,198,1.5303030303030303,9,319264.15,0.0297029702970297,0.7804755597790769,0.0,0,86,56,0,0,3.9375,0.16478776590530342,0.3529065777864915,0.6550356971334479,0.08
675,133.02,0,98,180,0.5444444444444444,5,9,14,0.9496402877697842,0.35251798561151076,0.35251798561151076,0.6474820143884892,28210.08,101.47510791366906,50.99678446439324,133.02,0.5025546216494714,4266.48,23943.600000000002,0.17818874354733621,0,199,200,1.39,10,1220.72,0.03597122302158273,0.04327247565409244,0.0,117,73,49,0,0,3.2142857142857144,0.12426893017959734,0.4192329589565757,0.5700871803452088,0.08
676,116.83,0,48,160,0.3,2,8,10,0.9519230769230769,0.23076923076923078,0.23076923076923078,0.7692307692307693,22519.36,108.26615384615386,35.48864803078943,158.19,0.32779078936542605,3826.56,18692.8,0.2047076949413678,0,196,197,1.0558375634517767,9,958.3100000000001,0.04326923076923077,0.04255493939437,0.0,72,50,29,0,0,1.6,0.05325443786982248,0.591715976331361,0.4914519284379521,0.08
677,142.17,0,77,180,0.42777777777777776,5,9,14,0.9455252918287937,0.29961089494163423,0.29961089494163423,0.7003891050583657,1836415.53,7145.585719844357,107786.3469427498,1731032.87,15.084326347581422,1810826.7300000002,25588.8,70.76637943162635,3,198,196,1.3112244897959184,12,1731032.87,0.04669260700389105,0.9426150246072031,0.0,243,63,45,0,0,3.2142857142857144,0.089766688367727,0.4905448984844584,0.6350893747381183,0.08
678,189.72,0,124,180,0.6888888888888889,6,9,15,0.9506578947368421,0.40789473684210525,0.40789473684210525,0.5921052631578947,99886.91,328.5753618421053,3334.4911723261343,58357.06,10.148329910166856,65737.31,34149.6,1.924980380443695,0,199,200,1.52,10,58507.12,0.03289473684210526,0.5857336061351783,0.0,45,85,60,0,0,3.6,0.1663781163434903,0.35058864265927975,0.6248370876070454,0.08
679,143.53,1,59,201,0.2935323383084577,4,10,14,0.9461538461538461,0.22692307692307692,0.22692307692307692,0.7730769230769231,5166259.19,19870.227653846152,216190.5976830464,2745049.0,10.880126863629556,5137550.84,28708.350000000002,178.9566742776927,4,195,192,1.3541666666666667,11,2745049.0,0.04230769230769231,0.5313417114869917,0.0,90,62,15,0,0,2.857142857142857,0.05149408284023668,0.5976479289940829,0.6480721800308563,0.08
680,289.46,0,98,18,5.444444444444445,6,1,7,0.9396551724137931,0.15517241379310345,0.8448275862068966,0.15517241379310345,5038897.1,43438.768103448274,278238.7406156584,2329952.25,6.405309191850013,5033687.0,5210.099999999999,966.1401892478073,2,199,198,0.5858585858585859,3,2329952.25,0.02586206896551724,0.462393298327128,1.0,16,1,42,0,0,0.8571428571428571,0.7137336504161713,0.02407847800237812,0.5030684773360143,0.18
681,341.77,0,264,13,20.307692307692307,7,1,8,0.9711191335740073,0.04693140794223827,0.9530685920577617,0.04693140794223827,2575358.49,9297.323068592057,120518.23947816163,1962090.25,12.96268168687101,2570915.61,4442.88,578.6597004645635,0,199,200,1.385,4,1962700.82,0.01444043321299639,0.7621078104741837,1.0,42,3,77,0,0,0.875,0.9083397411669643,0.002202557051440785,0.601919049511708,0.18
682,304.83,1,340,19,17.894736842105264,10,2,11,0.9693593314763231,0.052924791086350974,0.947075208913649,0.052924791086350974,120451.46,335.51938718662956,624.6470417747555,11925.12,1.8617315887838737,114951.44,5500.0199999999995,20.90018581750612,1,199,199,1.8040201005025125,5,12334.37,0.013927576601671309,0.10240116641176454,1.0,72,3,72,1,1,0.8181818181818182,0.896951451338832,0.0028010335115338943,0.5929055968511406,0.08
683,225.84,0,47,19,2.473684210526316,3,1,4,0.9393939393939394,0.2878787878787879,0.7121212121212122,0.2878787878787879,1000555.55,15159.932575757575,119676.12121191752,979994.62,7.894238355867954,996264.78,4290.77,232.1878777002729,2,196,195,0.3384615384615385,3,980220.45,0.045454545454545456,0.9796761908921497,1.0,11,11,4,0,0,0.75,0.5071166207529845,0.08287419651056015,0.44020526338679433,0.08
684,382.08,0,240,25,9.6,5,1,6,0.9773584905660377,0.09433962264150944,0.9056603773584906,0.09433962264150944,3274208.34,12355.50316981132,145086.23873060796,2275344.5,11.742641051244501,3264656.59,9551.75,341.7862266076897,0,198,199,1.3316582914572865,3,2275866.52,0.011320754716981131,0.6950890974763079,1.0,50,2,34,0,0,0.8333333333333334,0.8202207191171236,0.008899964400142398,0.6089300786258541,0.18
685,288.82,0,92,17,5.411764705882353,5,1,6,0.944954128440367,0.1559633027522936,0.8440366972477065,0.1559633027522936,287804.97,2640.412568807338,25949.84075417654,272299.68,9.827949260936128,282895.02999999997,4909.94,57.61679979796087,0,199,200,0.545,3,272299.68,0.027522935779816515,0.9461257045005165,1.0,16,5,30,0,0,0.8333333333333334,0.7123979463008165,0.02432455180540358,0.4352455144508724,0.08
686,357.87,0,64,20,3.2,5,1,6,0.9285714285714286,0.23809523809523808,0.7619047619047619,0.23809523809523808,480282.27,5717.646071428571,46171.76885978864,424939.87,8.07531076302743,473125.07,7157.200000000001,66.10477141899067,3,199,197,0.4263959390862944,3,424939.87,0.03571428571428571,0.8847710951312027,2.0,1,21,31,0,0,0.8333333333333334,0.5804988662131518,0.05668934240362813,0.4359839819021558,0.08
687,277.78,0,62,24,2.5833333333333335,4,1,5,0.9418604651162791,0.27906976744186046,0.7209302325581395,0.27906976744186046,4027101.23,46826.75848837209,425407.36070290254,3968678.25,9.084706574522741,4020434.75,6666.48,603.0820987987664,3,199,197,0.4365482233502538,2,3968678.25,0.023255813953488372,0.985492547452054,2.0,8,9,20,0,0,0.8,0.519740400216333,0.0778799351000541,0.4906257089545139,0.08
688,361.37,0,49,19,2.5789473684210527,6,1,7,0.8970588235294118,0.27941176470588236,0.7205882352941176,0.27941176470588236,4826303.3100000005,70975.0486764706,312496.1744217334,2030531.37,4.402901868319973,4819437.47,6865.84,701.9443316476935,0,199,200,0.34,2,2030641.2400000002,0.029411764705882353,0.42074463819804975,1.0,6,12,44,0,0,0.8571428571428571,0.5192474048442907,0.07807093425605537,0.4715314690371356,0.08
689,277.91,0,63,25,2.52,5,1,6,0.9318181818181819,0.2840909090909091,0.7159090909090909,0.2840909090909091,496040.8,5636.8272727272715,35537.09409596598,260266.4,6.304449715517366,489093.05,6947.750000000001,70.39589075600013,4,198,195,0.4512820512820513,2,260266.4,0.022727272727272728,0.5246874853842668,1.0,27,4,33,0,0,0.8333333333333334,0.512525826446281,0.08070764462809918,0.45155037080237553,0.08
690,244.03,1,67,32,2.09375,6,2,8,0.9191919191919192,0.32323232323232326,0.6767676767676768,0.32323232323232326,2276308.09,22993.011010101007,214921.31818328524,2149448.0,9.347245477717932,2268732.5,7575.59,299.47931448243634,2,194,193,0.5129533678756477,3,2149555.52,0.030303030303030304,0.9443166017127322,1.0,33,22,62,0,0,1.5,0.45801448831751856,0.10447913478216508,0.5046939488959582,0.08
691,239.24,1,64,16,4.0,5,2,7,0.9125,0.2,0.8,0.2,7169869.98,89623.37474999999,447686.7541606867,3400460.5,4.995200810162382,7166277.8,3592.1800000000003,1994.9662322043994,4,199,196,0.40816326530612246,2,3400460.5,0.025,0.47427087373765736,2.0,11,23,47,0,0,1.4285714285714286,0.6400000000000001,0.039999999999999994,0.4802037773985537,0.18
692,388.01,1,220,24,9.166666666666666,4,2,6,0.9754098360655737,0.09836065573770492,0.9016393442622951,0.09836065573770492,1113967.21,4565.439385245903,61876.83315532488,968488.31,13.55331391657324,1105040.09,8927.119999999999,123.7846125066091,0,199,200,1.22,3,969028.9800000001,0.012295081967213115,0.8698900392229679,1.0,40,16,24,0,0,1.3333333333333333,0.8129535071217415,0.009674818597151302,0.571204354183541,0.08
693,317.31,0,616,21,29.333333333333332,9,1,10,0.9843014128728415,0.03296703296703297,0.967032967032967,0.03296703296703297,2294843.1,3602.5794348508653,65831.90171992868,1647820.12,18.273546193896458,2288179.8000000003,6663.3,343.40038719553377,0,199,200,3.185,5,1649484.4100000001,0.007849293563579277,0.7187787304500252,0.0,125,1,73,0,0,0.9,0.9351527593285835,0.0010868252626494383,0.7604137102135986,0.18
694,209.96,0,85,21,4.0476190476190474,6,1,7,0.9339622641509434,0.19811320754716982,0.8018867924528302,0.19811320754716982,3282431.01,30966.330283018866,304805.8045609048,3153443.0,9.84313613447611,3278021.85,4409.16,743.4572231445446,4,197,194,0.5463917525773195,3,3153443.0,0.02830188679245283,0.9607035122422878,1.0,27,20,37,0,0,0.8571428571428571,0.6430224279102883,0.03924884300462798,0.4944641044973206,0.18
695,277.67,0,13,21,0.6190476190476191,5,1,6,0.8235294117647058,0.38235294117647056,0.38235294117647056,0.6176470588235294,6602323.7,194185.9911764706,539257.2379728488,2358985.0,2.777014112633838,6596492.63,5831.070000000001,1131.2662393008486,7,192,186,0.1827956989247312,2,2358985.0,0.058823529411764705,0.35729617437569744,5.0,6,1,31,0,0,0.8333333333333334,0.14619377162629757,0.3814878892733564,0.4575133756843058,0.08
696,246.81,0,69,26,2.6538461538461537,6,1,7,0.9263157894736842,0.2736842105263158,0.7263157894736842,0.2736842105263158,2837840.1,29872.00105263158,231124.51119571002,2198473.5,7.73716199288059,2831423.3,6416.8,441.25160516145115,1,199,199,0.47738693467336685,3,2198473.5,0.031578947368421054,0.7746995681680585,2.0,20,4,50,0,0,0.8571428571428571,0.5275346260387812,0.07490304709141274,0.4915219837544832,0.08
697,216.93,0,100,18,5.555555555555555,5,1,6,0.9491525423728814,0.15254237288135594,0.847457627118644,0.15254237288135594,17956.56,152.17423728813557,61.11610434949979,216.92,0.4016192585462347,14052.0,3904.56,3.5988690146905156,2,197,196,0.6020408163265306,2,413.77,0.01694915254237288,0.02304283225740342,1.0,17,15,35,0,0,0.8333333333333334,0.7181844297615627,0.02326917552427464,0.3889542077194373,0.08
698,237.35,0,98,20,4.9,5,1,6,0.9491525423728814,0.1694915254237288,0.8305084745762712,0.1694915254237288,10384.48,88.0040677966102,78.71738627582282,237.35,0.8944744060893842,5637.4800000000005,4747.0,1.1875879502843902,0,199,200,0.59,4,467.84,0.03389830508474576,0.04505184660185199,1.0,34,6,26,0,0,0.8333333333333334,0.6897443263430049,0.02872737719046251,0.3784994222573367,0.08
699,211.4,0,37,18,2.0555555555555554,2,1,3,0.9454545454545454,0.32727272727272727,0.6727272727272727,0.32727272727272727,7336.929999999999,133.39872727272723,84.4518977676759,211.39,0.6330787369134196,3531.91,3805.0199999999995,0.9282237675491851,3,196,194,0.28350515463917525,2,379.46,0.03636363636363636,0.051719179547849034,3.0,9,2,29,0,0,0.6666666666666666,0.4525619834710744,0.10710743801652893,0.332311240698841,0.08
700,163.81,0,42,210,0.2,3,10,13,0.9484126984126984,0.16666666666666666,0.16666666666666666,0.8333333333333334,541785.8,2149.943650793651,32323.114779752188,513834.12,15.034400909912275,538346.0,3439.7999999999997,156.50502936217222,2,192,191,1.3193717277486912,12,513834.12,0.047619047619047616,0.9484082454726572,0.0,120,68,32,0,0,2.3076923076923075,0.02777777777777777,0.6944444444444445,0.5843374907895601,0.08
701,117.34,0,72,190,0.37894736842105264,6,10,16,0.9389312977099237,0.2748091603053435,0.2748091603053435,0.7251908396946565,9433575.32,36006.01267175573,319395.5227717094,4751060.0,8.870616296323572,9431346.62,2228.7000000000003,4231.770368376183,2,199,198,1.3232323232323233,11,4751060.0,0.04198473282442748,0.503633017052118,0.0,230,31,37,0,0,3.75,0.075520074587728,0.525901753977041,0.6657827246648826,0.08
702,161.08,1,116,265,0.4377358490566038,9,12,21,0.9448818897637795,0.30446194225721784,0.30446194225721784,0.6955380577427821,4409653.57,11573.893884514437,154615.59796584077,2898524.0,13.358995642141869,4405775.47,3878.1000000000004,1136.0654624687345,3,197,195,1.9538461538461538,13,2898524.0,0.03412073490813648,0.6573133136170604,0.0,309,87,48,0,0,5.142857142857143,0.09269707428303747,0.4837731897686017,0.7350445215438295,0.2
703,161.25,0,120,200,0.6,7,10,17,0.946875,0.375,0.375,0.625,986070.5700000001,3081.4705312500005,54248.636612316994,971992.68,17.604788383392716,982846.5700000001,3224.0,304.8531544665013,1,199,199,1.6080402010050252,13,972178.35,0.040625,0.9859115357230466,0.0,220,105,58,0,0,4.117647058823529,0.140625,0.390625,0.6770671584040289,0.08
704,170.49,0,79,160,0.49375,5,10,15,0.9372384937238494,0.3305439330543933,0.3305439330543933,0.6694560669456067,507381.33,2122.9344351464424,30909.623359124205,478641.06,14.55985773625271,504654.93,2726.3999999999996,185.0993727992958,0,199,200,1.195,10,478793.98,0.04184100418410042,0.9436570714968956,0.0,40,42,43,0,0,3.3333333333333335,0.10925929167906724,0.4481714255702806,0.5975969483051635,0.08
705,151.21,0,53,180,0.29444444444444445,4,10,14,0.9399141630901288,0.22746781115879827,0.22746781115879827,0.7725321888412017,10195687.8,43758.31673819742,391821.1334490755,5003495.5,8.95420945447492,10192966.2,2721.6,3745.2109788359785,2,196,195,1.1948717948717948,11,5003495.5,0.04721030042918455,0.49074624470160805,0.0,110,82,48,0,0,2.857142857142857,0.05174160511337472,0.5968059827957781,0.6392039388225128,0.08
706,128.44,0,89,210,0.4238095238095238,5,10,14,0.9531772575250836,0.2976588628762542,0.2976588628762542,0.7023411371237458,678994.94,2270.8860869565215,36291.92065919556,627203.75,15.981391963096916,676298.54,2696.4,250.81536122237057,3,197,195,1.5333333333333334,13,627203.75,0.043478260869565216,0.9237237467483926,0.0,200,117,21,1,1,2.5714285714285716,0.0886007986487847,0.4932830728962763,0.6442854722501127,0.08
707,187.75,1,66,287,0.22996515679442509,5,12,17,0.9518413597733711,0.18696883852691218,0.18696883852691218,0.8130311614730878,5296221.14,15003.459320113316,179595.3586062419,2540635.5,11.970263308907715,5291322.0200000005,4899.12,1080.055605904734,2,196,195,1.8102564102564103,11,2540635.5,0.031161473087818695,0.4797072163040383,0.0,23,108,24,0,0,3.5294117647058822,0.034957346580102557,0.6610196695262782,0.6989310211208484,0.18
708,135.31,0,65,170,0.38235294117647056,6,10,16,0.9319148936170213,0.2765957446808511,0.2765957446808511,0.723404255319149,4609315.39,19614.108042553195,179630.63290939218,2262522.5,9.15823612879464,4607015.29,2300.1,2002.9630407373593,0,199,200,1.175,10,2262522.5,0.0425531914893617,0.4908586869339831,0.0,0,48,25,0,0,3.75,0.07650520597555455,0.5233137166138524,0.6295652179198673,0.08
709,145.83,0,256,210,1.2190476190476192,8,10,17,0.9635193133047211,0.45064377682403434,0.5493562231759657,0.45064377682403434,3941495.49,8458.144828326183,100968.43039881905,1655113.87,11.937420373871761,3938433.69,3061.8,1286.3131785224377,0,199,200,2.33,12,1656035.57,0.02575107296137339,0.420154120232166,0.0,450,50,83,1,1,3.7058823529411766,0.3017922599421614,0.20307981359023006,0.80143676060352,0.2
710,163.19,0,41,230,0.1782608695652174,3,10,13,0.9520295202952029,0.15129151291512916,0.15129151291512916,0.8487084870848709,491772.93000000005,1814.660258302583,29222.465196821668,481988.03,16.10354613935068,488021.63,3751.2999999999997,130.0940020792792,3,194,192,1.4114583333333333,11,481988.03,0.04059040590405904,0.9801028088308967,0.0,170,71,31,0,0,2.3076923076923075,0.022889121880148685,0.7203060960498905,0.5920789010611021,0.08
711,151.61,0,49,198,0.2474747474747475,5,9,14,0.9433198380566802,0.19838056680161945,0.19838056680161945,0.8016194331983806,2462280.24,9968.745910931171,94968.03249399511,1272754.25,9.526577700195816,2458945.92,3334.32,737.46548621608,3,198,196,1.260204081632653,10,1272754.25,0.04048582995951417,0.5169006473446742,0.0,108,111,32,0,0,3.2142857142857144,0.03935484928453179,0.642593715681293,0.6135738091085468,0.18
712,195.65,0,62,160,0.3875,4,10,14,0.9369369369369369,0.27927927927927926,0.27927927927927926,0.7207207207207207,664626.13,2993.811396396397,35568.27286862363,521530.43,11.88059906226444,661496.53,3129.6,211.3677562627812,5,196,192,1.15625,12,521530.43,0.05405405405405406,0.7846974508811443,0.0,130,46,35,0,0,2.857142857142857,0.07799691583475368,0.519438357276195,0.5870768840491598,0.08
713,195.47,0,63,153,0.4117647058823529,4,9,13,0.9398148148148148,0.2916666666666667,0.2916666666666667,0.7083333333333334,56511.47,261.62717592592594,3089.629535279313,45556.82,11.809283666135947,53189.840000000004,3321.63,16.013174254808632,1,197,197,1.0964467005076142,10,45556.82,0.046296296296296294,0.8061517422923169,0.0,90,92,19,0,0,2.769230769230769,0.08506944444444443,0.501736111111111,0.5291601316115615,0.08
714,192.98,0,100,250,0.4,5,10,15,0.9571428571428572,0.2857142857142857,0.2857142857142857,0.7142857142857143,19184.5,54.81285714285714,56.994638523357295,176.53,1.0398041900062578,14362.0,4822.5,2.978123379989632,1,199,199,1.7587939698492463,11,328.80999999999995,0.03142857142857143,0.017139357293648516,0.0,140,33,32,0,0,3.3333333333333335,0.08163265306122448,0.5102040816326531,0.5959983532145161,0.08
715,193.41,0,107,240,0.44583333333333336,7,10,17,0.9510086455331412,0.30835734870317005,0.30835734870317005,0.69164265129683,6583925.89,18973.849827089332,254912.9769827275,4262835.0,13.43496334722663,6579284.29,4641.6,1417.4604209755255,1,198,198,1.7525252525252526,13,4262835.0,0.037463976945244955,0.6474609634465373,0.0,370,44,45,0,0,4.117647058823529,0.0950842544992484,0.4783695570929083,0.7208859110014221,0.08
716,158.1,0,104,250,0.416,6,10,15,0.9576271186440678,0.2937853107344633,0.2937853107344633,0.7062146892655368,671861.97,1897.915169491526,34766.93756162462,655108.37,18.31848868721519,667909.47,3952.5,168.9840531309298,1,199,199,1.778894472361809,12,655300.7,0.03389830508474576,0.9753501898611704,0.0,310,106,62,1,1,3.0,0.08630980880334513,0.49873918733441863,0.6737674986563896,0.08
717,149.02,1,92,145,0.6344827586206897,5,9,14,0.9409282700421941,0.3881856540084388,0.3881856540084388,0.6118143459915611,127640.25,538.5664556962026,7242.457937089904,111649.08,13.447658799558187,125252.94,2387.31,52.46613971373638,1,196,196,1.2091836734693877,10,111649.08,0.04219409282700422,0.8747168702662366,0.0,82,94,27,0,0,3.2142857142857144,0.15068810197795937,0.37431679396108175,0.5826194306252849,0.08
718,170.41,0,85,120,0.7083333333333334,6,10,16,0.9219512195121952,0.4146341463414634,0.4146341463414634,0.5853658536585366,2292232.06,11181.61980487805,134367.27733312082,1902375.0,12.016798968115717,2290187.26,2044.8,1120.0055066510172,3,198,196,1.0459183673469388,12,1902665.8000000003,0.05853658536585366,0.8300493799044064,0.0,150,37,37,0,0,3.75,0.1719214753123141,0.3426531826293873,0.6225283731749892,0.08
719,121.54,0,76,190,0.4,7,10,17,0.9360902255639098,0.2857142857142857,0.2857142857142857,0.7142857142857143,2502118.8200000003,9406.461729323308,94768.99579338136,1422684.12,10.07488240747873,2499810.3200000003,2308.5,1082.8721334199697,0,196,197,1.350253807106599,11,1422873.84,0.041353383458646614,0.5686675743080818,0.0,80,39,42,0,0,4.117647058823529,0.08163265306122448,0.5102040816326531,0.6442428340676383,0.08
720,253.17,0,253,24,10.541666666666666,8,10,17,0.9386281588447654,0.08664259927797834,0.9133574007220217,0.08664259927797834,10704633.32,38644.885631768964,189212.88806205642,1520639.75,4.896194799616883,4605832.28,6098801.04,0.7552029078817105,0,199,200,1.385,3,1521182.21,0.010830324909747292,0.14210502728364355,1.0,69,80,58,1,1,3.7058823529411766,0.8342217414536877,0.007506940009644333,0.6394150118280357,0.18
721,208.76,0,125,10,12.5,7,10,17,0.8740740740740741,0.07407407407407407,0.9259259259259259,0.07407407407407407,4559620.07,33774.963481481485,250420.9926503369,2794080.5,7.414397140285304,9866.79,4549753.28,0.002168642867597427,2,198,197,0.6852791878172588,5,2794080.5,0.037037037037037035,0.6127880080148871,1.0,3,93,41,0,0,4.117647058823529,0.8573388203017833,0.0054869684499314125,0.5048051694389367,0.18
722,232.57,0,60,25,2.4,3,10,13,0.8470588235294118,0.29411764705882354,0.7058823529411765,0.29411764705882354,13107323.89,154203.81047058824,469212.3084929516,2234999.5,3.042806186572451,4114.39,13103209.5,0.00031399864285158534,4,198,195,0.4358974358974359,2,2234999.5,0.023529411764705882,0.17051531790598026,2.0,4,98,23,0,0,2.3076923076923075,0.4982698961937716,0.08650519031141868,0.5179665213477429,0.08
723,200.77,0,77,21,3.6666666666666665,6,9,15,0.846938775510204,0.21428571428571427,0.7857142857142857,0.21428571428571427,19238758.61,196313.86336734693,658339.3166837072,3590217.0,3.353503952249199,1677925.57,17560833.04,0.09554931512520093,3,196,194,0.5051546391752577,2,3590232.22,0.02040816326530612,0.18661454685199153,2.0,15,52,49,0,0,3.6,0.6173469387755102,0.04591836734693878,0.525477673697351,0.08
724,330.93,0,21,25,0.84,2,10,12,0.7391304347826086,0.45652173913043476,0.45652173913043476,0.5434782608695652,25161620.89,546991.7584782608,1236739.3959147162,6208009.0,2.260983601206979,75722.25,25085898.64,0.003018518534522788,6,197,192,0.23958333333333334,2,6208009.0,0.043478260869565216,0.24672532135905653,3.0,4,45,31,0,0,1.6666666666666667,0.20841209829867674,0.2953686200378072,0.5120528114966247,0.08
725,228.08,1,166,22,7.545454545454546,12,10,22,0.8829787234042553,0.11702127659574468,0.8829787234042553,0.11702127659574468,7890933.03,41973.04803191489,228383.28791993405,2557363.0,5.441189016015208,1339343.53,6551589.5,0.20443031877989304,0,199,200,0.94,3,2557363.0,0.015957446808510637,0.32408879789973327,1.0,41,61,64,0,0,5.454545454545454,0.7796514259846085,0.013693979176097782,0.5711384138870839,0.18
726,357.34,0,85,20,4.25,5,10,15,0.8571428571428572,0.19047619047619047,0.8095238095238095,0.19047619047619047,19986017.32,190343.0220952381,678104.4940656794,3753475.5,3.562539286186125,4414806.02,15571211.3,0.28352360872528903,1,198,198,0.5303030303030303,3,3753604.28,0.02857142857142857,0.18781151941881735,2.0,16,100,48,0,0,3.3333333333333335,0.655328798185941,0.03628117913832199,0.5269645547889462,0.18
727,336.1,0,100,16,6.25,5,10,14,0.8793103448275862,0.13793103448275862,0.8620689655172413,0.13793103448275862,3551872.65,30619.591810344828,139907.79507483792,1178989.37,4.569224695790036,10738.72,3541133.93,0.003032565334234619,0,198,199,0.5829145728643216,3,1179161.37,0.02586206896551724,0.3319830090192001,1.0,28,100,75,1,1,2.5714285714285716,0.7431629013079666,0.019024970273483956,0.49175368670293096,0.18
728,394.14,0,63,15,4.2,5,10,15,0.8076923076923077,0.19230769230769232,0.8076923076923077,0.19230769230769232,9072750.02,116317.30794871795,334142.5994785861,1715512.62,2.872681678859892,2397971.25,6674778.7700000005,0.35925853614471176,1,198,198,0.3939393939393939,3,1715512.62,0.038461538461538464,0.18908408324028753,2.0,7,50,34,0,0,3.3333333333333335,0.6523668639053255,0.03698224852071006,0.48020394134341227,0.18
729,279.3,0,38,19,2.0,4,10,14,0.7543859649122807,0.3333333333333333,0.6666666666666666,0.3333333333333333,16463229.69,288828.5910526316,937712.9105218775,4782870.5,3.2466069481016278,4854913.23,11608316.46,0.4182271603922142,0,194,195,0.2923076923076923,2,4782870.5,0.03508771929824561,0.2905183606170048,3.0,4,90,23,0,0,2.857142857142857,0.4444444444444445,0.11111111111111112,0.4958319450972592,0.08
730,384.28,1,55,14,3.9285714285714284,7,10,17,0.7536231884057971,0.2028985507246377,0.7971014492753623,0.2028985507246377,12856733.33,186329.46855072465,734604.3197573166,5498255.0,3.942502093045656,1502877.87,11353855.46,0.13236718357871363,0,199,200,0.345,2,5498420.66,0.028985507246376812,0.42766856236878953,2.0,12,98,65,0,0,4.117647058823529,0.635370720436883,0.041167821886158376,0.4777803674299172,0.08
731,290.74,0,105,25,4.2,6,10,16,0.8769230769230769,0.19230769230769232,0.8076923076923077,0.19230769230769232,12064072.65,92800.55884615384,361023.3647263761,2158225.25,3.8903145543001094,1771713.1500000001,10292359.5,0.1721386772391695,3,198,196,0.6632653061224489,3,2158356.53,0.023076923076923078,0.17890778616954034,1.0,17,99,23,0,0,3.75,0.6523668639053255,0.03698224852071006,0.5443044375540644,0.18
732,267.9,1,78,28,2.7857142857142856,5,10,15,0.8584905660377359,0.2641509433962264,0.7358490566037735,0.2641509433962264,13712213.31,129360.50292452831,374353.5598423895,2234999.5,2.8938783583795695,2448833.43,11263379.88,0.217415505477917,0,198,199,0.5326633165829145,3,2234999.5,0.02830188679245283,0.16299334392428583,1.0,5,125,49,0,0,3.3333333333333335,0.5414738341046635,0.06977572089711642,0.5343919606241185,0.08
733,220.47,0,34,17,2.0,5,10,15,0.7058823529411764,0.3333333333333333,0.6666666666666666,0.3333333333333333,19264337.06,377732.0992156863,920295.7399914967,4059934.0,2.436371549842802,7584594.48,11679742.58,0.6493802776944422,2,198,197,0.25888324873096447,2,4059934.0,0.0392156862745098,0.21074870042789837,3.0,11,108,33,0,0,3.3333333333333335,0.4444444444444445,0.11111111111111112,0.4904594241384624,0.08
734,376.57,0,72,23,3.130434782608696,7,10,17,0.8210526315789474,0.24210526315789474,0.7578947368421053,0.24210526315789474,13077635.9,137659.3252631579,414880.806333175,2366573.5,3.0138227507658035,2442873.99,10634761.91,0.2297065050138015,0,199,200,0.475,3,2366573.5,0.031578947368421054,0.1809634033319432,2.0,17,41,43,0,0,4.117647058823529,0.574404432132964,0.05861495844875346,0.5163674924731088,0.08
735,358.96,0,80,16,5.0,4,10,13,0.8645833333333334,0.16666666666666666,0.8333333333333334,0.16666666666666666,21365142.71,222553.56989583335,1063127.525001041,7457266.5,4.7769511201219546,8041.0,21357101.71,0.00037650239761863265,0,198,199,0.4824120603015075,3,7457401.51,0.03125,0.3490452467939541,2.0,7,82,30,1,1,2.076923076923077,0.6944444444444445,0.02777777777777777,0.5130111179342525,0.18
736,264.59,0,144,26,5.538461538461538,7,10,17,0.9,0.15294117647058825,0.8470588235294118,0.15294117647058825,18047323.150000002,106160.72441176472,453101.6042965947,3166231.0,4.268071895771484,13306.470000000001,18034016.68,0.0007378539255071822,1,199,199,0.8542713567839196,3,3166231.0,0.01764705882352941,0.1754404779968712,1.0,29,86,63,0,0,4.117647058823529,0.7175086505190311,0.023391003460207616,0.5805956286070578,0.18
737,291.15,0,73,21,3.4761904761904763,5,10,15,0.8404255319148937,0.22340425531914893,0.776595744680851,0.22340425531914893,8605979.15,91552.96968085103,370678.037791079,2982670.75,4.048782241397999,4088917.42,4517061.73,0.9052161923853096,1,198,198,0.47474747474747475,2,2982670.75,0.02127659574468085,0.3465812196396037,2.0,11,111,31,0,0,3.3333333333333335,0.6031009506564057,0.04990946129470349,0.5038906385027605,0.08
738,265.03,0,81,24,3.375,5,10,15,0.8571428571428572,0.22857142857142856,0.7714285714285715,0.22857142857142856,15511920.8,147732.57904761905,813092.5681091602,7860296.0,5.5038135349080575,8773468.5,6738452.3,1.3020005350486787,0,197,198,0.5303030303030303,3,7860296.0,0.02857142857142857,0.5067261560541232,1.0,24,74,18,0,0,3.3333333333333335,0.5951020408163266,0.05224489795918366,0.5293265728460423,0.08
739,205.77,0,109,17,6.411764705882353,7,10,17,0.8650793650793651,0.1349206349206349,0.8650793650793651,0.1349206349206349,15965295.13,126708.69150793648,479092.70437193615,3436719.5,3.78105636377697,8596814.1,7368481.03,1.1667009883039625,0,195,196,0.6428571428571429,3,3436840.2,0.023809523809523808,0.21526944362850622,1.0,18,67,50,0,0,4.117647058823529,0.7483623078861175,0.018203577727387246,0.5345723906329359,0.18
740,408.87,0,69,180,0.38333333333333336,4,1,5,0.9799196787148594,0.27710843373493976,0.27710843373493976,0.7228915662650602,83912.5,336.9979919678715,275.66811543494424,4011.3,0.8180111514172634,10317.7,73594.8,0.14019604645980424,0,199,200,1.245,3,4530.030000000001,0.012048192771084338,0.05398516311634143,1.0,107,1,44,0,0,0.8,0.0767890840470315,0.522572216577152,0.5570008530761196,0.08
741,473.74,0,53,180,0.29444444444444445,3,1,3,0.9871244635193133,0.22746781115879827,0.22746781115879827,0.7725321888412017,91457.19,392.5201287553648,153.52973350442744,473.73,0.3911384977663494,6185.79,85271.40000000001,0.07254237645916449,0,199,200,1.165,3,685.4100000000001,0.012875536480686695,0.0074943260338525605,1.0,106,11,34,1,1,0.0,0.05174160511337472,0.5968059827957781,0.5369061106799518,0.08
742,441.92,0,61,179,0.3407821229050279,3,1,4,0.9833333333333333,0.25416666666666665,0.25416666666666665,0.7458333333333333,86134.19,358.8924583333334,147.5923111994883,441.92,0.4112438357855015,7030.51,79103.68000000001,0.0888771546405932,0,199,200,1.2,3,621.23,0.0125,0.0072123508678725605,1.0,115,1,36,0,0,0.75,0.06460069444444444,0.5562673611111111,0.5462846885999268,0.08
743,504.9,0,73,179,0.40782122905027934,5,1,5,0.9801587301587301,0.2896825396825397,0.2896825396825397,0.7103174603174603,674221.74,2675.4830952380958,36093.13134094167,574491.75,13.490323076674002,583846.43,90375.31,6.460242626000398,1,199,199,1.2663316582914572,3,574996.64,0.011904761904761904,0.8528301683063498,1.0,125,5,29,1,1,0.0,0.08391597379692618,0.5045508944318468,0.6058566871054754,0.08
744,437.56,0,64,180,0.35555555555555557,6,1,7,0.9713114754098361,0.26229508196721313,0.26229508196721313,0.7377049180327869,548334.6900000001,2247.273319672131,19677.971373887172,260170.26,8.756376539351304,469575.69,78759.0,5.962184512246219,0,198,199,1.2261306532663316,3,260607.81,0.012295081967213115,0.47527142592419236,1.0,120,1,34,0,0,0.8571428571428571,0.06879871002418704,0.5442085460897608,0.5901963905688992,0.08
745,440.32,0,88,176,0.5,6,1,6,0.9772727272727273,0.3333333333333333,0.3333333333333333,0.6666666666666666,4649019.2700000005,17609.92147727273,163597.8178428671,2308489.75,9.290093544937472,4571522.95,77496.31999999999,58.99019398598541,1,199,199,1.3266331658291457,3,2308930.07,0.011363636363636364,0.4966488491238281,1.0,169,11,35,1,1,0.0,0.11111111111111112,0.4444444444444445,0.6632905602653456,0.08
746,534.53,0,60,180,0.3333333333333333,3,1,4,0.9833333333333333,0.25,0.25,0.75,104992.2,437.4674999999999,168.7928213385174,534.53,0.3858408255207928,8776.800000000001,96215.4,0.09122032439713394,0,199,200,1.2,3,800.66,0.0125,0.007625899828749183,1.0,120,1,16,0,0,0.75,0.0625,0.5625,0.5495582020468278,0.08
747,547.12,0,60,177,0.3389830508474576,3,1,4,0.9831223628691983,0.25316455696202533,0.25316455696202533,0.7468354430379747,106494.47,449.3437552742616,168.5055014434235,547.11,0.37500354564975413,9656.0,96838.47,0.09971243866203174,1,199,199,1.1909547738693467,2,704.28,0.008438818565400843,0.006613301141364429,1.0,98,3,21,0,0,0.75,0.06409229290177856,0.5577631789777279,0.5491286834552626,0.08
748,462.45,0,74,180,0.4111111111111111,7,1,7,0.9724409448818898,0.29133858267716534,0.29133858267716534,0.7086614173228346,2159036.5500000003,8500.143897637794,107378.09037109395,1689730.62,12.632502656917904,2075795.55,83241.0,24.937176992107254,1,199,199,1.2763819095477387,3,1690193.07,0.011811023622047244,0.7828459735894697,1.0,128,7,53,1,1,0.0,0.08487816975633952,0.5022010044020089,0.6317885094937363,0.08
749,572.0,1,86,181,0.47513812154696133,7,2,9,0.9662921348314607,0.32209737827715357,0.32209737827715357,0.6779026217228464,14407072.42,53959.072734082394,623575.3123460711,9838407.0,11.556449745145446,14304093.46,102978.96,138.90306777229057,0,199,200,1.335,3,9839110.96,0.011235955056179775,0.6829361769807777,1.0,158,6,38,0,0,1.5555555555555556,0.10374672109301576,0.4595519645387086,0.6856885982038808,0.08
750,450.93,0,122,180,0.6777777777777778,8,1,8,0.9735099337748344,0.40397350993377484,0.40397350993377484,0.5960264900662252,5063635.9,16767.00629139073,279376.0084579362,4862804.5,16.662247487876588,4982470.3,81165.6,61.38647776890702,0,199,200,1.51,4,4863255.42,0.013245033112582781,0.9604275496980341,1.0,202,0,102,1,1,0.0,0.16319459672821365,0.355247576860664,0.7041797031884691,0.08
751,468.79,0,242,179,1.3519553072625698,6,1,7,0.9833729216152018,0.4251781472684085,0.5748218527315915,0.4251781472684085,4241704.42,10075.307410926363,169361.3756366278,3451580.25,16.809549200748016,4157791.0100000002,83913.41,49.548588360310944,0,199,200,2.105,3,3452552.83,0.007125890736342043,0.8139541297882327,0.0,419,2,48,0,0,0.8571428571428571,0.33042016237777944,0.18077645691459648,0.7748215060062917,0.2
752,542.5,1,181,181,1.0,11,2,11,0.9696132596685083,0.5,0.5,0.5,3205920.78,8856.134751381214,144580.04516253562,2737767.5,16.325411618199094,3108260.39,97660.39,31.827237122440327,0,199,200,1.81,4,2738435.08,0.011049723756906077,0.8541805203308861,1.0,318,22,80,2,2,0.0,0.25,0.25,0.7510938295607167,0.2
753,408.9,1,219,182,1.2032967032967032,4,3,5,0.9875311720698254,0.4538653366583541,0.5461346633416458,0.4538653366583541,618679.0,1542.8403990024938,21640.39559731537,434112.62,14.026334552366354,545064.88,73614.12,7.404352317191322,1,199,199,2.0150753768844223,4,435021.2,0.00997506234413965,0.7031452497983607,0.0,398,8,31,2,2,0.4,0.2982630705032929,0.20599374382000113,0.7309430887135564,0.2
754,586.84,0,123,180,0.6833333333333333,8,1,9,0.9702970297029703,0.40594059405940597,0.40594059405940597,0.594059405940594,2778074.4200000004,9168.562442244229,111946.63691611511,1880765.62,12.209835251851482,2672443.22,105631.20000000001,25.2997525352358,0,199,200,1.515,4,1881352.4600000002,0.013201320132013201,0.6772145650439415,1.0,234,1,72,0,0,0.8888888888888888,0.16478776590530342,0.3529065777864915,0.6927754799757555,0.08
755,414.47,1,47,180,0.2611111111111111,6,2,8,0.9647577092511013,0.20704845814977973,0.20704845814977973,0.7929515418502202,5598921.95,24664.854405286336,277516.38182141085,4114582.25,11.25149077555194,5524719.82,74202.13,74.45500311109667,1,199,199,1.1407035175879396,3,4114996.72,0.013215859030837005,0.7349623296677675,1.0,73,23,58,0,0,1.5,0.0428690640222011,0.6287721477226416,0.6144547188416951,0.08
756,492.19,0,119,177,0.672316384180791,7,1,7,0.9763513513513513,0.40202702702702703,0.40202702702702703,0.597972972972973,2644621.88,8934.533378378379,145017.1666590172,2499174.5,16.2310845477347,2557504.25,87117.63,29.356908010468143,0,199,200,1.48,4,2499174.5,0.013513513513513514,0.9450025801041925,1.0,232,18,75,1,1,0.0,0.1616257304601899,0.3575716764061359,0.686355152758552,0.08
757,544.92,0,48,179,0.2681564245810056,5,1,5,0.9779735682819384,0.21145374449339208,0.21145374449339208,0.788546255506608,4177034.73,18401.03405286344,203267.0043315764,3006575.5,11.046499003676667,4079495.84,97538.89,41.82430044057298,2,199,198,1.1464646464646464,4,3006575.5,0.01762114537444934,0.7197870485505875,1.0,95,6,27,1,1,0.0,0.044712686060276736,0.6218051970734926,0.6101436751029256,0.08
758,409.49,0,41,176,0.23295454545454544,6,1,7,0.967741935483871,0.1889400921658986,0.1889400921658986,0.8110599078341014,5724216.390000001,26378.87737327189,198337.99979866293,2100687.75,7.518818825839296,5652147.91,72068.48000000001,78.42746107591002,5,199,195,1.1128205128205129,2,2101097.23,0.009216589861751152,0.3670541235426636,1.0,70,4,38,0,0,0.8571428571428571,0.035698358427658256,0.6578181740958611,0.6069733784089933,0.18
759,561.8,1,62,181,0.3425414364640884,4,2,6,0.9753086419753086,0.2551440329218107,0.2551440329218107,0.7448559670781894,2052788.9000000001,8447.69094650206,106334.50476990131,1647596.62,12.587404705416134,1951662.36,101126.54,19.29921027655055,0,199,200,1.215,3,1648158.4100000001,0.012345679012345678,0.8028874327993493,1.0,106,11,15,0,0,1.3333333333333333,0.065098477535606,0.5548104116919848,0.6144984967093505,0.08
760,197.89,0,271,220,1.231818181818182,6,11,16,0.9674134419551935,0.4480651731160896,0.5519348268839104,0.4480651731160896,1849375.72,3766.54932790224,60937.32659105329,1310087.0,16.17855529984311,1805842.12,43533.6,41.481571016410314,1,199,199,2.4673366834170856,14,1310679.51,0.028513238289205704,0.7087145655832445,0.0,660,63,47,1,1,3.125,0.3046320531273721,0.20076239935955137,0.7985366127089791,0.2
761,146.05,0,303,220,1.3772727272727272,8,11,18,0.9655831739961759,0.42065009560229444,0.5793499043977055,0.42065009560229444,129245.06,247.12248565965584,214.03743126996193,3474.29,0.8661188021746448,97114.06,32131.000000000004,3.0224412561078084,0,199,200,2.615,14,4271.38,0.02676864244741874,0.03304869060372598,0.0,550,74,36,1,1,3.888888888888889,0.33564631172563053,0.17694650293021946,0.7515941138989642,0.2
762,111.81,0,132,220,0.6,8,11,19,0.9460227272727273,0.375,0.375,0.625,4852142.91,13784.496903409092,190207.775786481,3340767.75,13.798673765122329,4827546.91,24596.0,196.27365872499595,2,198,197,1.7868020304568528,13,3340782.45,0.036931818181818184,0.6885169113866846,0.0,462,80,60,0,0,4.631578947368421,0.140625,0.390625,0.7319598722731038,0.2
763,108.15,0,171,220,0.7772727272727272,9,11,20,0.948849104859335,0.4373401534526854,0.4373401534526854,0.5626598465473146,2165640.12,5538.721534526853,101711.97983634876,2011545.12,18.363800960619614,2141847.12,23793.0,90.020052956752,1,198,198,1.9747474747474747,13,2011545.12,0.03324808184143223,0.9288455184326748,0.0,286,71,60,0,0,4.95,0.19126640982201842,0.3165861029166476,0.7491921848966315,0.2
764,109.87,0,52,220,0.23636363636363636,6,11,17,0.9375,0.19117647058823528,0.19117647058823528,0.8088235294117647,1444891.31,5312.100404411767,72668.92767678408,1195085.5,13.679885948020035,1420719.91,24171.4,58.77689790413463,0,198,199,1.3668341708542713,12,1195085.5,0.04411764705882353,0.827111002557002,0.0,55,97,38,0,0,3.8823529411764706,0.03654844290657439,0.6541955017301039,0.6162603783447193,0.08
765,176.54,0,100,220,0.45454545454545453,8,11,19,0.940625,0.3125,0.3125,0.6875,6632413.28,20726.2915,233071.4697256938,3535268.0,11.245208518161284,6593576.68,38836.6,169.77739245969008,0,198,199,1.6080402010050252,12,3535406.41,0.0375,0.5330497755109735,0.0,66,82,43,0,0,4.631578947368421,0.09765625,0.47265625,0.7041051284862228,0.08
766,141.4,0,40,220,0.18181818181818182,3,11,14,0.9461538461538461,0.15384615384615385,0.15384615384615385,0.8461538461538461,159734.94,614.3651538461538,6462.865649961473,102861.95,10.519583686512062,128629.14,31105.799999999996,4.135214011534827,5,198,194,1.3402061855670102,11,102861.95,0.04230769230769231,0.643953977758404,0.0,11,105,21,0,0,2.357142857142857,0.02366863905325444,0.7159763313609467,0.5593834763459872,0.08
767,191.92,0,117,220,0.5318181818181819,9,11,20,0.9406528189910979,0.34718100890207715,0.34718100890207715,0.6528189910979229,3970611.6500000004,11782.230415430266,104000.95982721706,1395128.62,8.826933115398518,3928391.45,42220.2,93.04530651204874,2,197,196,1.719387755102041,13,1395128.62,0.03857566765578635,0.3513636545140344,0.0,462,85,77,0,0,4.95,0.12053465294226418,0.4261726351381099,0.7141703976849977,0.08
768,144.06,0,111,220,0.5045454545454545,7,11,18,0.945619335347432,0.33534743202416917,0.33534743202416917,0.6646525679758308,5115401.31,15454.3846223565,211177.14013544968,3751971.0,13.664545389271487,5083710.31,31691.000000000004,160.41495408791135,1,198,198,1.6717171717171717,13,3752184.09,0.03927492447129909,0.7335072778483532,0.0,275,137,31,0,0,4.277777777777778,0.11245790016520477,0.4417630361168664,0.7112331970111277,0.08
769,107.71,0,55,220,0.25,8,11,18,0.9345454545454546,0.2,0.2,0.8,4055692.72,14747.973527272725,100532.78477668363,1041348.06,6.816718553960865,4031998.72,23694.0,170.1696091837596,7,199,193,1.4248704663212435,11,1305282.62,0.04,0.32183962398413657,0.0,22,81,37,1,1,3.888888888888889,0.039999999999999994,0.6400000000000001,0.6474145272752223,0.18
770,142.69,0,114,220,0.5181818181818182,6,11,17,0.9491017964071856,0.3413173652694611,0.3413173652694611,0.6586826347305389,53905.26,161.39299401197607,67.31350565622402,361.01,0.41707823854627213,22513.46,31391.8,0.7171764600946744,2,199,198,1.6868686868686869,13,2130.9000000000005,0.038922155688622756,0.03953046511602023,0.0,286,73,44,0,0,3.8823529411764706,0.11649754383448674,0.43386281329556453,0.6198474349360055,0.08
771,175.48,0,331,220,1.5045454545454546,9,11,18,0.9673321234119783,0.3992740471869328,0.6007259528130672,0.3992740471869328,155641.7,282.47132486388386,648.082667959215,14964.22,2.2943308255148036,117038.3,38603.4,3.0318132599719196,1,199,199,2.7688442211055277,14,15447.23,0.025408348457350273,0.09924865893908894,0.0,726,57,51,2,2,3.5,0.3608716703831674,0.15941976475703307,0.7649026074853716,0.2
772,182.93,0,95,200,0.475,6,10,16,0.9457627118644067,0.3220338983050847,0.3220338983050847,0.6779661016949152,920976.41,3121.9539322033897,46232.71762305753,791830.5,14.808904496046724,884392.41,36584.0,24.17429504701509,1,198,198,1.4898989898989898,11,791860.87,0.03728813559322034,0.8598058119642825,0.0,110,80,35,0,0,3.75,0.10370583165756966,0.45963803504740014,0.6497869718454361,0.08
773,103.94,0,298,220,1.3545454545454545,8,11,18,0.9652509652509652,0.4247104247104247,0.5752895752895753,0.4247104247104247,8576341.8,16556.644401544403,265318.45263879234,5384829.5,16.02489285896866,8553475.0,22866.8,374.0564923819686,0,199,200,2.59,14,5386453.600000004,0.02702702702702703,0.6280595766367432,0.0,440,108,40,1,1,3.888888888888889,0.3309580954368599,0.18037894485770933,0.837142231410126,0.2
774,118.04,0,35,200,0.175,5,10,14,0.9404255319148936,0.14893617021276595,0.14893617021276595,0.851063829787234,2190342.0,9320.604255319151,109691.90536642903,1655460.62,11.768754724655244,2166734.0,23608.0,91.77965096577431,2,199,198,1.1868686868686869,11,1655460.62,0.04680851063829787,0.7558000622733801,0.0,40,108,32,1,1,2.5714285714285716,0.02218198279764599,0.724309642372114,0.590391964062417,0.18
775,149.0,0,59,220,0.2681818181818182,5,11,16,0.942652329749104,0.2114695340501792,0.2114695340501792,0.7885304659498208,565751.17,2027.7819713261647,25711.414297049043,417237.12,12.679575349135705,532971.17,32780.0,16.259035082367298,1,197,197,1.416243654822335,12,417237.12,0.043010752688172046,0.7374922795122102,0.0,319,90,46,0,0,3.4375,0.044719363831399905,0.6217802957310414,0.6076745381406757,0.08
776,112.81,0,272,220,1.2363636363636363,7,11,17,0.9654471544715447,0.44715447154471544,0.5528455284552846,0.44715447154471544,490688.1,997.333536585366,15398.272098197967,341999.12,15.439440802239547,465872.1,24816.0,18.773053675048356,0,199,200,2.46,11,342575.38,0.022357723577235773,0.6981530222558893,0.0,253,74,46,1,1,3.5294117647058822,0.30563817833300283,0.19994712142243373,0.7701337258380838,0.2
777,187.11,0,125,200,0.625,7,10,17,0.9476923076923077,0.38461538461538464,0.38461538461538464,0.6153846153846154,304920.63,938.2173230769229,14294.017735826796,258227.37,15.235295047579134,267498.63,37422.0,7.148164983164984,1,199,199,1.6331658291457287,12,260098.47,0.036923076923076927,0.8530038456236956,0.0,310,80,47,0,0,4.117647058823529,0.14792899408284024,0.37869822485207105,0.6578018234124292,0.08
778,193.45,0,117,220,0.5318181818181819,8,11,19,0.9436201780415431,0.34718100890207715,0.34718100890207715,0.6528189910979229,565587.42,1678.3009495548963,22361.373726537622,396231.25,13.323816406388914,523030.62,42556.8,12.29017736295962,1,199,199,1.693467336683417,13,396231.25,0.03857566765578635,0.7005658824589839,0.0,330,26,51,0,0,4.631578947368421,0.12053465294226418,0.4261726351381099,0.670589426710363,0.08
779,131.96,0,65,220,0.29545454545454547,5,11,16,0.9438596491228071,0.22807017543859648,0.22807017543859648,0.7719298245614035,1303117.24,4572.341192982455,54938.21051031251,810375.75,12.01533485616311,1274086.04,29031.2,43.88678525172917,4,199,196,1.4540816326530612,13,811846.56,0.0456140350877193,0.623003468206744,0.0,154,79,46,0,0,3.4375,0.05201600492459219,0.5958756540473992,0.633421099978127,0.08
780,286.97,0,76,20,3.8,4,1,5,0.9479166666666666,0.20833333333333334,0.7916666666666666,0.20833333333333334,11512.41,119.9209375,103.81671108334517,286.97,0.8657096354283018,5773.01,5739.400000000001,1.00585601282364,0,196,197,0.4873096446700508,3,455.38000000000005,0.03125,0.0395555752444536,1.0,24,1,48,0,0,0.8,0.626736111111111,0.04340277777777779,0.36641367300326727,0.08
781,311.41,0,322,27,11.925925925925926,9,1,10,0.9713467048710601,0.07736389684813753,0.9226361031518625,0.07736389684813753,124324.14,356.22962750716334,187.11973047057296,530.4,0.5252784047750498,115916.06999999999,8408.070000000002,13.786287459547788,3,199,197,1.7715736040609138,4,1122.26,0.011461318051575931,0.009026887296385079,1.0,72,19,73,0,0,0.9,0.8512573788392542,0.005985172535529261,0.5946159328505999,0.08
782,257.1,1,436,20,21.8,9,2,10,0.9780701754385965,0.043859649122807015,0.956140350877193,0.043859649122807015,1407062.3,3085.662938596492,50789.02748449362,1081126.75,16.459680948689396,1402173.8800000001,4888.42,286.8358037975461,2,199,198,2.303030303030303,6,1082552.45,0.013157894736842105,0.7693706597071074,0.0,85,2,56,1,1,0.8,0.9142043705755617,0.0019236688211757473,0.6960337254502227,0.08
783,308.22,1,469,20,23.45,10,2,11,0.9775051124744376,0.0408997955010225,0.9591002044989775,0.0408997955010225,223191.45,456.4242331288343,1173.7285696138986,21585.68,2.5715737343038745,217315.31,5876.14,36.98266378949446,0,199,200,2.445,5,22057.38,0.010224948875255624,0.09882717281508767,0.0,93,52,82,1,1,0.8181818181818182,0.9198732022699804,0.0016727932720254609,0.6711099873561046,0.08
784,240.24,1,217,22,9.863636363636363,8,3,10,0.9581589958158996,0.09205020920502092,0.9079497907949791,0.09205020920502092,4911207.17,20548.98397489539,282993.8147371256,4376541.0,13.77166944520751,4906386.61,4820.56,1017.8042820751116,2,199,198,1.207070707070707,3,4376969.3,0.012552301255230125,0.8912206609276472,1.0,56,38,61,1,1,1.4,0.8243728226046463,0.00847324101468812,0.5987938122831149,0.18
785,259.33,1,89,22,4.045454545454546,8,1,9,0.9189189189189189,0.1981981981981982,0.8018018018018018,0.1981981981981982,4623442.0200000005,41652.63081081081,225901.21448484575,1738374.62,5.42345609598839,4617736.98,5705.04,809.4136027091836,1,198,198,0.5606060606060606,3,1738374.62,0.02702702702702703,0.3759914393822116,1.0,29,3,44,0,0,0.8888888888888888,0.6428861293726159,0.03928252576901225,0.5046011157996121,0.18
786,288.36,0,76,24,3.1666666666666665,5,1,6,0.94,0.24,0.76,0.24,685690.06,6856.900600000001,66027.76677784116,663823.68,9.629389520075753,678769.66,6920.400000000001,98.08243165134964,1,197,197,0.5076142131979695,3,663823.68,0.03,0.9681104025337628,2.0,24,1,48,0,0,0.8333333333333334,0.5776,0.0576,0.4619925791491518,0.08
787,320.93,0,126,17,7.411764705882353,7,1,8,0.9440559440559441,0.11888111888111888,0.8811188811188811,0.11888111888111888,179550.93000000002,1255.6009090909095,13029.390047451754,156515.54,10.377015461772324,174095.29,5455.64,31.911066346019897,1,199,199,0.7185929648241206,3,156515.54,0.02097902097902098,0.8717055378103583,1.0,36,1,53,0,0,0.875,0.776370482664189,0.014132720426426717,0.4531175042889275,0.08
788,307.23,0,12,9,1.3333333333333333,4,1,5,0.7619047619047619,0.42857142857142855,0.5714285714285714,0.42857142857142855,9439882.52,449518.2152380952,1271067.6544093015,5817683.5,2.8276221325893505,9437117.45,2765.07,3412.975964442129,6,198,193,0.10880829015544041,2,5817683.5,0.09523809523809523,0.6162877014278776,9.0,1,1,26,0,0,0.8,0.32653061224489793,0.1836734693877551,0.4528954536715092,0.08
789,252.2,0,79,19,4.157894736842105,5,1,6,0.9387755102040817,0.19387755102040816,0.8061224489795918,0.19387755102040816,779567.18,7954.767142857143,77144.30142876807,767737.56,9.697870477332398,774775.5700000001,4791.61,161.69420507929487,4,199,196,0.5,2,767871.88,0.02040816326530612,0.9849977009037245,2.0,12,1,28,0,0,0.8333333333333334,0.6498334027488547,0.03758850478967097,0.4537619275063124,0.08
790,246.36,0,128,24,5.333333333333333,7,1,8,0.9473684210526316,0.15789473684210525,0.8421052631578947,0.15789473684210525,368788.52999999997,2426.2403289473687,24307.99595357214,299426.62,10.018791487205323,362875.89,5912.64,61.372904489365155,1,199,199,0.7638190954773869,3,299426.62,0.019736842105263157,0.8119195572595493,1.0,21,1,98,0,0,0.875,0.709141274238227,0.024930747922437678,0.484407469262886,0.08
791,223.75,0,84,17,4.9411764705882355,5,1,6,0.9405940594059405,0.16831683168316833,0.8316831683168316,0.16831683168316833,26411.2,261.4970297029703,484.909369301854,4953.49,1.854358995406769,22607.45,3803.75,5.943463687150838,7,198,192,0.5260416666666666,3,4953.49,0.0297029702970297,0.18755262918761736,1.0,13,7,98,0,0,0.8333333333333334,0.6916968924615233,0.02833055582786002,0.38410290963310734,0.08
792,356.7,0,100,18,5.555555555555555,6,1,7,0.940677966101695,0.15254237288135594,0.847457627118644,0.15254237288135594,159714.44999999998,1353.5122881355935,11972.159801172222,130817.79,8.845253867375945,153293.85,6420.599999999999,23.87531539108495,2,195,194,0.6082474226804123,3,130928.34,0.025423728813559324,0.8197651496154544,1.0,30,15,39,0,0,0.8571428571428571,0.7181844297615627,0.02326917552427464,0.4355615085543942,0.08
793,219.78,1,130,19,6.842105263157895,9,2,11,0.9261744966442953,0.12751677852348994,0.87248322147651,0.12751677852348994,8499938.48,57046.56697986578,483576.12905932934,5617674.5,8.476866438430983,8495972.23,3966.25,2142.066745666562,0,199,200,0.745,3,5617674.5,0.020134228187919462,0.6609076657693644,1.0,20,14,84,0,0,1.6363636363636365,0.7612269717580289,0.01626052880500879,0.5398845201533422,0.18
794,346.58,0,260,30,8.666666666666666,8,1,9,0.9689655172413794,0.10344827586206896,0.896551724137931,0.10344827586206896,3003764.06,10357.807103448278,107979.00689899329,1361237.12,10.424890695545525,2993366.96,10397.1,287.90402708447544,3,199,197,1.4720812182741116,3,1361960.1700000002,0.010344827586206896,0.4534178260325813,1.0,59,4,55,0,0,0.8888888888888888,0.8038049940546969,0.010701545778834719,0.6282274054249105,0.18
795,249.75,0,106,18,5.888888888888889,7,1,8,0.935483870967742,0.14516129032258066,0.8548387096774194,0.14516129032258066,51809.01,417.8145967741937,1977.5583874779816,18770.51,4.733100285978629,47313.51,4495.5,10.524637971304639,0,199,200,0.62,4,19304.149999999998,0.03225806451612903,0.3726021786557975,1.0,16,1,77,0,0,0.875,0.7307492195629552,0.021071800208116543,0.41312992886894595,0.08
796,256.91,0,60,23,2.608695652173913,4,1,5,0.9397590361445783,0.27710843373493976,0.7228915662650602,0.27710843373493976,30574.56,368.36819277108435,2294.9092514673052,21130.96,6.22993324750336,24665.629999999997,5908.93,4.174297207785504,2,194,193,0.43005181347150256,2,21387.87,0.024096385542168676,0.6995315713455892,2.0,14,2,30,0,0,0.8,0.522572216577152,0.0767890840470315,0.38749720047483377,0.08
797,347.22,0,343,16,21.4375,10,1,11,0.9693593314763231,0.04456824512534819,0.9554317548746518,0.04456824512534819,2887213.77,8042.378189415043,131515.07342590933,2480283.75,16.352759137714088,2881658.25,5555.52,518.70180469155,1,199,199,1.8040201005025125,4,2480962.75,0.011142061281337047,0.8592930581652082,1.0,51,31,50,0,0,0.9090909090909091,0.9128498382228567,0.0019863284735531224,0.6571336781613154,0.18
798,331.92,0,100,16,6.25,8,1,9,0.9224137931034483,0.13793103448275862,0.8620689655172413,0.13793103448275862,1325637.07,11427.90577586207,95609.1892687357,1021089.0,8.36629135240865,1320326.35,5310.72,248.61531958001927,4,199,196,0.5918367346938775,3,1021119.33,0.02586206896551724,0.7702857389164591,1.0,21,9,47,0,0,0.8888888888888888,0.7431629013079666,0.019024970273483956,0.47316028662834947,0.08
799,348.38,0,156,26,6.0,8,1,9,0.9505494505494505,0.14285714285714285,0.8571428571428571,0.14285714285714285,31636.48,173.82681318681315,83.20438457750377,348.38,0.47866254378191536,22578.600000000002,9057.88,2.4927024866745864,0,196,197,0.9238578680203046,3,542.77,0.016483516483516484,0.017156459884285484,1.0,16,15,58,0,0,0.8888888888888888,0.7346938775510204,0.020408163265306128,0.45906443740868563,0.08
800,151.53,0,97,168,0.5773809523809523,6,12,18,0.9320754716981132,0.3660377358490566,0.3660377358490566,0.6339622641509434,61051.12,230.38158490566036,2898.0453754647424,47307.8,12.579327365299061,58930.96000000001,2120.16,27.79552486604785,2,198,197,1.3451776649746192,12,47307.8,0.045283018867924525,0.7748883230971029,0.0,12,73,48,0,0,4.0,0.13398362406550374,0.4019081523673906,0.5825693743191016,0.08
801,185.91,1,90,352,0.2556818181818182,6,13,19,0.9570135746606335,0.20361990950226244,0.20361990950226244,0.7963800904977375,246288.51,557.2138235294117,11126.831743511533,234219.62,19.96869293915538,241265.26,5023.25,48.02971383068731,0,196,197,2.2436548223350252,14,234219.62,0.03167420814479638,0.9509969425695092,0.0,143,122,50,0,0,4.105263157894737,0.04146106754570956,0.6342212485411847,0.6858588108633511,0.08
802,112.18,0,29,264,0.10984848484848485,5,12,17,0.9419795221843004,0.09897610921501707,0.09897610921501707,0.9010238907849829,5367096.62,18317.735904436864,172297.9457196306,2360521.25,9.406072159709277,5364630.86,2465.7599999999998,2175.6500470443193,5,195,191,1.5340314136125655,14,2360521.25,0.04778156996587031,0.43981344423793883,0.0,36,85,28,0,0,3.5294117647058822,0.00979627019534299,0.8118440517653088,0.6475263995725395,0.18
803,164.52,0,106,168,0.6309523809523809,6,12,18,0.9343065693430657,0.38686131386861317,0.38686131386861317,0.6131386861313869,1288985.78,4704.327664233577,59113.86946285785,913752.12,12.56584865724667,1286682.5,2303.28,558.6305182174984,0,197,198,1.3838383838383839,13,913752.12,0.04744525547445255,0.7088923199757875,0.0,72,108,40,0,0,4.0,0.1496616761681496,0.3759390484309233,0.6553869518619849,0.08
804,111.82,0,74,220,0.33636363636363636,5,11,16,0.9455782312925171,0.25170068027210885,0.25170068027210885,0.7482993197278912,60576.619999999995,206.04292517006806,2859.041903490974,49135.27,13.875952795424146,58341.42,2235.2,26.10120794559771,2,199,198,1.4848484848484849,12,49135.27,0.04081632653061224,0.8111259756651988,0.0,110,70,49,0,0,3.4375,0.06335323244944235,0.5599518719052247,0.5785964709213252,0.08
805,173.73,0,105,220,0.4772727272727273,6,10,16,0.9507692307692308,0.3230769230769231,0.3230769230769231,0.676923076923077,2191451.56,6742.92787692308,116339.66258416347,2099443.75,17.253582524932977,2187630.16,3821.4,572.4682472392317,2,199,198,1.6414141414141414,11,2099564.45,0.033846153846153845,0.9580702071279185,0.0,200,57,28,0,0,3.75,0.10437869822485206,0.458224852071006,0.6874370476036437,0.08
806,135.89,0,79,192,0.4114583333333333,6,12,18,0.933579335793358,0.2915129151291513,0.2915129151291513,0.7084870848708487,2291701.4,8456.462730627307,84816.2911504648,1241275.25,10.029759942449726,2289527.96,2173.44,1053.4120840694934,6,197,192,1.4114583333333333,14,1241285.47,0.05166051660516605,0.541643632106696,0.0,108,100,37,0,0,4.0,0.08497977968709577,0.5019539494287931,0.6520488469678577,0.08
807,167.49,0,136,156,0.8717948717948718,8,12,19,0.934931506849315,0.4657534246575342,0.4657534246575342,0.5342465753424658,4312601.99,14769.184897260271,251320.22714725204,4301971.0,17.016526564974665,4310425.79,2176.2,1980.7121542137672,2,199,198,1.4747474747474747,15,4301971.0,0.05136986301369863,0.9975349011977801,0.0,432,85,68,1,1,4.052631578947368,0.2169262525802214,0.28541940326515297,0.7085461147570227,0.08
808,170.35,0,683,228,2.995614035087719,14,12,23,0.9747530186608123,0.2502744237102086,0.7497255762897914,0.2502744237102086,4911184.78,5390.982195389681,78353.20938082782,1775792.5,14.534125051986774,4907949.46,3235.3199999999997,1516.990424440241,0,199,200,4.555,17,1776836.3499999999,0.018660812294182216,0.3617938297161769,0.0,1596,55,80,3,3,4.304347826086956,0.5620884397430599,0.06263728716347701,0.8196582732954721,0.2
809,166.06,0,681,156,4.365384615384615,12,12,20,0.97610513739546,0.1863799283154122,0.8136200716845878,0.1863799283154122,1747618.68,2087.9554121863803,33746.35231491677,779302.5,16.162391264658105,1745461.2,2157.48,809.0277546025919,0,199,200,4.185,17,780779.82,0.02031063321385902,0.4467678383936706,0.0,1140,89,77,4,4,3.2,0.6619776210480338,0.03473747767885818,0.7854454106979475,0.18
810,122.16,0,239,240,0.9958333333333333,5,12,16,0.9665970772442589,0.4989561586638831,0.4989561586638831,0.5010438413361169,2205532.05,4604.451043841336,79623.11486538275,1714942.75,17.292640123057083,2203088.85,2443.2,901.7226792730846,0,199,200,2.395,16,1715484.05,0.033402922755741124,0.7778096219458702,0.0,564,66,44,1,1,2.75,0.2489572482686181,0.2510449309408519,0.8054233656971452,0.2
811,183.18,1,80,338,0.23668639053254437,7,15,21,0.9497607655502392,0.19138755980861244,0.19138755980861244,0.8086124401913876,685381.13,1639.6677751196173,19538.521472101693,338187.0,11.916146531986527,680966.82,4414.31,154.2634794565855,3,199,197,2.1218274111675126,15,338187.0,0.03588516746411483,0.49342910856037137,0.0,183,143,86,1,1,4.0,0.0366291980494952,0.6538540784322703,0.6920327650266946,0.08
812,124.01,0,148,312,0.47435897435897434,8,13,21,0.9543478260869566,0.3217391304347826,0.3217391304347826,0.6782608695652174,388804.67000000004,845.2275434782612,17317.174811731395,371833.21,20.488180899155452,385831.31,2973.3599999999997,129.76272970646005,1,199,199,2.3115577889447234,16,371859.35000000003,0.034782608695652174,0.9564168815153378,0.0,429,72,65,0,0,4.9523809523809526,0.10351606805293005,0.4600378071833649,0.7257784313252467,0.2
813,151.82,1,141,407,0.3464373464373464,8,14,22,0.9598540145985401,0.2572992700729927,0.2572992700729927,0.7427007299270073,1634332.53,2982.358631386862,60737.58303312445,1409171.75,20.36562014839917,1629927.77,4404.76,370.0378159082447,0,198,199,2.7537688442211055,17,1409190.58,0.03102189781021898,0.8622422635129218,0.0,659,86,52,0,0,5.090909090909091,0.06620291438009483,0.5516043742341095,0.7839653981024064,0.2
814,167.46,1,138,274,0.5036496350364964,8,13,21,0.9490291262135923,0.33495145631067963,0.33495145631067963,0.6650485436893204,1722232.49,4180.17594660194,70570.14021555938,1409062.75,16.882098054491166,1718712.59,3519.9,488.284493877667,1,199,199,2.07035175879397,15,1409230.2200000002,0.03640776699029126,0.8182578299867054,0.0,495,76,45,0,0,4.9523809523809526,0.11219247808464511,0.44228956546328585,0.7343822313962615,0.2
815,123.36,1,63,225,0.28,6,14,19,0.9340277777777778,0.21875,0.21875,0.78125,989382.89,3435.3572569444445,29806.058984423948,371844.21,8.67626181357765,987405.4600000001,1977.43,499.3377565830396,2,197,196,1.469387755102041,15,371844.21,0.052083333333333336,0.3758344860805103,0.0,170,75,43,1,1,3.4210526315789473,0.0478515625,0.6103515625,0.6278916163626214,0.08
816,162.85,0,101,182,0.554945054945055,7,13,20,0.9293286219081272,0.3568904593639576,0.3568904593639576,0.6431095406360424,4774268.56,16870.20692579505,254546.31641256207,4270699.0,15.088511808551273,4771989.92,2278.64,2094.227223255977,3,199,197,1.4365482233502538,14,4270699.0,0.04946996466431095,0.8945242493857531,0.0,273,74,57,0,0,4.55,0.12737079998501666,0.4135898812571015,0.6837589241216858,0.08
817,128.68,0,138,221,0.6244343891402715,7,13,20,0.9442896935933147,0.38440111420612816,0.38440111420612816,0.6155988857938719,21225.93,59.12515320334262,70.09013202802754,184.39,1.1854537067662942,19040.239999999998,2185.69,8.71131770745165,0,199,200,1.795,15,306.14999999999986,0.04178272980501393,0.01442339628934986,0.0,416,78,67,0,0,4.55,0.14776421660291275,0.3789619881906565,0.6221282352128921,0.2
818,117.14,0,103,260,0.39615384615384613,6,13,19,0.9476584022038568,0.2837465564738292,0.2837465564738292,0.7162534435261708,5757249.78,15860.192231404959,301028.21537472174,5743312.5,18.980111399826043,5754907.18,2342.6,2456.632451122684,1,196,196,1.8520408163265305,16,5743312.5,0.0440771349862259,0.9975791774662242,0.0,390,89,69,0,0,4.105263157894737,0.08051210831075593,0.5130189953630976,0.7248797343592617,0.2
819,180.97,1,372,182,2.043956043956044,10,15,24,0.9566787003610109,0.3285198555956679,0.6714801444043321,0.3285198555956679,123975.46,223.78241877256318,216.45267413121482,511.67,0.9672461103890481,121796.82,2178.64,55.904977417104256,0,199,200,2.77,17,1065.42,0.030685920577617327,0.008593797514443585,0.0,594,171,73,1,1,5.25,0.45088558432926273,0.10792529552059847,0.7461341068028386,0.2
820,310.62,0,90,13,6.923076923076923,6,13,19,0.8155339805825242,0.1262135922330097,0.8737864077669902,0.1262135922330097,14499700.870000001,140773.79485436893,615325.7007378024,4509290.0,4.371024460726937,4516695.45,9983005.42,0.4524384451350924,1,194,194,0.5309278350515464,3,4509290.0,0.02912621359223301,0.31099193289771637,1.0,21,54,36,0,0,4.105263157894737,0.7635026863983411,0.015929870864360457,0.507589649439958,0.18
821,265.58,0,82,20,4.1,8,13,21,0.7941176470588236,0.19607843137254902,0.803921568627451,0.19607843137254902,15439771.32,151370.30705882353,660310.0667627716,5498255.0,4.362216603723811,6426416.03,9013355.29,0.7129882073027658,0,197,198,0.5151515151515151,2,5498255.0,0.0196078431372549,0.35610987274648315,2.0,18,76,50,0,0,4.9523809523809526,0.6462898885044214,0.038446751249519406,0.5194535557234868,0.18
822,317.09,0,123,15,8.2,7,13,20,0.855072463768116,0.10869565217391304,0.8913043478260869,0.10869565217391304,29969573.82,217170.8247826087,1097410.3648163015,7870902.0,5.053212676771044,189157.45,29780416.37,0.006351739601282143,0,199,200,0.69,4,7871010.98,0.028985507246376812,0.26263339703373867,1.0,23,93,72,0,0,4.55,0.7944234404536862,0.01181474480151229,0.5445883220417331,0.18
823,205.06,1,125,30,4.166666666666667,8,14,22,0.8580645161290322,0.1935483870967742,0.8064516129032258,0.1935483870967742,5150175.2700000005,33226.937225806454,114933.48709320159,644920.12,3.4590454820474963,760225.83,4389949.44,0.17317416530428192,0,199,200,0.775,3,645058.53,0.01935483870967742,0.12524982086677605,1.0,26,102,47,0,0,5.090909090909091,0.6503642039542142,0.03746097814776275,0.5483125396448053,0.18
824,225.96,0,157,19,8.263157894736842,10,13,23,0.8693181818181819,0.10795454545454546,0.8920454545454546,0.10795454545454546,13438330.86,76354.15261363637,338038.83302354213,2499578.5,4.427248832608622,1966693.4400000002,11471637.42,0.17143964440256865,1,196,196,0.8979591836734694,4,2499904.9099999997,0.022727272727272728,0.18602793278748012,1.0,34,88,105,0,0,5.6521739130434785,0.7957450929752067,0.011654183884297516,0.5731522038714394,0.18
825,279.12,0,141,11,12.818181818181818,7,11,18,0.881578947368421,0.07236842105263158,0.9276315789473685,0.07236842105263158,8744889.29,57532.16638157895,362363.25969304534,3266466.75,6.298446286372927,15105.78,8729783.51,0.0017303728073779004,3,199,197,0.7715736040609137,3,3266466.75,0.019736842105263157,0.3735286567590155,1.0,7,55,36,0,0,4.277777777777778,0.8605003462603878,0.005237188365650966,0.5344227329449006,0.18
826,395.15,0,77,21,3.6666666666666665,6,13,18,0.8163265306122449,0.21428571428571427,0.7857142857142857,0.21428571428571427,31194062.03,318306.75540816324,1129904.2596446015,7860988.0,3.549733835198473,12185193.23,19008868.8,0.6410267416859651,4,197,194,0.5051546391752577,3,7860988.0,0.030612244897959183,0.2520027046314109,1.0,12,105,45,1,1,3.3333333333333335,0.6173469387755102,0.04591836734693878,0.5275501840817752,0.08
827,302.09,0,142,21,6.761904761904762,8,13,21,0.8711656441717791,0.12883435582822086,0.8711656441717791,0.12883435582822086,9201956.64,56453.721717791406,304565.03821730934,2878580.0,5.3949505710148,1305650.14,7896306.5,0.16534947573273656,1,199,199,0.8190954773869347,3,2878580.0,0.018404907975460124,0.3128225998682819,1.0,47,52,55,0,0,4.9523809523809526,0.7589295795852309,0.01659829124167263,0.5554925515905947,0.18
828,215.29,0,59,25,2.36,7,13,18,0.7857142857142857,0.2976190476190476,0.7023809523809523,0.2976190476190476,17340016.75,206428.77083333334,619346.6318622555,4131146.5,3.000292204240775,3993398.93,13346617.82,0.29920680908506003,1,198,198,0.42424242424242425,3,4131146.5,0.03571428571428571,0.2382435126540463,3.0,12,111,40,2,2,3.0555555555555554,0.4933390022675736,0.08857709750566894,0.5217872552817787,0.08
829,353.01,0,99,14,7.071428571428571,7,13,20,0.8230088495575221,0.12389380530973451,0.8761061946902655,0.12389380530973451,16075931.83,142264.88345132745,550367.2487000072,3776996.25,3.8686092825451355,4799880.63,11276051.2,0.42567034725773506,0,196,197,0.5736040609137056,3,3777004.37,0.02654867256637168,0.23494777223125363,1.0,21,95,74,0,0,4.55,0.7675620643746575,0.015349674994126396,0.5183232807583882,0.18
830,356.29,0,67,18,3.7222222222222223,6,13,19,0.7764705882352941,0.21176470588235294,0.788235294117647,0.21176470588235294,18962078.7,223083.2788235294,779654.3221238034,4703796.5,3.4949025594184087,3783412.37,15178666.33,0.24925855063578567,6,198,193,0.44041450777202074,3,4703796.5,0.03529411764705882,0.24806333600967495,1.0,14,86,26,0,0,4.105263157894737,0.6213148788927335,0.04484429065743945,0.5101906975993141,0.08
831,354.96,0,23,20,1.15,3,13,16,0.627906976744186,0.46511627906976744,0.5348837209302325,0.46511627906976744,7034631.54,163596.0823255814,361053.35745538113,1678715.87,2.206980462630085,349679.87,6684951.67,0.05230851130446542,3,193,191,0.225130890052356,2,1678715.87,0.046511627906976744,0.23863593429941038,2.0,10,88,28,0,0,2.4375,0.2861005949161709,0.2163331530557058,0.48696589443184035,0.08
832,313.9,0,104,13,8.0,7,13,19,0.8376068376068376,0.1111111111111111,0.8888888888888888,0.1111111111111111,5948676.680000001,50843.39042735043,238126.2049047105,2018802.0,4.683523323350484,1056152.56,4892524.12,0.21587069048522137,1,195,195,0.6,4,2019031.15,0.03418803418803419,0.33940845310826334,1.0,26,110,53,1,1,3.789473684210526,0.7901234567901234,0.012345679012345684,0.5006237050594808,0.18
833,339.14,0,118,21,5.619047619047619,6,13,18,0.8705035971223022,0.1510791366906475,0.8489208633093526,0.1510791366906475,11011370.63,79218.49374100719,300521.40366375487,2343928.25,3.79357634148238,10322.119999999999,11001048.51,0.0009382851089709448,2,199,198,0.702020202020202,3,2343928.25,0.02158273381294964,0.21286434983979827,1.0,34,120,56,1,1,3.3333333333333335,0.7206666321618964,0.02282490554319134,0.5417520159237064,0.18
834,242.69,0,97,23,4.217391304347826,6,13,19,0.8416666666666667,0.19166666666666668,0.8083333333333333,0.19166666666666668,10209338.37,85077.81975,491414.1689756054,3930334.75,5.776055033140473,139029.46,10070308.91,0.013805878373993196,3,199,197,0.6091370558375635,3,3930334.75,0.025,0.3849744819457875,1.0,16,112,34,0,0,4.105263157894737,0.6534027777777778,0.03673611111111111,0.5298151365180429,0.18
835,346.51,0,111,19,5.842105263157895,7,13,20,0.8461538461538461,0.14615384615384616,0.8538461538461538,0.14615384615384616,11774624.11,90574.03161538462,419107.9301132075,4046261.5,4.627241634698517,4291425.82,7483198.29,0.5734748236906603,1,199,199,0.6532663316582915,3,4046261.5,0.023076923076923078,0.34364251989696853,1.0,10,101,38,0,0,4.55,0.7290532544378697,0.021360946745562135,0.5325836414752997,0.18
836,363.23,0,147,17,8.647058823529411,8,13,21,0.8719512195121951,0.10365853658536585,0.8963414634146342,0.10365853658536585,21060746.23,128419.18432926829,553305.2916875373,5037828.5,4.308587494753557,1081100.55,19979645.68,0.05411009621067515,0,199,200,0.82,3,5037838.03,0.018292682926829267,0.2392051057917334,1.0,22,123,66,0,0,4.9523809523809526,0.8034280190362879,0.010745092207019628,0.56779706561721,0.18
837,351.99,0,82,20,4.1,6,13,19,0.8137254901960784,0.19607843137254902,0.803921568627451,0.19607843137254902,26626364.62,261042.79039215684,809035.5936694675,4931999.5,3.0992451178371074,3500454.44,23125910.18,0.15136504521354152,1,197,197,0.5177664974619289,2,4931999.5,0.0196078431372549,0.1852299241893278,2.0,16,106,37,0,0,4.105263157894737,0.6462898885044214,0.038446751249519406,0.5266573649284345,0.18
838,270.69,0,106,17,6.235294117647059,10,13,23,0.8130081300813008,0.13821138211382114,0.8617886178861789,0.13821138211382114,13790224.27,112115.64447154473,564675.7819896775,5744040.0,5.03654761698305,9226149.36,4564074.91,2.0214719394252887,2,198,197,0.6243654822335025,2,5744232.44,0.016260162601626018,0.4165438014301417,1.0,18,74,62,0,0,5.6521739130434785,0.7426796219181705,0.019102386145812673,0.5284636679129959,0.18
839,318.21,0,95,19,5.0,7,14,21,0.8157894736842105,0.16666666666666666,0.8333333333333334,0.16666666666666666,23277522.23,204188.79149122807,654827.6835270737,3968678.25,3.2069717379918234,8652164.4,14625357.83,0.5915865102631818,0,196,197,0.5786802030456852,3,3968678.25,0.02631578947368421,0.17049401610645568,2.0,20,123,62,0,0,4.666666666666667,0.6944444444444445,0.02777777777777777,0.5337369552108773,0.18
840,525.8,0,163,180,0.9055555555555556,9,1,10,0.9708454810495627,0.4752186588921283,0.4752186588921283,0.5247813411078717,142299.32,414.8668221574344,1310.4410751055239,24355.04,3.158702998448585,47657.12,94642.2,0.5035504246520052,0,199,200,1.715,4,24895.95,0.011661807580174927,0.17495480653034742,1.0,284,1,61,0,0,0.9,0.225832773759233,0.27539545597497633,0.6701946905283314,0.08
841,580.16,0,209,180,1.1611111111111112,11,1,11,0.9717223650385605,0.46272493573264784,0.5372750642673522,0.46272493573264784,8948535.22,23003.94658097686,258708.34652532244,4386170.5,11.246259228373518,8844108.22,104427.0,84.69177722236587,0,199,200,1.945,5,4386756.49,0.012853470437017995,0.49022062071070444,1.0,383,19,83,1,1,0.0,0.28866449468348737,0.21411436614878307,0.7803895332660737,0.2
842,421.6,1,193,180,1.0722222222222222,14,1,14,0.9624664879356568,0.48257372654155495,0.517426273458445,0.48257372654155495,300535.77,805.7259249329759,6756.731416180342,93655.05,8.385893027759284,224647.77000000002,75888.0,2.960254190385832,1,199,199,1.8743718592964824,5,94085.46,0.013404825737265416,0.31305910773948803,0.0,374,6,89,1,1,0.0,0.26772994846509357,0.23287740154820347,0.7059646481168325,0.2
843,566.79,0,121,179,0.6759776536312849,11,1,11,0.9633333333333334,0.4033333333333333,0.4033333333333333,0.5966666666666667,6918110.28,23060.3676,148768.56908888227,1711549.62,6.451266157998377,6816656.66,101453.62,67.18988105106551,0,199,200,1.5,4,1712116.4000000001,0.013333333333333334,0.24748324769405095,1.0,226,2,69,1,1,0.0,0.16267777777777775,0.3560111111111111,0.7092099967450863,0.08
844,505.29,1,42,177,0.23728813559322035,2,2,4,0.9817351598173516,0.1917808219178082,0.1917808219178082,0.8082191780821918,92874.16,424.08292237442924,167.30651987134192,505.29,0.3945136930640759,3939.8799999999997,88934.28,0.04430102768021509,1,199,199,1.100502512562814,3,699.6600000000001,0.0136986301369863,0.007533419413968321,1.0,76,3,25,0,0,1.0,0.036779883655470066,0.6532182398198536,0.5201251365436323,0.08
845,471.72,0,72,178,0.4044943820224719,6,1,7,0.972,0.288,0.288,0.712,2226194.99,8904.77996,75587.01661158197,821623.31,8.488364333663105,2142228.83,83966.16,25.513002261863587,3,199,197,1.2690355329949239,3,822095.03,0.012,0.36928258022896726,1.0,142,1,52,0,0,0.8571428571428571,0.082944,0.506944,0.6306914317717752,0.08
846,491.12,0,127,180,0.7055555555555556,8,1,8,0.9739413680781759,0.41368078175895767,0.41368078175895767,0.5863192182410424,1808770.03,5891.759055374594,90936.1848905617,1592165.12,15.434471103771237,1720370.2300000002,88399.8,19.46124572680029,0,199,200,1.535,5,1592679.0300000003,0.016286644951140065,0.880531523402121,1.0,229,11,80,1,1,0.0,0.17113178919670236,0.34377022567878707,0.6880312197046655,0.08
847,402.53,0,77,180,0.42777777777777776,5,1,5,0.980544747081712,0.29961089494163423,0.29961089494163423,0.7003891050583657,494445.56,1923.9126848249027,26216.211663396007,421373.43,13.626508037594217,421991.96,72453.59999999999,5.824306314662074,0,199,200,1.285,3,421782.64,0.011673151750972763,0.8530416169577901,1.0,132,16,57,1,1,0.0,0.089766688367727,0.4905448984844584,0.6041114904170555,0.08
848,444.01,0,82,180,0.45555555555555555,4,1,5,0.9809160305343512,0.31297709923664124,0.31297709923664124,0.6870229007633588,87453.26,333.7910687022901,168.5145610160451,444.01,0.5048504193692015,7531.46,79921.8,0.09423536506935529,0,199,200,1.31,3,638.6,0.011450381679389313,0.0073021863335912245,1.0,158,1,38,0,0,0.8,0.09795466464658237,0.4720004661733,0.5744338560057545,0.08
849,530.55,0,104,180,0.5777777777777777,8,1,9,0.9683098591549296,0.36619718309859156,0.36619718309859156,0.6338028169014085,2090603.11,7361.278556338029,70124.22196253843,1051125.87,9.526092706023435,1995105.9100000001,95497.2,20.891773894941423,0,199,200,1.42,4,1051656.4100000001,0.014084507042253521,0.5030397233074049,1.0,206,1,45,0,0,0.8888888888888888,0.13410037690934337,0.40170601071216033,0.6662452684642902,0.08
850,532.17,0,153,176,0.8693181818181818,11,1,11,0.9665653495440729,0.46504559270516715,0.46504559270516715,0.5349544072948328,6406411.87,19472.376504559266,180328.176586526,2794239.75,9.260717434479758,6312751.71,93660.15999999999,67.40060779311077,1,199,199,1.6532663316582914,4,2794927.73,0.0121580547112462,0.4362703782889938,1.0,269,16,67,1,1,0.0,0.21626740329450025,0.2861762178841659,0.7395583604047932,0.08
851,498.94,0,276,176,1.5681818181818181,7,1,8,0.9823008849557522,0.3893805309734513,0.6106194690265486,0.3893805309734513,241102.58,533.4127876106195,1665.0389754446444,35707.1,3.1214830504965114,153289.13999999998,87813.44,1.7456227657178671,0,199,200,2.26,4,36789.42,0.008849557522123894,0.15258824687815453,0.0,483,1,77,0,0,0.875,0.37285613595426426,0.1516171979011669,0.7242252341252413,0.2
852,590.67,0,74,180,0.4111111111111111,7,1,7,0.9724409448818898,0.29133858267716534,0.29133858267716534,0.7086614173228346,1004297.3200000001,3953.9264566929137,40722.45735990003,613703.31,10.299245017814652,897978.52,106318.79999999999,8.446093447254862,0,199,200,1.27,3,614402.9500000001,0.011811023622047244,0.6117739615196822,1.0,122,21,38,1,1,0.0,0.08487816975633952,0.5022010044020089,0.6149868011690758,0.08
853,496.18,0,106,176,0.6022727272727273,7,1,8,0.9716312056737588,0.375886524822695,0.375886524822695,0.624113475177305,291534.37,1033.8098226950353,8426.682092421037,122953.26,8.151095015187172,204208.45,87325.92,2.33846319626521,1,199,199,1.4170854271356783,4,123449.43,0.014184397163120567,0.42344725940889916,1.0,165,1,43,0,0,0.875,0.14129067954328253,0.38951762989789246,0.6269195096736797,0.08
854,462.79,0,145,180,0.8055555555555556,11,1,12,0.963076923076923,0.4461538461538462,0.4461538461538462,0.5538461538461539,15442248.790000001,47514.611661538445,475795.7821580575,7597657.5,10.013672963325488,15358946.59,83302.2,184.37624204402766,0,199,200,1.625,4,7598434.15,0.012307692307692308,0.49205489778927464,1.0,259,1,70,0,0,0.9166666666666666,0.1990532544378698,0.30674556213017756,0.7505026121619238,0.08
855,569.56,0,62,180,0.34444444444444444,4,1,5,0.9793388429752066,0.256198347107438,0.256198347107438,0.743801652892562,146304.32,604.5633057851242,2602.5399860582447,40851.47,4.304826245910545,43785.32,102518.99999999999,0.42709468488767943,0,199,200,1.21,3,41428.4,0.012396694214876033,0.2831659379572661,1.0,91,1,39,0,0,0.8,0.0656375930605833,0.5532408988457073,0.5591746446758834,0.08
856,451.83,0,168,176,0.9545454545454546,11,1,11,0.9680232558139534,0.4883720930232558,0.4883720930232558,0.5116279069767442,9912492.67,28815.385668604657,393474.63053975475,7135514.5,13.655018713438869,9832972.35,79520.31999999999,123.653581248164,0,199,200,1.72,4,7135692.08,0.011627906976744186,0.71986858578933,1.0,249,5,72,1,1,0.0,0.23850730124391561,0.26176311519740403,0.761460949862561,0.08
857,520.86,0,26,178,0.14606741573033707,6,1,7,0.9656862745098039,0.12745098039215685,0.12745098039215685,0.8725490196078431,1187414.43,5820.658970588233,37496.0263379527,359184.21,6.4418868254299,1094703.1300000001,92711.3,11.807655916808416,3,199,197,1.0355329949238579,2,359184.21,0.00980392156862745,0.30249271099055114,1.0,50,1,37,0,0,0.8571428571428571,0.01624375240292195,0.7613417916186083,0.5497710507541341,0.08
858,540.68,0,75,180,0.4166666666666667,7,1,8,0.9686274509803922,0.29411764705882354,0.29411764705882354,0.7058823529411765,2590562.85,10159.069999999996,86722.9478943107,1101365.5,8.536504610590411,2493242.25,97320.59999999999,25.61885407611544,0,198,199,1.2814070351758795,4,1101906.17,0.01568627450980392,0.4253539612057665,1.0,150,2,44,0,0,0.875,0.08650519031141868,0.4982698961937716,0.636850515653254,0.08
859,564.34,0,159,180,0.8833333333333333,10,1,11,0.967551622418879,0.4690265486725664,0.4690265486725664,0.5309734513274337,2949380.56,8700.237640117994,102600.43337087028,1704515.62,11.792831140354782,2847799.3600000003,101581.20000000001,28.03470878469638,0,199,200,1.695,5,1705079.9600000002,0.014749262536873156,0.5781145990872063,1.0,262,1,58,0,0,0.9090909090909091,0.21998590335969925,0.2819328060145665,0.7294043153099823,0.08
860,178.54,0,83,300,0.27666666666666667,8,15,23,0.9399477806788512,0.21671018276762402,0.21671018276762402,0.783289817232376,2106438.32,5499.838955613578,74727.43652404431,1354013.0,13.58720448491887,2052879.32,53559.0,38.329306372411736,1,199,199,1.9246231155778895,16,1354013.0,0.04177545691906005,0.6427973642256946,0.0,120,121,52,0,0,5.217391304347826,0.046963303315177,0.613542937779929,0.6988934340689248,0.08
861,138.41,0,292,300,0.9733333333333334,7,15,21,0.964527027027027,0.49324324324324326,0.49324324324324326,0.5067567567567568,159487.24000000002,269.4041216216216,210.09391518366598,583.7,0.77984669989104,117964.24,41523.0,2.8409373118512633,0,199,200,2.96,17,2762.040000000001,0.028716216216216218,0.017318250663814864,0.0,1200,137,69,1,1,4.0,0.24328889700511322,0.2568024105186268,0.7971561062256126,0.2
862,105.92,0,101,300,0.33666666666666667,7,15,22,0.9451371571072319,0.2518703241895262,0.2518703241895262,0.7481296758104738,7663714.54,19111.507581047386,218191.36771566703,3693601.75,11.41675332468509,7631941.54,31773.0,240.2021068202562,0,197,198,2.025252525252525,16,3693702.63,0.0399002493765586,0.48197288804548816,0.0,555,116,32,0,0,4.7727272727272725,0.06343866020733702,0.5596980118282847,0.7438597861583485,0.2
863,103.83,0,257,300,0.8566666666666667,7,15,21,0.9622980251346499,0.4614003590664273,0.4614003590664273,0.5385996409335727,4033029.3,7240.62710951526,152181.72714401374,3583603.0,21.017755070417085,4001880.3,31149.0,128.47540209958586,0,199,200,2.785,17,3583603.0,0.03052064631956912,0.8885635916406559,0.0,825,100,49,1,1,4.0,0.21289029134662804,0.29008957321377343,0.8462526290344871,0.2
864,172.65,0,304,280,1.0857142857142856,9,14,22,0.9623287671232876,0.4794520547945205,0.5205479452054794,0.4794520547945205,859742.5,1472.1618150684933,21408.268535112376,445019.31,14.542062099414215,811403.3,48339.2,16.785617056136637,0,199,200,2.92,17,445528.79,0.02910958904109589,0.5182118948406064,0.0,840,53,54,1,1,4.7272727272727275,0.2709701632576469,0.22987427284668793,0.8293445410400258,0.2
865,196.17,1,260,321,0.8099688473520249,7,17,23,0.9604130808950087,0.4475043029259897,0.4475043029259897,0.5524956970740104,1868475.96,3215.9655077452667,59988.48443875621,1435278.5,18.653335769392164,1805692.73,62783.229999999996,28.76074916820941,0,199,200,2.905,19,1435278.5,0.03270223752151463,0.76815465155891,0.0,963,83,39,1,1,4.173913043478261,0.20026010113727594,0.30525149528529655,0.8377945121532915,0.2
866,134.32,0,128,280,0.45714285714285713,9,14,22,0.946078431372549,0.3137254901960784,0.3137254901960784,0.6862745098039216,4006292.02,9819.343186274506,127389.45578489554,2343928.25,12.973317396927397,3968682.42,37609.6,105.52312228792648,0,199,200,2.04,15,2344126.13,0.03676470588235294,0.5851111497359096,0.0,126,84,58,1,1,4.7272727272727275,0.09842368319876971,0.47097270280661285,0.7443775141672415,0.2
867,144.12,0,115,300,0.38333333333333336,9,15,24,0.9421686746987952,0.27710843373493976,0.27710843373493976,0.7228915662650602,4387014.46,10571.119180722892,125486.16284790623,2354188.5,11.870660116739412,4343781.46,43233.00000000001,100.47374598107925,1,197,197,2.1065989847715736,19,2356470.55,0.04578313253012048,0.5371467478591351,0.0,630,104,67,0,0,5.625,0.0767890840470315,0.522572216577152,0.7460758901250161,0.2
868,172.58,0,104,280,0.37142857142857144,6,14,20,0.9479166666666666,0.2708333333333333,0.2708333333333333,0.7291666666666666,1640959.07,4273.330911458334,78357.03296305737,1537170.37,18.336289556456776,1592636.6700000002,48322.4,32.95855897058093,1,199,199,1.92964824120603,15,1537291.07,0.0390625,0.9368247496873886,0.0,238,93,53,0,0,4.2,0.07335069444444445,0.5316840277777778,0.7051034288611022,0.2
869,165.78,0,156,300,0.52,8,15,23,0.9495614035087719,0.34210526315789475,0.34210526315789475,0.6578947368421053,59441.36,130.3538596491228,61.95430971031843,168.13,0.4752779079735929,9710.36,49731.0,0.19525768635257687,0,198,199,2.291457286432161,18,2546.86,0.039473684210526314,0.042846597049596445,0.0,285,106,75,0,0,5.217391304347826,0.1170360110803324,0.432825484764543,0.6888873881740085,0.2
870,126.01,0,335,300,1.1166666666666667,12,15,26,0.9590551181102362,0.47244094488188976,0.5275590551181102,0.47244094488188976,6689254.71,10534.259385826774,127197.95808663518,2243421.75,12.07469395122096,6651451.71,37803.0,175.95036663756844,1,199,199,3.190954773869347,17,2243830.14,0.026771653543307086,0.3354379878292899,0.0,900,79,82,1,1,5.923076923076923,0.27831855663711325,0.22320044640089282,0.8705012088053508,0.2
871,167.16,0,361,300,1.2033333333333334,11,15,25,0.962178517397882,0.45385779122541603,0.546142208774584,0.45385779122541603,192015.31,290.4921482602118,740.9587820077556,18770.51,2.550701581593293,141867.31,50148.0,2.8289724415729443,1,199,199,3.321608040201005,17,19777.05,0.025718608169440244,0.10299725579173868,0.0,450,64,67,1,1,5.6,0.29827131220518127,0.20598689465601333,0.7931293128044952,0.2
872,130.49,0,169,300,0.5633333333333334,9,15,24,0.9488272921108742,0.3603411513859275,0.3603411513859275,0.6396588486140725,135876.06,289.71441364605556,3937.01921686503,85454.18,13.589310822743155,96729.06,39147.0,2.4709188443558894,0,199,200,2.345,16,85602.75,0.03411513859275053,0.6300061246992296,0.0,165,91,70,0,0,5.625,0.12984574538213592,0.4091634426102809,0.7149999358611012,0.2
873,135.64,0,247,300,0.8233333333333334,15,15,30,0.9451553930530164,0.4515539305301645,0.4515539305301645,0.5484460694698354,10088021.98,18442.453345521022,303202.8845918344,6818270.5,16.440485379645597,10047332.98,40689.0,246.92995600776624,0,199,200,2.735,18,6820320.07,0.03290676416819013,0.6760810081026409,0.0,465,121,109,0,0,7.5,0.20390095217724066,0.30079309111691155,0.8589216096246547,0.2
874,153.95,1,64,321,0.19937694704049844,6,17,22,0.9428571428571428,0.16623376623376623,0.16623376623376623,0.8337662337662337,734038.3500000001,1906.593116883117,31892.294099409584,625544.31,16.72737293395187,684761.8400000001,49276.51,13.896313679682267,2,199,198,1.9444444444444444,17,628007.3500000001,0.04415584415584416,0.8555511438877819,0.0,33,87,29,1,1,3.6363636363636362,0.02763366503626245,0.6951661325687298,0.6691549861567918,0.08
875,173.23,0,73,260,0.28076923076923077,5,13,18,0.9459459459459459,0.21921921921921922,0.21921921921921922,0.7807807807807807,145723.11,437.6069369369369,4975.633458427062,91096.11,11.370097314394481,100685.91,45037.2,2.2356165569795636,2,199,198,1.6818181818181819,13,91096.11,0.03903903903903904,0.6251315251232287,0.0,26,131,35,0,0,3.611111111111111,0.04805706607508411,0.6096186276366455,0.6154372957688856,0.08
876,115.12,0,140,300,0.4666666666666667,8,15,23,0.9477272727272728,0.3181818181818182,0.3181818181818182,0.6818181818181818,331347.07,753.0615227272727,13209.550292529033,277505.31,17.541130297946424,296811.07,34536.0,8.594251505675238,1,199,199,2.2110552763819094,16,277505.31,0.03636363636363636,0.8375064550895229,0.0,105,95,42,0,0,5.217391304347826,0.10123966942148761,0.46487603305785125,0.7115977727013979,0.2
877,102.2,1,129,300,0.43,11,15,26,0.9393939393939394,0.3006993006993007,0.3006993006993007,0.6993006993006993,12265249.16,28590.324382284383,395092.1664664067,7457266.5,13.819086526741906,12234592.16,30657.0,399.0798890954758,2,199,198,2.1666666666666665,17,7457266.5,0.039627039627039624,0.6079995932182106,0.0,345,96,67,0,0,6.346153846153846,0.09042006944104847,0.4890214680424471,0.7784298636914548,0.2
878,162.78,1,102,321,0.3177570093457944,6,16,22,0.9479905437352246,0.24113475177304963,0.24113475177304963,0.7588652482269503,188578.80000000002,445.8127659574469,5187.653924970434,105990.22,11.636396086211668,136489.08,52089.72,2.620269028130694,1,199,199,2.1256281407035176,17,106167.8,0.04018912529550828,0.5629890528521764,0.0,96,106,49,0,0,4.363636363636363,0.05814596851265027,0.575876464966551,0.6756137945461873,0.08
879,102.46,0,120,280,0.42857142857142855,8,14,22,0.945,0.3,0.3,0.7,3441702.74,8604.256850000002,128188.51624700984,2491719.0,14.898267041738743,3413016.74,28686.0,118.97848218643242,0,195,196,2.0408163265306123,15,2491719.0,0.0375,0.7239785618440714,0.0,140,40,63,0,0,5.090909090909091,0.09000000000000001,0.48999999999999994,0.7385698503915563,0.2
880,208.99,0,323,23,14.043478260869565,10,1,10,0.9710982658959537,0.06647398843930635,0.9335260115606936,0.06647398843930635,1633627.77,4721.467543352601,69093.19039578491,1267579.25,14.633837839902526,1628821.0,4806.77,338.859774859209,1,199,199,1.7386934673366834,5,1268409.47,0.014450867052023121,0.7764372602456433,1.0,52,19,76,1,1,0.0,0.8714708142604162,0.004418791139029038,0.641936191810976,0.08
881,245.16,1,277,19,14.578947368421053,8,2,10,0.9662162162162162,0.06418918918918919,0.9358108108108109,0.06418918918918919,2148550.29,7258.615844594595,82475.095689956,1296822.62,11.362372311158225,2144133.7,4416.59,485.47266103487084,1,199,199,1.4874371859296482,5,1297296.4700000002,0.016891891891891893,0.6038008400538766,1.0,63,22,58,0,0,1.6,0.8757418736303872,0.004120252008765519,0.6154647050483061,0.18
882,330.78,0,112,16,7.0,6,1,7,0.9453125,0.125,0.875,0.125,4989432.02,38979.93765625,413278.93631293724,4688865.0,10.602349853852898,4984139.7,5292.32,941.7683926897845,3,197,195,0.6564102564102564,4,4689195.77,0.03125,0.939825565556057,1.0,11,6,53,0,0,0.8571428571428571,0.765625,0.015625,0.5111673827689458,0.18
883,213.31,1,141,21,6.714285714285714,9,2,10,0.9382716049382716,0.12962962962962962,0.8703703703703703,0.12962962962962962,26582.98,164.09246913580247,354.56776086980096,4527.71,2.1607802157962634,22304.98,4278.0,5.213880317905563,0,198,199,0.8140703517587939,3,4527.71,0.018518518518518517,0.17032364317318827,1.0,19,17,74,1,1,0.8,0.7575445816186557,0.016803840877914953,0.43345304669344387,0.08
884,212.48,0,470,20,23.5,12,1,13,0.9734693877551021,0.04081632653061224,0.9591836734693877,0.04081632653061224,3828779.4800000004,7813.835673469389,105239.42007993834,1694316.62,13.468343138730408,3824530.08,4249.4,900.0164917400105,1,199,199,2.4623115577889445,5,1695427.1800000002,0.01020408163265306,0.44281139429842536,0.0,95,2,65,0,0,0.9230769230769231,0.920033319450229,0.0016659725114535628,0.7317044581780795,0.18
885,394.42,1,87,17,5.117647058823529,7,2,9,0.9134615384615384,0.16346153846153846,0.8365384615384616,0.16346153846153846,3208102.85,30847.14278846154,281805.2606514826,2878580.0,9.13553850299849,3201775.49,6327.360000000001,506.02075589187274,3,199,197,0.5279187817258884,3,2878974.42,0.028846153846153848,0.8974071451605736,2.0,16,4,43,0,0,1.5555555555555556,0.6997965976331362,0.026719674556213015,0.4830998992131871,0.18
886,284.53,0,72,10,7.2,7,1,8,0.9024390243902439,0.12195121951219512,0.8780487804878049,0.12195121951219512,4241253.81,51722.607439024374,330735.19603934063,2982320.75,6.394402997359392,4238408.61,2845.2,1489.6698334036273,2,197,196,0.41836734693877553,3,2982320.75,0.036585365853658534,0.703169601160936,2.0,8,1,52,0,0,0.875,0.7709696609161214,0.014872099940511599,0.45608122831954745,0.18
887,378.49,0,77,13,5.923076923076923,5,1,6,0.9333333333333333,0.14444444444444443,0.8555555555555555,0.14444444444444443,395454.35000000003,4393.937222222222,39923.917631506534,381034.15,9.08613746905449,390534.11000000004,4920.24,79.3729797733444,1,197,197,0.45685279187817257,3,381297.58,0.03333333333333333,0.9642012535707345,2.0,5,3,56,0,0,0.8333333333333334,0.7319753086419754,0.0208641975308642,0.4201820305469759,0.08
888,243.3,1,153,15,10.2,11,2,12,0.9285714285714286,0.08928571428571429,0.9107142857142857,0.08928571428571429,3913973.72,23297.46261904762,179976.7218547153,1890002.5,7.725164100384447,3910547.6700000004,3426.05,1141.4158199676012,0,197,198,0.8484848484848485,4,1890380.78,0.023809523809523808,0.4829824917679825,1.0,14,11,71,1,1,0.8333333333333334,0.8294005102040816,0.007971938775510206,0.5351289226369701,0.18
889,287.04,1,186,16,11.625,14,1,14,0.9306930693069306,0.07920792079207921,0.9207920792079208,0.07920792079207921,9697439.43,48007.1258910891,501386.18278262473,6752358.5,10.443995000244124,9692846.79,4592.64,2110.517434416806,0,198,199,1.015075376884422,5,6752700.63,0.024752475247524754,0.6963385209821311,1.0,33,19,99,1,1,0.0,0.847858053132046,0.006273894716204291,0.580359194440571,0.18
890,271.61,0,208,25,8.32,12,1,13,0.944206008583691,0.1072961373390558,0.8927038626609443,0.1072961373390558,1224101.35,5253.6538626609445,57263.21395998564,804562.81,10.89969294836302,1217311.35,6790.000000000001,179.28002209131074,0,199,200,1.165,3,804719.41,0.012875536480686695,0.6573960644680279,1.0,42,21,93,0,0,0.9230769230769231,0.79692018640977,0.011512461087881518,0.5666834023405789,0.08
891,235.39,0,351,21,16.714285714285715,12,1,13,0.9650537634408602,0.056451612903225805,0.9435483870967742,0.056451612903225805,822688.9299999999,2211.52938172043,34166.4785129368,658797.12,15.449253713444875,817745.95,4942.98,165.43582009233296,0,199,200,1.86,4,659452.39,0.010752688172043012,0.8015816986865255,1.0,64,2,82,0,0,0.9230769230769231,0.8902835587929241,0.0031867845993756474,0.6399784625036151,0.08
892,265.76,0,521,27,19.296296296296298,13,1,14,0.9744525547445255,0.04927007299270073,0.9507299270072993,0.04927007299270073,2142225.28,3909.1702189781026,78020.10141842176,1826424.5,19.958225671435976,2135049.76,7175.5199999999995,297.54634646687623,0,199,200,2.74,6,1827453.26,0.010948905109489052,0.8530630634701502,0.0,149,10,99,0,0,0.9285714285714286,0.9038873941073047,0.0024275400927060565,0.746762616249226,0.18
893,397.36,0,87,13,6.6923076923076925,9,1,10,0.9,0.13,0.87,0.13,16521834.77,165218.3477,862803.9929309104,6815449.0,5.222204464225557,16516669.22,5165.55,3197.4657529207925,0,194,195,0.5128205128205128,2,6815461.84,0.02,0.4125124076640309,2.0,5,1,57,0,0,0.9,0.7569,0.016900000000000002,0.5071358169763331,0.18
894,349.46,0,306,19,16.105263157894736,10,1,10,0.9692307692307692,0.05846153846153846,0.9415384615384615,0.05846153846153846,2684005.86,8258.47956923077,84348.60513837762,1346671.75,10.213575565730219,2677366.31,6639.55,403.2451461318915,0,199,200,1.625,3,1347402.75,0.009230769230769232,0.5020118510471508,1.0,58,0,56,1,1,0.0,0.886494674556213,0.0034177514792899403,0.6366663678914326,0.18
895,276.53,0,169,19,8.894736842105264,11,1,12,0.9361702127659575,0.10106382978723404,0.898936170212766,0.10106382978723404,5900960.58,31388.08819148936,295149.57916288835,3797037.25,9.403235308957616,5895706.7,5253.879999999999,1122.1624209155902,0,199,200,0.94,4,3797313.77,0.02127659574468085,0.6435077337866236,1.0,19,1,77,0,0,0.9166666666666666,0.8080862381167949,0.010213897691263015,0.5619187340978433,0.18
896,281.86,0,146,27,5.407407407407407,10,1,11,0.9364161849710982,0.15606936416184972,0.8439306358381503,0.15606936416184972,2628414.25,15193.145953757223,150628.26580587917,1927316.0,9.91422489222051,2620804.3,7609.950000000001,344.3917896963843,3,197,195,0.8871794871794871,3,1927316.0,0.017341040462427744,0.7332618897496846,1.0,37,21,83,0,0,0.9090909090909091,0.7122189181061847,0.024357646429884056,0.5470503129152874,0.18
897,252.75,0,168,17,9.882352941176471,10,1,11,0.9405405405405405,0.0918918918918919,0.9081081081081082,0.0918918918918919,147120.93,795.2482702702703,6749.832646381865,80868.89,8.487704907660962,142824.18,4296.75,33.24004887414907,1,198,198,0.9343434343434344,3,81036.05,0.016216216216216217,0.550812518653872,1.0,23,1,82,0,0,0.9090909090909091,0.8246603360116874,0.008444119795471142,0.48254372862582534,0.08
898,306.27,0,149,16,9.3125,9,1,10,0.9393939393939394,0.09696969696969697,0.9030303030303031,0.09696969696969697,1640369.03,9941.630484848487,86684.51391997356,895062.62,8.71934579062105,1635468.87,4900.16,333.75825891399467,1,199,199,0.8291457286432161,4,895062.62,0.024242424242424242,0.5456471096628787,1.0,21,7,74,0,0,0.9,0.815463728191001,0.009403122130394853,0.5151616218028905,0.08
899,347.13,0,292,22,13.272727272727273,10,1,11,0.964968152866242,0.07006369426751592,0.9299363057324841,0.07006369426751592,6654161.7,21191.597770700635,328593.8656901954,5817572.5,15.505856106069885,6646524.84,7636.86,870.3216819478163,0,199,200,1.57,4,5817741.11,0.012738853503184714,0.8743011324777394,1.0,54,18,82,0,0,0.9090909090909091,0.8647815327193801,0.004908921254411942,0.6508457499838192,0.18
900,168.66,0,48,340,0.1411764705882353,4,17,21,0.9458762886597938,0.12371134020618557,0.12371134020618557,0.8762886597938144,884654.89,2280.03837628866,31598.74332862775,488156.12,13.858864682822887,881282.09,3372.8,261.290942243833,0,196,197,1.9695431472081217,18,488352.5,0.04639175257731959,0.5520259996528137,0.0,102,150,25,0,0,3.238095238095238,0.015304495695610586,0.7678818152832394,0.667318074282211,0.08
901,146.26,1,112,469,0.23880597014925373,11,18,29,0.9500860585197934,0.1927710843373494,0.1927710843373494,0.8072289156626506,8317970.9,14316.645266781408,263571.8993287682,6281535.5,18.41017182568099,8314167.88,3803.0199999999995,2186.201460944197,0,199,200,2.905,20,6281535.5,0.03442340791738382,0.7551764216919777,0.0,596,116,76,0,0,6.827586206896552,0.037160690956597464,0.6516185222818988,0.8178247803112514,0.18
902,104.19,0,89,357,0.24929971988795518,6,17,23,0.9484304932735426,0.19955156950672645,0.19955156950672645,0.8004484304932735,5858035.5,13134.608744394622,149199.0742985493,2330416.25,11.359232482826874,5855850.66,2184.84,2680.219448563739,3,198,196,2.2755102040816326,19,2330416.25,0.042600896860986545,0.3978153170973443,0.0,391,176,25,0,0,4.434782608695652,0.03982082889259788,0.6407176898791449,0.7540034412717737,0.18
903,192.15,1,184,307,0.5993485342019544,11,19,30,0.9389002036659878,0.37474541751527496,0.37474541751527496,0.6252545824847251,3426673.55,6978.968533604888,114271.46329406653,2262063.75,16.373689427575226,3423392.82,3280.73,1043.4850841123773,3,198,196,2.5051020408163267,21,2262203.22,0.04276985743380855,0.6601747108358192,0.0,667,125,70,0,0,6.966666666666667,0.14043412794869772,0.3909432929181479,0.8002347697022144,0.2
904,140.89,0,202,323,0.6253869969040248,10,17,27,0.9485714285714286,0.38476190476190475,0.38476190476190475,0.6152380952380953,18947.93,36.091295238095235,53.80649960241993,175.8,1.4908442395169534,16273.49,2674.4399999999996,6.084821495341082,0,197,198,2.6515151515151514,21,465.0,0.04,0.02454093930049351,0.0,765,85,67,0,0,6.296296296296297,0.14804172335600907,0.37851791383219957,0.7078992510056543,0.2
905,139.03,1,181,401,0.4513715710723192,11,20,31,0.9467353951890034,0.31099656357388317,0.31099656357388317,0.6890034364261168,4349522.66,7473.406632302407,179035.46400909143,4322933.5,23.956339166029586,4346590.17,2932.49,1482.2182411534227,0,197,198,2.9393939393939394,22,4323222.17,0.037800687285223365,0.9939532468144446,0.0,918,125,92,0,0,7.096774193548387,0.09671886255476435,0.47472573540699803,0.8292833612225464,0.2
906,100.31,0,81,476,0.17016806722689076,5,17,21,0.9622980251346499,0.14542190305206462,0.14542190305206462,0.8545780969479354,203268.99,364.9353500897665,7970.035739903743,188291.59,21.83958264920973,200460.59,2808.4,71.378931063951,1,196,196,2.8418367346938775,19,188426.91999999998,0.03411131059245961,0.9269831074577582,0.0,578,145,54,1,1,3.0476190476190474,0.021147529887284078,0.7303037237831549,0.7259889930589402,0.08
907,113.82,0,912,357,2.5546218487394956,19,17,32,0.9747832939322301,0.28132387706855794,0.7186761229314421,0.28132387706855794,5773036.51,4549.280149724192,110209.33221731213,3776996.25,24.225663971033697,5770648.18,2388.33,2416.1854433851267,0,199,200,6.345,23,3778958.61,0.018124507486209612,0.654587685952466,0.0,2958,86,184,4,4,6.09375,0.5164953696717692,0.07914312380888508,0.8292221156827995,0.2
908,186.89,0,733,342,2.1432748538011697,16,18,30,0.9720930232558139,0.31813953488372093,0.6818604651162791,0.31813953488372093,1622473.4200000002,1509.2776000000003,27176.816842470227,718954.06,18.0065064521399,1618923.46,3549.9600000000005,456.0399159427148,0,199,200,5.375,23,721240.1100000001,0.021395348837209303,0.44453123306020015,0.0,2574,149,132,4,4,5.6,0.4649336938885884,0.10121276365603028,0.8102560054070248,0.2
909,151.39,1,1106,419,2.639618138424821,20,19,34,0.9777049180327869,0.27475409836065573,0.7252459016393442,0.27475409836065573,6484281.59,4251.987927868852,104261.25748365089,3877759.25,24.520591133453166,6480950.84,3330.75,1945.7932417623658,1,199,199,7.663316582914573,27,3880727.18,0.017704918032786884,0.5984822105790135,0.0,4989,67,152,5,5,6.176470588235294,0.5259816178446654,0.07548981456597689,0.8303182565091091,0.2
910,173.24,1,108,305,0.3540983606557377,8,20,28,0.9322033898305084,0.26150121065375304,0.26150121065375304,0.738498789346247,2688308.41,6509.221331719129,94294.03168435709,1752046.62,14.486222987205354,2685525.83,2782.58,965.120797964479,2,197,196,2.107142857142857,20,1752046.62,0.048426150121065374,0.651728281428841,0.0,266,113,51,0,0,5.714285714285714,0.06838288317337851,0.5453804618658724,0.7328530119140266,0.2
911,114.82,1,188,451,0.41685144124168516,12,19,30,0.9530516431924883,0.2942097026604069,0.2942097026604069,0.7057902973395931,949991.04,1486.683943661972,27549.453420521644,666380.5,18.530807128152837,947112.2,2878.84,328.99091300662764,3,198,196,3.260204081632653,21,666380.5,0.03286384976525822,0.7014597737679715,0.0,1008,133,120,1,1,6.6,0.08655934913952505,0.49813994381871124,0.7943667269374425,0.2
912,133.01,0,115,396,0.2904040404040404,10,18,28,0.9452054794520548,0.22504892367906065,0.22504892367906065,0.7749510763209393,3569421.56,6985.169393346379,79846.39848381822,1350216.37,11.430846410092036,3566499.08,2922.48,1220.3673181681313,0,195,196,2.607142857142857,21,1350216.37,0.0410958904109589,0.37827315919501536,0.0,630,121,61,0,0,6.428571428571429,0.05064701804910368,0.6005491706909822,0.7805948907342264,0.08
913,184.01,0,122,270,0.45185185185185184,9,18,27,0.9311224489795918,0.3112244897959184,0.3112244897959184,0.6887755102040817,347964.27,887.6639540816328,13736.928261279436,268621.06,15.47537015344,345204.87,2759.4,125.10142422265709,0,199,200,1.96,21,268642.77,0.05357142857142857,0.7720412500973161,0.0,396,126,60,0,0,6.0,0.09686068304872969,0.47441170345689293,0.6844042454118999,0.2
914,182.07,0,138,342,0.40350877192982454,11,18,27,0.94375,0.2875,0.2875,0.7125,7744466.51,16134.305229166665,197666.46891244865,3381898.5,12.251315820846045,7741008.89,3457.62,2238.825807925683,4,197,194,2.4742268041237114,21,3381915.34,0.04375,0.43668796754858713,0.0,576,121,69,2,2,5.333333333333333,0.08265624999999999,0.50765625,0.796785619241187,0.2
915,124.68,1,153,462,0.33116883116883117,12,21,33,0.9463414634146341,0.24878048780487805,0.24878048780487805,0.751219512195122,2321214.49,3774.332504065041,55643.689372919805,1180163.12,14.742656963314785,2318331.68,2882.8100000000004,804.1916324697083,3,198,196,3.1377551020408165,23,1180163.12,0.03739837398373984,0.5084248461674905,0.0,784,119,89,0,0,7.636363636363637,0.061891731112433075,0.564330755502677,0.8038134233107987,0.08
916,102.2,0,162,378,0.42857142857142855,9,18,27,0.95,0.3,0.3,0.7,202420.61000000002,374.8529814814816,8088.974822169655,188168.57,21.57905958277476,200277.35,2143.2599999999998,93.44519563655368,3,199,197,2.7411167512690353,21,188281.37,0.03888888888888889,0.9301492076325626,0.0,918,143,72,0,0,6.0,0.09000000000000001,0.48999999999999994,0.748066696010202,0.2
917,180.65,0,147,306,0.4803921568627451,9,18,27,0.9403973509933775,0.32450331125827814,0.32450331125827814,0.6754966887417219,1721264.1800000002,3799.700176600442,52308.18800028156,822525.18,13.766398812835078,1718195.0,3069.18,559.8221674844747,3,199,197,2.299492385786802,19,822525.18,0.04194260485651214,0.47786109160768103,0.0,162,54,54,0,0,6.0,0.10530239901758694,0.45629577650103065,0.755990490736001,0.2
918,116.88,1,367,361,1.0166204986149585,10,20,27,0.9629120879120879,0.4958791208791209,0.5041208791208791,0.4958791208791209,136446.81,187.4269368131868,237.7886604198584,580.15,1.2687005638728888,134340.47,2106.34,63.77910024022712,0,198,199,3.658291457286432,24,1324.1399999999999,0.03296703296703297,0.009704440873333718,0.0,1304,91,75,3,3,4.407407407407407,0.254137860765608,0.2458961025238498,0.7944466366657714,0.2
919,178.77,1,503,311,1.617363344051447,14,22,34,0.9582309582309583,0.3820638820638821,0.6179361179361179,0.3820638820638821,2831543.45,3478.5546068796075,51144.45188691113,1221918.62,14.702788274693665,2829017.25,2526.2,1119.8706555300453,0,199,200,4.07,26,1223072.85,0.03194103194103194,0.4319456408129637,0.0,1733,139,76,2,2,7.0588235294117645,0.3818450458499598,0.145972809977724,0.8345925855820001,0.2
920,336.73,0,165,19,8.68421052631579,14,18,31,0.8315217391304348,0.10326086956521739,0.8967391304347826,0.10326086956521739,11085937.05,60249.65788043479,256084.41609154604,1962090.25,4.250387887674725,3974976.48,7110960.57,0.5589929012923777,4,199,196,0.9387755102040817,4,1962258.86,0.021739130434782608,0.1770043300038403,1.0,29,93,77,1,1,7.129032258064516,0.8041410680529301,0.01066280718336484,0.5752305441257023,0.18
921,233.66,0,130,21,6.190476190476191,12,19,31,0.794701986754967,0.1390728476821192,0.8609271523178808,0.1390728476821192,23032976.580000002,152536.26874172187,618708.2567699025,4819129.0,4.056138660488113,12508848.09,10524128.49,1.188587549257487,0,198,199,0.7587939698492462,4,8749486.67,0.026490066225165563,0.3798678229715805,1.0,25,144,69,0,0,7.354838709677419,0.7411955615981755,0.019341256962413934,0.5638070303528872,0.18
922,215.7,0,142,14,10.142857142857142,12,14,26,0.8333333333333334,0.08974358974358974,0.9102564102564102,0.08974358974358974,27556707.02,176645.55782051283,829023.8479949593,5817683.5,4.693148575167225,8579592.63,18977114.39,0.4521020663985153,2,199,198,0.7878787878787878,3,5817860.03,0.019230769230769232,0.21112319500938687,1.0,28,58,79,0,0,6.461538461538462,0.8285667324128863,0.008053911900065748,0.5593439631871336,0.18
923,385.53,1,109,21,5.190476190476191,9,20,28,0.7846153846153846,0.16153846153846155,0.8384615384615385,0.16153846153846155,16903705.88,130028.50676923076,482852.7746586381,3621520.0,3.713437819566638,1424227.45,15479478.43,0.09200745725642644,1,199,199,0.6532663316582915,4,3621520.0,0.03076923076923077,0.21424414419591167,1.0,15,154,59,1,1,5.428571428571429,0.70301775147929,0.026094674556213015,0.5431613083847706,0.18
924,319.58,0,204,22,9.272727272727273,12,19,31,0.8628318584070797,0.09734513274336283,0.9026548672566371,0.09734513274336283,24452330.78,108196.15389380531,606022.53242694,7291760.0,5.601146719334886,13201508.83,11250821.95,1.1733817216794549,0,199,200,1.13,4,7292029.66,0.017699115044247787,0.29821409360142803,1.0,50,107,75,0,0,7.354838709677419,0.8147858093820972,0.009476074868822935,0.6185408146146758,0.18
925,324.1,0,97,18,5.388888888888889,7,18,25,0.782608695652174,0.1565217391304348,0.8434782608695652,0.1565217391304348,28534229.65,248123.73608695652,974170.0859995527,6281535.5,3.9261462904062863,3369725.5100000002,25164504.14,0.1339078843458586,3,199,197,0.583756345177665,4,6281535.5,0.034782608695652174,0.22014035693443015,1.0,15,95,56,0,0,5.04,0.7114555765595464,0.024499054820415877,0.5327654566076689,0.18
926,291.5,1,287,20,14.35,19,20,37,0.8794788273615635,0.06514657980456026,0.9348534201954397,0.06514657980456026,17747542.23,57809.58381107492,404638.71906871925,4301971.0,6.999509292284514,1533214.14,16214328.09,0.09455921525022008,1,198,198,1.5505050505050506,6,4301983.62,0.019543973941368076,0.2423988383432628,1.0,48,159,126,2,2,8.27027027027027,0.8739509172511114,0.004244076860231941,0.6677040175803792,0.18
927,230.01,0,171,20,8.55,10,20,28,0.8534031413612566,0.10471204188481675,0.8952879581151832,0.10471204188481675,21634922.14,113271.84366492147,664419.439229739,7597620.0,5.8657069376853395,10652579.57,10982342.57,0.9699733460417816,1,199,199,0.9597989949748744,3,7597620.0,0.015706806282722512,0.35117390073491617,1.0,24,161,65,2,2,5.142857142857143,0.8015405279460541,0.010964611715687618,0.5925811693172612,0.18
928,320.39,1,163,22,7.409090909090909,13,22,32,0.827027027027027,0.11891891891891893,0.8810810810810811,0.11891891891891893,21078721.12,113939.03308108108,431304.73700975394,2971560.25,3.7853993082671646,5120563.37,15958157.75,0.3208743421526836,1,199,199,0.9296482412060302,3,2971560.25,0.016216216216216217,0.14097440888766785,1.0,29,162,68,3,3,5.9375,0.7763038714390066,0.014141709276844414,0.5901375461272002,0.18
929,250.49,0,771,24,32.125,16,21,34,0.9572327044025157,0.03018867924528302,0.969811320754717,0.03018867924528302,14765419.38,18572.854566037735,158365.90050795212,2243421.75,8.526739922765536,4966291.4,9799127.98,0.5068095253104349,0,199,200,3.975,7,2244954.5,0.00880503144654088,0.15204136382613195,0.0,181,103,87,3,3,6.882352941176471,0.9405339978640086,0.0009113563545745815,0.7984755535876253,0.18
930,361.18,1,108,16,6.75,12,16,27,0.782258064516129,0.12903225806451613,0.8709677419354839,0.12903225806451613,12067954.96,97322.21741935481,436007.8818566183,4046261.5,4.480044674464105,3060595.07,9007359.89,0.3397882517604167,3,197,195,0.6358974358974359,3,4046261.5,0.024193548387096774,0.3352897415851807,1.0,12,111,91,1,1,6.111111111111111,0.7585848074921956,0.016649323621227886,0.5261907769278654,0.18
931,346.54,1,135,18,7.5,14,18,32,0.7908496732026143,0.11764705882352941,0.8823529411764706,0.11764705882352941,14773722.81,96560.27980392158,557125.6658365316,5052300.0,5.769718842652992,6773902.44,7999820.37,0.8467568178658992,2,198,197,0.7766497461928934,3,5052406.63,0.0196078431372549,0.34198601767322584,1.0,12,78,117,0,0,7.875,0.7785467128027681,0.013840830449826992,0.5552987231567911,0.18
932,205.45,1,113,18,6.277777777777778,12,17,28,0.7862595419847328,0.13740458015267176,0.8625954198473282,0.13740458015267176,25181262.26,192223.37603053436,631465.4875586088,4485516.5,3.285060852631688,17081034.330000002,8100227.930000001,2.108710332302958,0,196,197,0.6649746192893401,3,4485526.88,0.022900763358778626,0.17812954861779037,1.0,9,73,88,1,1,6.285714285714286,0.7440708583415885,0.018880018646932,0.5454158018064771,0.18
933,386.48,0,55,22,2.5,6,22,28,0.6363636363636364,0.2857142857142857,0.7142857142857143,0.2857142857142857,16619646.0,215839.55844155845,747533.2777020294,4425387.5,3.46337475437541,1631184.53,14988461.47,0.10882935071520719,1,197,197,0.39086294416243655,2,4425387.5,0.025974025974025976,0.2662744741975852,2.0,2,138,37,0,0,4.714285714285714,0.5102040816326531,0.08163265306122448,0.5107140022804383,0.08
934,207.26,0,178,16,11.125,12,16,28,0.8556701030927836,0.08247422680412371,0.9175257731958762,0.08247422680412371,21309895.77,109844.82355670103,509690.31420246075,4308436.0,4.640094068150264,14483909.94,6825985.83,2.1218781141243594,1,199,199,0.9748743718592965,4,4308551.12,0.020618556701030927,0.20218546193292808,1.0,29,80,96,0,0,6.857142857142857,0.8418535444786905,0.006801998086938041,0.5906578093631266,0.18
935,217.92,0,75,24,3.125,7,23,29,0.7070707070707071,0.24242424242424243,0.7575757575757576,0.24242424242424243,17209579.740000002,173834.13878787876,521257.8471050883,2971560.25,2.9985930884448053,6194798.28,11014781.46,0.5624077338707363,4,199,196,0.5051020408163265,3,2971560.25,0.030303030303030304,0.17266896082844146,1.5,23,117,53,1,1,4.551724137931035,0.573921028466483,0.05876951331496787,0.5287817262524248,0.08
936,258.55,0,215,15,14.333333333333334,13,15,28,0.8782608695652174,0.06521739130434782,0.9347826086956522,0.06521739130434782,11555773.67,50242.49421739129,315860.60802429426,2998651.0,6.286722284479261,2658527.62,8897246.05,0.2988034280562579,0,197,198,1.1616161616161615,4,2998797.08,0.017391304347826087,0.2595063875113089,1.0,22,96,99,0,0,6.964285714285714,0.8738185255198488,0.004253308128544421,0.6043222150142695,0.18
937,230.16,0,114,25,4.56,11,22,33,0.762589928057554,0.17985611510791366,0.8201438848920863,0.17985611510791366,24957308.48,179548.98187050357,757484.8134318078,7086905.5,4.218819876005367,15258965.46,9698343.02,1.5733579879091555,0,198,199,0.6984924623115578,4,7086905.5,0.02877697841726619,0.2839611292892109,1.0,39,145,76,0,0,7.333333333333333,0.6726359919258837,0.03234822214171109,0.5604715804301225,0.18
938,247.23,0,120,24,5.0,10,23,33,0.7708333333333334,0.16666666666666666,0.8333333333333334,0.16666666666666666,25801864.43,179179.61409722222,679623.368713509,3774002.75,3.7929726109620243,5817772.61,19984091.82,0.2911201901193026,0,199,200,0.72,2,5712257.62,0.013888888888888888,0.2213893354682664,1.0,31,87,58,0,0,6.96969696969697,0.6944444444444445,0.02777777777777777,0.5619786901014073,0.18
939,271.16,0,183,15,12.2,9,15,24,0.8787878787878788,0.07575757575757576,0.9242424242424242,0.07575757575757576,9471285.0,47834.77272727272,354716.7612702987,4485111.5,7.415458275357477,6324695.42,3146589.58,2.010016005964146,0,198,199,0.9949748743718593,4,4485239.58,0.020202020202020204,0.47356188521409714,1.0,23,59,44,0,0,5.625,0.8542240587695132,0.005739210284664833,0.5758772709998329,0.18
940,547.1,0,172,179,0.9608938547486033,13,1,13,0.962962962962963,0.49002849002849,0.49002849002849,0.50997150997151,8132655.56,23169.95886039886,216309.59687889015,3482603.5,9.335778202377286,8034726.45,97929.11,82.04635424543325,0,199,200,1.755,4,3483292.75,0.011396011396011397,0.42830939098569176,1.0,309,1,69,1,1,0.0,0.24012792103960195,0.2600709409826219,0.7618984708616303,0.08
941,480.94,0,215,180,1.1944444444444444,13,1,14,0.9645569620253165,0.45569620253164556,0.5443037974683544,0.45569620253164556,789771.23,1999.420835443038,20147.20283602367,351886.56,10.076519399458688,703202.03,86569.2,8.123004833127718,0,198,199,1.984924623115578,6,352367.5,0.015189873417721518,0.44616401131755584,0.0,413,1,104,0,0,0.9285714285714286,0.2962666239384714,0.20765902900176253,0.7330633932912851,0.2
942,453.97,0,122,180,0.6777777777777778,9,1,10,0.9668874172185431,0.40397350993377484,0.40397350993377484,0.5960264900662252,4468170.81,14795.267582781456,167118.41635182872,2391432.5,11.295396681187368,4386456.21,81714.6,53.68020170202142,0,199,200,1.51,4,2391886.47,0.013245033112582781,0.5353167037944998,1.0,216,1,56,0,0,0.9,0.16319459672821365,0.355247576860664,0.7015845113257779,0.08
943,498.46,0,108,177,0.6101694915254238,9,1,9,0.968421052631579,0.37894736842105264,0.37894736842105264,0.6210526315789474,12750462.21,44738.463894736844,345808.4272229194,4501129.5,7.729555222024538,12662236.56,88225.65,143.52103452907403,3,199,197,1.4467005076142132,5,4501627.95,0.017543859649122806,0.35305605991831723,1.0,189,2,44,1,1,0.0,0.143601108033241,0.3857063711911357,0.7099173689885513,0.08
944,478.52,0,201,178,1.1292134831460674,14,1,14,0.9630606860158312,0.46965699208443273,0.5303430079155673,0.46965699208443273,7928247.19,20918.858021108175,187020.82140916234,2505623.75,8.940297850888847,7843072.41,85174.78,92.0820976584853,0,199,200,1.895,4,2506421.14,0.010554089709762533,0.31613811728289465,1.0,342,3,72,1,1,0.0,0.2812637060449315,0.2205776902137969,0.7736240531099599,0.2
945,462.15,0,203,180,1.1277777777777778,15,1,15,0.9608355091383812,0.4699738903394256,0.5300261096605744,0.4699738903394256,10424094.370000001,27216.956579634472,236627.4923393427,3461023.0,8.69412021314694,10340909.17,83185.2,124.31188685006468,0,199,200,1.915,5,3461631.22,0.013054830287206266,0.3320798044540343,1.0,344,11,113,1,1,0.0,0.2809276769219232,0.22087545760077446,0.7816326855181028,0.2
946,580.11,0,200,179,1.1173184357541899,11,1,12,0.9683377308707124,0.47229551451187335,0.5277044854881267,0.47229551451187335,1533894.22,4047.2143007915574,70951.35784743167,1383131.5,17.530912023500942,1430056.32,103837.90000000001,13.772007330656725,1,199,199,1.9045226130653266,4,1383711.6,0.010554089709762533,0.9020906278661119,0.0,388,1,73,0,0,0.9166666666666666,0.2784720240042885,0.22306305302803517,0.7411589585874025,0.2
947,510.09,0,208,178,1.1685393258426966,12,1,12,0.9689119170984456,0.46113989637305697,0.538860103626943,0.46113989637305697,1462221.83,3788.1394559585506,59541.62174056978,1159297.62,15.717906490193712,1371427.59,90794.23999999999,15.104786272785589,1,199,199,1.9396984924623115,6,1159807.7000000002,0.015544041450777202,0.7931817705115236,0.0,324,20,109,1,1,0.0,0.2903702112808398,0.21265000402695372,0.7419005728975403,0.2
948,595.47,0,252,180,1.4,19,1,19,0.9560185185185185,0.4166666666666667,0.5833333333333334,0.4166666666666667,9526231.870000001,22051.46266203704,172084.58408152073,1969049.62,7.803771873045638,9419049.07,107182.8,87.87836359938349,0,199,200,2.16,6,1969788.24,0.013888888888888888,0.20677517268955578,0.0,478,11,109,1,1,0.0,0.34027777777777773,0.1736111111111111,0.7956866782626465,0.2
949,554.58,0,152,180,0.8444444444444444,13,1,13,0.9608433734939759,0.4578313253012048,0.4578313253012048,0.5421686746987951,4364104.94,13144.894397590362,89013.74102478346,888667.5,6.77173496662711,4264280.54,99824.40000000001,42.7178178882117,0,199,200,1.66,4,889387.85,0.012048192771084338,0.20379616490157085,1.0,272,3,80,1,1,0.0,0.20960952242705763,0.293946871824648,0.7309871071800289,0.08
950,514.1,1,403,181,2.226519337016575,18,2,18,0.9691780821917808,0.3099315068493151,0.690068493150685,0.3099315068493151,10285581.38,17612.296883561645,200815.66518295454,3224925.0,11.402014541918431,10193031.92,92549.46,110.13604963227229,0,199,200,2.92,6,3226192.44,0.010273972602739725,0.313661651277509,0.0,730,22,113,2,2,0.0,0.47619452523925687,0.09605753893788703,0.8469242319580034,0.2
951,452.49,1,429,181,2.3701657458563536,16,2,17,0.9721311475409836,0.2967213114754098,0.7032786885245902,0.2967213114754098,700120.5,1147.738524590164,18046.401749109555,444097.9,15.723443417178654,618654.25,81466.25,7.593994445552606,0,199,200,3.05,6,444913.49000000005,0.009836065573770493,0.63548130643225,0.0,760,5,117,1,1,0.8823529411764706,0.4946009137328675,0.08804353668368717,0.7885379850018956,0.2
952,537.37,0,231,180,1.2833333333333334,16,1,17,0.9586374695863747,0.43795620437956206,0.5620437956204379,0.43795620437956206,10016430.98,24370.878296836985,201479.23079076823,2790792.25,8.267212545102142,9919706.18,96724.8,102.55597509635584,0,199,200,2.055,4,2791472.77,0.009732360097323601,0.27868936306492675,0.0,396,1,89,0,0,0.9411764705882353,0.3158932281954286,0.19180563695455274,0.7898540091306835,0.2
953,491.18,0,269,180,1.4944444444444445,14,1,14,0.9688195991091314,0.40089086859688194,0.5991091314031181,0.40089086859688194,766876.43,1707.9653229398664,30004.40406936306,636453.12,17.567337970139484,678465.83,88410.6,7.674032638620255,0,199,200,2.245,5,636953.63,0.011135857461024499,0.8305818318082875,0.0,484,16,118,1,1,0.0,0.35893175133059857,0.16071348852436246,0.7490110208748125,0.2
954,544.28,1,211,181,1.1657458563535912,17,2,19,0.951530612244898,0.461734693877551,0.5382653061224489,0.461734693877551,4433094.0,11308.913265306122,154637.14790392263,2998509.25,13.673917579536475,4335106.29,97987.70999999999,44.241326692908736,0,199,200,1.96,4,2999251.4099999997,0.01020408163265306,0.676559398469782,1.0,397,7,150,0,0,1.7894736842105263,0.2897295397750937,0.21319892753019576,0.7672945993380549,0.2
955,480.76,0,163,180,0.9055555555555556,13,1,13,0.9620991253644315,0.4752186588921283,0.4752186588921283,0.5247813411078717,25394351.6,74036.01049562683,691693.4703161214,9838572.0,9.342662654100986,25307814.8,86536.8,292.4514749794307,0,199,200,1.715,4,9839220.89,0.011661807580174927,0.38745706308957306,1.0,302,10,73,1,1,0.0,0.225832773759233,0.27539545597497633,0.7740526806089381,0.08
956,499.2,1,152,183,0.8306010928961749,14,4,18,0.9462686567164179,0.4537313432835821,0.4537313432835821,0.5462686567164179,3684211.04,10997.644895522388,84873.60970235478,1018986.62,7.717435006190321,3594322.18,89888.86,39.98629173848684,1,199,199,1.6834170854271358,5,1019758.3999999999,0.014925373134328358,0.27679152712163846,1.0,293,9,125,0,0,3.111111111111111,0.20587213187792383,0.29840944531075964,0.7295411911695886,0.08
957,404.14,1,179,179,1.0,13,2,15,0.9581005586592178,0.5,0.5,0.5,2782176.1,7771.441620111732,72039.13222791225,822055.68,9.269725714915237,2710234.41,71941.69,37.672654200923,0,199,200,1.79,4,822459.8200000001,0.0111731843575419,0.29561745570310954,1.0,299,8,74,0,0,1.7333333333333334,0.25,0.25,0.7458001208949134,0.2
958,547.99,1,176,181,0.9723756906077348,11,2,12,0.9663865546218487,0.49299719887955185,0.49299719887955185,0.5070028011204482,2619163.08,7336.5912605042,97859.25038298614,1809420.5,13.338517426996587,2520523.36,98639.72,25.552823548160923,1,199,199,1.7939698492462313,5,1809420.5,0.014005602240896359,0.690839189746062,1.0,340,19,71,1,1,0.8333333333333334,0.2430462381030844,0.2570518403439807,0.7436154431176394,0.2
959,406.85,0,292,180,1.6222222222222222,16,1,17,0.9639830508474576,0.3813559322033898,0.6186440677966102,0.3813559322033898,5480907.0,11612.091101694918,197445.29357890636,4103266.75,17.00342271256268,5407674.0,73233.0,73.84203842530007,0,199,200,2.36,5,4103312.04,0.01059322033898305,0.7486556586346019,0.0,542,1,137,0,0,0.9411764705882353,0.3827204826199368,0.14543234702671645,0.7973730449026679,0.2
960,168.07,0,327,560,0.5839285714285715,20,28,47,0.9470124013528749,0.3686583990980834,0.3686583990980834,0.6313416009019166,7806162.95,8800.634667418262,116417.47160058109,2400267.5,13.228304093974293,7712043.75,94119.2,81.939112848388,0,199,200,4.435,33,2400529.3000000003,0.03720405862457723,0.3075171906320506,0.0,2436,167,105,1,1,10.914893617021276,0.13590901522556173,0.39859221702939496,0.852947803049494,0.2
961,158.2,1,475,622,0.7636655948553055,21,31,49,0.9553327256153145,0.43299908842297175,0.43299908842297175,0.5670009115770283,10262995.69,9355.511112123977,188411.48247917983,5973380.5,20.139090234740245,10164895.16,98100.53,103.6171278585345,0,199,200,5.485,35,5973386.4,0.03190519598906107,0.5820314633689572,0.0,3017,237,123,3,3,10.285714285714286,0.1874882105751245,0.321490033729181,0.8714921472799219,0.2
962,177.59,1,480,621,0.7729468599033816,22,31,51,0.9536784741144414,0.4359673024523161,0.4359673024523161,0.5640326975476839,7364849.47,6689.236575840145,102656.77571237966,2515140.5,15.346560784402566,7254745.76,110103.71,65.8901117864239,0,199,200,5.505,37,2515733.17,0.03360581289736603,0.34158650224252307,0.0,4653,226,170,2,2,11.372549019607844,0.19006748880754923,0.3181328839029171,0.8652023880449078,0.2
963,128.98,0,394,600,0.6566666666666666,13,30,40,0.959758551307847,0.3963782696177062,0.3963782696177062,0.6036217303822937,265413.73,267.0158249496982,2835.236910731308,89476.36,10.618235496961367,188031.73,77382.0,2.4299156134501567,0,199,200,4.97,34,89932.94,0.03420523138832998,0.33884057166145853,0.0,2430,211,118,3,3,6.75,0.15711573262512704,0.3643591933897145,0.7883485181623393,0.2
964,168.61,1,186,641,0.29017160686427457,13,32,45,0.9455864570737605,0.2249093107617896,0.2249093107617896,0.7750906892382105,2304112.83,2786.1098307134234,49199.87978080815,1150274.37,17.658987897189185,2196199.17,107913.66,20.351447351521575,2,197,196,4.219387755102041,33,1150274.37,0.03990326481257558,0.49922658084413346,0.0,2082,250,90,0,0,9.244444444444444,0.05058419806734324,0.6007655765437641,0.798885789744579,0.08
965,120.71,1,72,621,0.11594202898550725,10,31,39,0.9437229437229437,0.1038961038961039,0.1038961038961039,0.8961038961038961,10299273.72,14861.866839826844,172765.31449115562,2731141.5,11.624738423047836,10224436.19,74837.53,136.62177506392848,0,196,197,3.517766497461929,32,2731141.5,0.046176046176046176,0.26517806733269345,0.0,435,184,52,2,2,5.948717948717949,0.01079440040479002,0.8030021926125822,0.8057447477678199,0.18
966,152.93,1,204,581,0.35111876075731496,17,29,46,0.9414012738853503,0.25987261146496815,0.25987261146496815,0.7401273885350318,15681115.32,19975.943082802547,232536.00246519633,4611325.0,11.640802214008533,15592417.49,88697.82999999999,175.79254746142044,0,199,200,3.925,31,5735123.53,0.03949044585987261,0.3657344144829617,0.0,930,224,72,0,0,10.717391304347826,0.06753377418962231,0.547788551259686,0.8456604904961786,0.2
967,134.03,0,208,620,0.33548387096774196,17,31,48,0.9420289855072463,0.25120772946859904,0.25120772946859904,0.748792270531401,3012811.55,3638.661292270532,50246.52522193154,1195825.25,13.809069101503978,2929719.15,83092.40000000001,35.258569375779246,0,199,200,4.14,34,1195987.33,0.04106280193236715,0.39696718833941014,0.0,1209,187,109,0,0,10.979166666666666,0.06310532334476884,0.5606898644075707,0.8097085565180149,0.2
968,197.85,0,190,640,0.296875,16,32,48,0.9421686746987952,0.2289156626506024,0.2289156626506024,0.7710843373493976,12886304.19,15525.66769879518,278340.15021502064,7575834.0,17.927741055324812,12759680.19,126624.0,100.7682602824109,2,199,198,4.191919191919192,34,7576191.42,0.04096385542168675,0.5879258558772235,0.0,1920,222,78,0,0,10.666666666666666,0.052402380606764394,0.5945710553055596,0.8353972174600282,0.08
969,197.19,0,197,620,0.317741935483871,16,31,47,0.9424724602203183,0.24112607099143207,0.24112607099143207,0.758873929008568,9678089.31,11845.886548347617,183658.1125500428,4660576.0,15.503956736413391,9555831.51,122257.8,78.16132394006762,0,196,197,4.147208121827411,35,4660576.0,0.042839657282741736,0.4815595155940961,0.0,1798,181,106,0,0,10.553191489361701,0.05814178211176513,0.5758896401289011,0.8319002800650618,0.08
970,120.9,1,314,660,0.47575757575757577,20,33,52,0.946611909650924,0.32238193018480493,0.32238193018480493,0.6776180698151951,8131051.09,8348.101735112936,145636.04751736738,3740109.25,17.445408805310535,8051257.09,79794.0,100.90053249617766,1,199,199,4.894472361809045,36,3740242.19,0.03696098562628337,0.4599949193038461,0.0,2541,193,131,1,1,11.692307692307692,0.10393010890968042,0.4591662485400706,0.8445383802451694,0.2
971,156.6,1,280,681,0.4111600587371512,17,35,50,0.9479708636836629,0.29136316337148804,0.29136316337148804,0.708636836628512,1012546.13,1053.6380124869925,18773.079114049782,526874.68,17.81738974065492,906038.17,106507.95999999999,8.506764846495981,1,199,199,4.8291457286432165,37,527000.8600000001,0.03850156087408949,0.5204709636290843,0.0,1975,263,119,2,2,9.9,0.08489249296984043,0.5021661662268644,0.7951202794920386,0.2
972,132.94,1,213,682,0.312316715542522,14,34,48,0.9463687150837989,0.23798882681564246,0.23798882681564246,0.7620111731843575,7347737.850000001,8209.762960893853,125389.01585243519,3046034.75,15.273159097249163,7257330.13,90407.72,80.27334535148104,0,198,199,4.49748743718593,37,4916804.060000014,0.041340782122905026,0.6691588840502813,0.0,1059,227,83,0,0,9.916666666666666,0.05663868168908587,0.580661028057801,0.8255584398678903,0.08
973,196.85,0,251,660,0.3803030303030303,16,33,48,0.9473106476399561,0.27552140504939626,0.27552140504939626,0.7244785949506037,2038405.54,2237.5472447859493,37797.67384370471,1015515.06,16.892458441618537,1908484.54,129921.0,14.689577050669254,1,199,199,4.577889447236181,36,1015843.6400000001,0.03951701427003293,0.49835207963573336,0.0,1254,234,92,1,1,10.0,0.07591204464039349,0.524869234541601,0.8064664925782707,0.2
974,192.45,1,319,701,0.4550641940085592,20,36,54,0.9470588235294117,0.3127450980392157,0.3127450980392157,0.6872549019607843,7814236.470000001,7661.016147058824,118267.92534670279,3062584.0,15.437629039864063,7679516.44,134720.03,57.003523826412454,0,199,200,5.1,38,3069347.67,0.03725490196078431,0.39278919722786426,0.0,3089,256,158,2,2,11.333333333333334,0.09780949634755863,0.4723193002691273,0.8417865862220703,0.2
975,158.61,0,405,680,0.5955882352941176,16,34,49,0.9548387096774194,0.37327188940092165,0.37327188940092165,0.6267281105990783,3037521.09,2799.558608294931,54103.54891535426,1615705.75,19.32574254921778,2929666.29,107854.8,27.163058945916177,0,199,200,5.425,37,1616419.06,0.034101382488479264,0.5321507282110756,0.0,2822,233,112,1,1,10.10204081632653,0.1393319034169339,0.3927881246150905,0.8342908262777606,0.2
976,172.01,0,325,720,0.4513888888888889,21,36,55,0.9473684210526316,0.31100478468899523,0.31100478468899523,0.6889952153110048,10584858.85,10129.05153110048,141712.94172151486,3666576.25,13.990741510831105,10461018.85,123840.0,84.4720514373385,0,199,200,5.225,39,3672941.66,0.03732057416267943,0.3469995880011192,0.0,3888,206,130,2,2,11.745454545454546,0.09672397609944826,0.4747144067214579,0.8477338570203807,0.2
977,168.13,1,310,701,0.442225392296719,23,35,57,0.9436201780415431,0.3066271018793274,0.3066271018793274,0.6933728981206726,4911171.39,4857.736290801186,71240.52775190752,1890670.87,14.665375699132037,4793475.69,117695.7,40.72770449557631,1,198,198,5.106060606060606,37,1890697.28,0.036597428288822946,0.38497888382592166,0.0,1857,207,144,1,1,13.12280701754386,0.09402017960691543,0.48076597584826064,0.8309287523721656,0.2
978,135.34,1,240,761,0.31537450722733246,16,39,55,0.945054945054945,0.23976023976023977,0.23976023976023977,0.7602397602397603,6059561.350000001,6053.507842157842,85407.46422962047,1985051.12,14.108755858020993,5956699.49,102861.86000000002,57.90970034957563,0,199,200,5.005,40,1985195.7300000002,0.03996003996003996,0.32761376861049524,0.0,3309,251,140,0,0,11.345454545454546,0.05748497256988765,0.5779644930494081,0.8219142112096357,0.08
979,191.64,0,416,740,0.5621621621621622,23,37,59,0.948961937716263,0.35986159169550175,0.35986159169550175,0.6401384083044983,6268096.74,5422.229013840831,141168.70611257313,4739561.0,26.03517958246039,6126290.54,141806.19999999998,43.20185252830977,1,199,199,5.809045226130653,39,4739852.26,0.03373702422145329,0.7561868389414806,0.0,1036,249,146,1,1,13.423728813559322,0.12950036517761998,0.4097771817866166,0.8466363619784769,0.2
980,379.89,1,877,20,43.85,24,2,26,0.9710144927536232,0.022296544035674472,0.9777034559643255,0.022296544035674472,8673887.24,9669.885440356742,128604.54809771433,2600040.75,13.299490349801895,8666665.200000001,7222.04,1200.0300746049595,0,199,200,4.485,8,2600747.21,0.008918617614269788,0.2998364099093361,0.0,186,8,160,0,0,1.8461538461538463,0.9559040478045858,0.0004971358759347713,0.7858619223033724,0.18
981,266.13,0,342,17,20.11764705882353,19,1,20,0.9442896935933147,0.04735376044568245,0.9526462395543176,0.04735376044568245,3839665.6,10695.447353760444,116779.41427641056,1655154.75,10.91860961153268,3835141.39,4524.21,847.6930535938872,0,199,200,1.795,5,1655449.09,0.013927576601671309,0.4311440793177406,0.0,67,1,132,0,0,0.95,0.9075348577369823,0.0022423786283470777,0.6625433971537104,0.18
982,349.48,0,193,23,8.391304347826088,15,1,16,0.9259259259259259,0.10648148148148148,0.8935185185185185,0.10648148148148148,9839183.28,45551.77444444444,353687.3730158566,4330056.5,7.764513618393034,9831145.24,8038.040000000001,1223.07742185906,1,198,198,1.0909090909090908,5,5453153.85,0.023148148148148147,0.5542283027783989,1.0,54,12,94,0,0,0.9375,0.798375342935528,0.011338305898491087,0.5982839807365491,0.18
983,201.82,0,504,15,33.6,22,1,23,0.9556840077071291,0.028901734104046242,0.9710982658959537,0.028901734104046242,21257562.98,40958.695529865116,486637.81061441806,9090946.0,11.881184308215703,21254535.68,3027.2999999999997,7020.954540349487,0,199,200,2.595,6,9091610.639999999,0.011560693641618497,0.4276882843322052,0.0,78,4,132,0,0,0.9565217391304348,0.9430318420261284,0.0008353102342209908,0.7772683973688612,0.18
984,363.27,1,502,23,21.82608695652174,27,3,30,0.9428571428571428,0.04380952380952381,0.9561904761904761,0.04380952380952381,6789389.06,12932.16963809524,170770.03855399982,3609313.5,13.205057104335378,6781744.8,7644.26,887.168254350323,0,199,200,2.625,6,3609344.05,0.011428571428571429,0.5316154396372154,0.0,113,9,140,0,0,2.7,0.9143002267573695,0.0019192743764172356,0.7593112221715221,0.18
985,312.97,1,611,34,17.970588235294116,32,4,36,0.9441860465116279,0.05271317829457364,0.9472868217054263,0.05271317829457364,22569447.53,34991.391519379846,331024.97262915625,5511852.5,9.460183155214601,22559396.22,10051.310000000001,2244.423485097962,0,199,200,3.225,7,5512194.630000001,0.010852713178294573,0.2442325902161771,0.0,173,11,221,0,0,3.5555555555555554,0.8973523225767682,0.0027786791659155114,0.8105426356589148,0.18
986,390.46,1,406,42,9.666666666666666,28,2,30,0.9330357142857143,0.09375,0.90625,0.09375,11160028.64,24910.778214285714,229982.45885697144,3882684.5,9.232247057022176,11143629.74,16398.899999999998,679.5351968729611,1,199,199,2.251256281407035,5,3882853.11,0.011160714285714286,0.3479250130311493,0.0,106,20,186,0,0,1.8666666666666667,0.8212890625,0.0087890625,0.7437649282150722,0.18
987,272.64,0,361,30,12.033333333333333,25,2,27,0.9309462915601023,0.07672634271099744,0.9232736572890026,0.07672634271099744,15979938.34,40869.40751918159,323183.79573749995,3664479.5,7.907719131622287,15971759.14,8179.2,1952.7287680946793,1,199,199,1.964824120603015,8,5552283.7,0.020460358056265986,0.3474533869822179,0.0,130,12,172,0,0,1.8518518518518519,0.8524342462438106,0.00588693166580543,0.7174280600711417,0.18
988,325.14,0,429,40,10.725,29,2,31,0.9339019189765458,0.08528784648187633,0.9147121535181236,0.08528784648187633,3327109.69,7094.050511727079,58162.217064018696,710346.56,8.198731735539734,3314104.0900000003,13005.599999999999,254.8213146644523,0,199,200,2.345,9,710346.56,0.019189765458422176,0.21350259720472278,0.0,134,4,217,0,0,1.8709677419354838,0.8366983237937634,0.007274016757516108,0.7263308574601597,0.18
989,264.6,0,359,38,9.447368421052632,26,2,28,0.929471032745592,0.09571788413098237,0.9042821158690176,0.09571788413098237,22568965.63,56848.77992443326,390615.8284720148,5449206.0,6.871138289884925,22558910.830000002,10054.800000000001,2243.596175955762,0,199,200,1.985,5,5449206.0,0.012594458438287154,0.24144686510384836,0.0,128,2,204,0,0,1.8571428571428572,0.8177261450805474,0.009161913342512165,0.7293828658301891,0.18
990,356.56,1,1582,51,31.019607843137255,44,3,46,0.971830985915493,0.031230863441518677,0.9687691365584813,0.031230863441518677,11145364.63,6825.085505205145,90957.72564782419,2006586.62,13.326972325614877,11127524.790000001,17839.84,623.745772944152,0,199,200,8.165,13,2009684.1,0.007960808328230252,0.1803156887833467,0.0,837,20,255,1,1,1.8695652173913044,0.9385136399482654,0.0009753668313027888,0.7928494448252278,0.18
991,320.14,1,1674,36,46.5,36,4,38,0.9777777777777777,0.021052631578947368,0.9789473684210527,0.021052631578947368,12124939.38,7090.607824561403,107197.94815746842,2745193.75,15.118301675935555,12114031.09,10908.289999999999,1110.5343816491861,0,199,200,8.55,15,2748842.52,0.008771929824561403,0.22670979489878487,0.0,603,10,222,2,2,1.7894736842105263,0.9583379501385042,0.00044321329639889097,0.7925612887317806,0.18
992,397.49,1,1286,35,36.74285714285714,38,3,41,0.9689629068887207,0.026495079485238455,0.9735049205147616,0.026495079485238455,25550638.330000002,19341.891241483725,337553.1236531167,10916434.0,17.451919227482062,25537120.76,13517.57,1889.179842234958,0,199,200,6.605,12,10917923.409999998,0.009084027252081756,0.4273053091272807,0.0,519,17,207,0,0,2.7804878048780486,0.9477118302664522,0.0007019892369291032,0.8052990158970478,0.18
993,200.2,0,1052,44,23.90909090909091,36,2,38,0.9653284671532847,0.040145985401459854,0.9598540145985401,0.040145985401459854,34821484.17,31771.42716240876,424003.7364595031,11475748.0,13.3454419372503,34812675.81,8808.36,3952.2312677955942,0,199,200,5.48,10,11477583.68,0.009124087591240875,0.32961213324411837,0.0,474,2,221,0,0,1.894736842105263,0.9213197293409345,0.001611700143854228,0.808029197080292,0.18
994,228.15,1,804,58,13.862068965517242,40,4,44,0.9489559164733179,0.06728538283062645,0.9327146171693735,0.06728538283062645,9520736.530000001,11044.937969837589,134639.86658123462,2414923.0,12.190187663246283,9507721.49,13015.039999999999,730.5180383617723,1,199,199,4.331658291457287,11,2415720.87,0.012761020881670533,0.2537325618021277,0.0,412,71,236,0,0,3.6363636363636362,0.8699565570814111,0.004527322742663961,0.7967921008832015,0.18
995,208.72,1,457,64,7.140625,32,3,35,0.9328214971209213,0.12284069097888675,0.8771593090211133,0.12284069097888675,10401882.43,19965.225393474087,222618.10862691083,4341364.0,11.150292783555384,10388729.65,13152.78,789.8504840801717,0,199,200,2.605,8,4341554.23,0.015355086372360844,0.4173815902281834,0.0,287,4,209,0,0,2.742857142857143,0.7694084534023969,0.015089835360170346,0.7821449325567125,0.18
996,225.17,1,529,55,9.618181818181819,38,7,45,0.922945205479452,0.09417808219178082,0.9058219178082192,0.09417808219178082,26258940.830000002,44963.93977739727,499826.70234684186,10916347.0,11.116167862988235,26247414.830000002,11526.0,2277.2353661287525,0,199,200,2.92,8,10916959.26,0.0136986301369863,0.4157425591030588,0.0,283,53,245,0,0,5.911111111111111,0.8205133467817602,0.008869511165321822,0.8188356164383562,0.18
997,385.88,1,685,107,6.401869158878505,53,7,59,0.9255050505050505,0.1351010101010101,0.86489898989899,0.1351010101010101,21572150.8,27237.564141414143,267701.52096115105,5403973.5,9.828394329657273,21531975.41,40175.39,535.9493812007798,0,199,200,3.96,12,6815312.41,0.015151515151515152,0.3159310572777935,0.0,962,30,317,1,1,5.288135593220339,0.748050262728293,0.018252282930313227,0.8270202020202021,0.18
998,389.72,1,824,70,11.771428571428572,57,6,63,0.9295302013422819,0.07829977628635347,0.9217002237136466,0.07829977628635347,25240795.47,28233.55197986577,315187.83085579594,6208009.0,11.16359114434366,25214273.38,26522.09,950.6895338941991,0,199,200,4.47,11,6208235.119999999,0.012304250559284116,0.24596035918831521,0.0,512,24,323,0,0,5.428571428571429,0.8495313023937862,0.006130854966492998,0.8156599552572708,0.18
999,296.08,1,945,74,12.77027027027027,63,9,70,0.9313052011776252,0.07262021589793916,0.9273797841020608,0.07262021589793916,32993765.04,32378.572168792936,297932.16040519846,5246430.5,9.201522502352681,32972969.97,20795.07,1585.6147620565835,0,199,200,5.095,11,8547038.24,0.010794896957801767,0.2590501032433854,0.0,602,48,329,2,2,6.1,0.8600332639611848,0.0052736957570632985,0.8145240431795879,0.18
